INSERT INTO "admin" VALUES
('AD0001', 'Zia', 'Ware', 'orci@google.ca', 4817922568),
('AD0002', 'Keiko', 'Morrow', 'accumsan.interdum.libero@outlook.ca', 3534442328),
('AD0003', 'Roary', 'Emerson', 'et.arcu@protonmail.edu', 5437808129),
('AD0004', 'Fredericka', 'Walls', 'facilisis.non@google.com', 7677405367),
('AD0005', 'Marshall', 'Curry', 'eget.metus@hotmail.couk', 7628876988),
('AD0006','Abram','Zoe','abram.zoe@hotmail.couk',7337706714),
('AD0007','Aarav','Wheeler','aarav.wheeler@hotmail.couk',7289178335),
('AD0008','Victoria','Shira','victoria.shira@hotmail.couk',7240649956),
('AD0009','Stefanie','Shoji','stefanie.shoji@hotmail.couk',7192121577),
('AD0010','Rozanne','Tosha','rozanne.tosha@hotmail.couk',7143593198),
('AD0011','Preston','Prudie','preston.prudie@hotmail.couk',7095064819),
('AD0012','Siouxie','Hadny','shadny0@businesswire.com',9232047772),
('AD0013','Roxanne','Everingham','reveringham1@twitter.com',6145562668),
('AD0014','Franni','Tender','ftender2@geocities.com',1279033681),
('AD0015','Kele','Verralls','kverralls3@samsung.com',3389342032),
('AD0016','Cherlyn','Reeve','creeve4@cyberchimps.com',3498711163),
('AD0017','Thebault','Tellwright','ttellwright5@ted.com',6132105570),
('AD0018','Adrian','Rickards','arickards6@europa.eu',2934861962),
('AD0019','Mariya','Swalwel','mswalwel7@google.com.br',8532843422),
('AD0020','Briney','Fairweather','bfairweather8@merriam-webster.com',8569136267),
('AD0021','Fleming','Lecount','flecount9@yahoo.com',3544351681),
('AD0022','Merrick','Boissier','mboissiera@timesonline.co.uk',8768920360),
('AD0023','Gordy','Cursey','gcurseyb@youtube.com',6913735261),
('AD0024','Colas','Pickett','cpickettc@seattletimes.com',3766900748),
('AD0025','Carolyn','Deboo','cdebood@cloudflare.com',6734705469),
('AD0026','Geri','Nurcombe','gnurcombee@github.io',6693724982),
('AD0027','Dewie','MacArte','dmacartef@netvibes.com',2156224656),
('AD0028','Joli','Abramof','jabramofg@merriam-webster.com',6736159245),
('AD0029','Dorris','Spearett','dspearetth@globo.com',5402953928),
('AD0030','Catherina','Cutford','ccutfordi@zdnet.com',7957748261),
('AD0031','Sarette','Chedzoy','schedzoyj@intel.com',1377247841),
('AD0032','Rusty','Aldrick','raldrickk@msu.edu',1283748044),
('AD0033','De','Hunnicutt','dhunnicuttl@comcast.net',1044315891),
('AD0034','Tine','Warden','twardenm@theglobeandmail.com',7523130302),
('AD0035','Sammy','Paradyce','sparadycen@google.ru',1557422042),
('AD0036','Innis','Tesoe','itesoeo@google.nl',1865638779),
('AD0037','Marian','Becks','mbecksp@shareasale.com',1161531542),
('AD0038','Reeta','Feldmark','rfeldmarkq@dell.com',8014979174),
('AD0039','Zackariah','Maas','zmaasr@xinhuanet.com',8417671155),
('AD0040','Joel','Gilberthorpe','jgilberthorpes@cbslocal.com',3777942022),
('AD0041','Tracy','Curtin','tcurtint@engadget.com',3689453205),
('AD0042','Dwayne','Attenborrow','dattenborrowu@msu.edu',7802452560),
('AD0043','Lina','Korejs','lkorejsv@mit.edu',7436321802),
('AD0044','Wayland','Dunford','wdunfordw@google.fr',6951939048),
('AD0045','Merci','Shovelin','mshovelinx@paginegialle.it',1703482792),
('AD0046','Barrett','Boldt','bboldty@unicef.org',9154341589),
('AD0047','Rivy','Maidstone','rmaidstonez@deliciousdays.com',6014848606),
('AD0048','Lula','Arstall','larstall10@howstuffworks.com',9557489051),
('AD0049','Tamra','Naris','tnaris11@desdev.cn',5105856117),
('AD0050','Hayes','Antonias','hantonias12@barnesandnoble.com',6064611309),
('AD0051','Montgomery','Kopke','mkopke13@imdb.com',6049438937),
('AD0052','Hilario','Asken','hasken14@npr.org',5206713225),
('AD0053','Vilhelmina','Winsper','vwinsper15@noaa.gov',4666260520),
('AD0054','Darill','Franke','dfranke16@networksolutions.com',8194884525),
('AD0055','Jeanette','O''Dowgaine','jodowgaine17@nbcnews.com',3663706388),
('AD0056','Sharona','Lundbeck','slundbeck18@vkontakte.ru',4792586732),
('AD0057','Becki','Challoner','bchalloner19@github.io',6466459111),
('AD0058','Anson','Balling','aballing1a@acquirethisname.com',7309416657),
('AD0059','Gram','Karpeev','gkarpeev1b@phoca.cz',9323967079),
('AD0060','Sonja','Cannan','scannan1c@bing.com',5733832241),
('AD0061','Fanni','Hollingshead','fhollingshead1d@hc360.com',2225877151),
('AD0062','Winfield','Hawkridge','whawkridge1e@ucla.edu',4626560679),
('AD0063','Lionel','Butting','lbutting1f@noaa.gov',2959306069),
('AD0064','Ricky','Critchell','rcritchell1g@nationalgeographic.com',6809878503),
('AD0065','Rolfe','McInally','rmcinally1h@nih.gov',6228241737),
('AD0066','Bronson','Cawtheray','bcawtheray1i@go.com',4926680515),
('AD0067','Wheeler','Chalcraft','wchalcraft1j@devhub.com',8997953539),
('AD0068','Ashley','Niblock','aniblock1k@lycos.com',9827526382),
('AD0069','Netti','Brandt','nbrandt1l@cpanel.net',9775318880),
('AD0070','Charin','Fuentes','cfuentes1m@google.nl',4861549545),
('AD0071','Brendon','Moisey','bmoisey1n@hc360.com',5195655913),
('AD0072','Bertrando','Fishleigh','bfishleigh1o@nsw.gov.au',1317294875),
('AD0073','Lonny','Leemans','lleemans1p@mayoclinic.com',4568514985),
('AD0074','Maxy','Pipet','mpipet1q@microsoft.com',4242677708),
('AD0075','Vin','Davidi','vdavidi1r@booking.com',5252739053),
('AD0076','Clement','Cyseley','ccyseley1s@wiley.com',8534630416),
('AD0077','Alisun','Hulburt','ahulburt1t@ask.com',6599843153),
('AD0078','Chiquita','Fierro','cfierro1u@salon.com',3193585287),
('AD0079','Sylvia','Lanahan','slanahan1v@yahoo.com',3151413929),
('AD0080','Gilli','Rieflin','grieflin1w@com.com',6506772459),
('AD0081','Darill','Tottman','dtottman1x@meetup.com',3668537613),
('AD0082','Elsey','Yanshinov','eyanshinov1y@typepad.com',9322894199),
('AD0083','Rozella','Greggs','rgreggs1z@patch.com',2511295218),
('AD0084','Marcie','Le Borgne','mleborgne20@marriott.com',3947973526),
('AD0085','Adrian','Morrel','amorrel21@eepurl.com',3373218658),
('AD0086','Kev','Pavelin','kpavelin22@craigslist.org',3003995097),
('AD0087','Nancie','Twiggs','ntwiggs23@nymag.com',3319559897),
('AD0088','Keith','Silverthorne','ksilverthorne24@goo.gl',4567926148),
('AD0089','Ema','Dallimare','edallimare25@mashable.com',4407948084),
('AD0090','Brietta','De Lisle','bdelisle26@weather.com',5483819378),
('AD0091','Stanislaus','Soigoux','ssoigoux27@webs.com',7751807004),
('AD0092','Trude','Jerrom','tjerrom28@scientificamerican.com',2236571747),
('AD0093','Rhianna','Blurton','rblurton29@independent.co.uk',9157245599),
('AD0094','Billye','Endle','bendle2a@newsvine.com',1762892938),
('AD0095','Alvin','Langlois','alanglois2b@vk.com',2203143859),
('AD0096','Harper','Balas','hbalas2c@auda.org.au',1061787288),
('AD0097','Terencio','Dallinder','tdallinder2d@parallels.com',1305368528),
('AD0098','Chester','Thody','cthody2e@yelp.com',1135028324),
('AD0099','Dennis','Bartomieu','dbartomieu2f@liveinternet.ru',7753350253),
('AD0100','Kristien','Fitzpatrick','kfitzpatrick2g@columbia.edu',6195338309),
('AD0101','Margot','Hallex','mhallex2h@goo.ne.jp',4149332865),
('AD0102','Tarra','Grigg','tgrigg2i@dyndns.org',1258784224),
('AD0103','Annabelle','Sacker','asacker2j@sciencedirect.com',9643903808),
('AD0104','Elvira','Hegarty','ehegarty2k@domainmarket.com',7063025055),
('AD0105','Luisa','Semeniuk','lsemeniuk2l@newsvine.com',7092779265),
('AD0106','Nadeen','Donisi','ndonisi2m@cnet.com',7972403589),
('AD0107','Bessie','Sander','bsander2n@nifty.com',2424407360),
('AD0108','Tawnya','Pashenkov','tpashenkov2o@behance.net',3471190975),
('AD0109','Bryon','Thorley','bthorley2p@cdc.gov',8239853247),
('AD0110','Donall','Parnell','dparnell2q@zdnet.com',7033506208),
('AD0111','Victoir','Effnert','veffnert2r@istockphoto.com',7791611514),
('AD0112','Harvey','Amaya','hamaya2s@sogou.com',2802959399),
('AD0113','Elane','McClymont','emcclymont2t@patch.com',1293857554),
('AD0114','Bronnie','Rodnight','brodnight2u@nyu.edu',8163460094),
('AD0115','Daryn','Di Ruggero','ddiruggero2v@gmpg.org',1151610149),
('AD0116','Diena','Farman','dfarman2w@wix.com',8135367457),
('AD0117','Patsy','Haddy','phaddy2x@bing.com',6704001303),
('AD0118','Karlotte','Jacobi','kjacobi2y@soup.io',2596270378),
('AD0119','Kerrin','Andreolli','kandreolli2z@shareasale.com',9019587768),
('AD0120','Sunny','MacDougall','smacdougall30@dailymotion.com',1619937633),
('AD0121','Vale','Bartusek','vbartusek31@dot.gov',6652167164),
('AD0122','Corissa','Culy','cculy32@de.vu',1656015771),
('AD0123','Julie','Tambling','jtambling33@home.pl',7262498661),
('AD0124','Jeanine','Sotworth','jsotworth34@latimes.com',7556545466),
('AD0125','Morrie','Haggard','mhaggard35@vk.com',3454386123),
('AD0126','Chad','Faithorn','cfaithorn36@mail.ru',2542103185),
('AD0127','Inigo','Jurkiewicz','ijurkiewicz37@businessinsider.com',5232322080),
('AD0128','Elspeth','Oliveti','eoliveti38@bbb.org',3415433674),
('AD0129','Temp','Topley','ttopley39@ask.com',8056394042),
('AD0130','Clair','Gauntley','cgauntley3a@fc2.com',7635304801),
('AD0131','Roderick','Beldham','rbeldham3b@cornell.edu',9129248695),
('AD0132','Jephthah','Le-Good','jlegood3c@harvard.edu',4465783057),
('AD0133','Karlotta','Shipsey','kshipsey3d@loc.gov',3033501771),
('AD0134','Phylis','Gritten','pgritten3e@mlb.com',5714125170),
('AD0135','Edin','Draude','edraude3f@example.com',4997197096),
('AD0136','Burgess','Eby','beby3g@ehow.com',2564624100),
('AD0137','Siusan','Hann','shann3h@last.fm',4088502506),
('AD0138','Emmie','Ximenez','eximenez3i@baidu.com',8219712114),
('AD0139','Franky','Zorzutti','fzorzutti3j@wiley.com',1309677709),
('AD0140','Melva','Cocklin','mcocklin3k@elegantthemes.com',5917122487),
('AD0141','Gabbey','Bassill','gbassill3l@paypal.com',4416204508),
('AD0142','Alena','Davidson','adavidson3m@globo.com',3006571793),
('AD0143','Jay','Sall','jsall3n@seattletimes.com',8272063647),
('AD0144','Clarissa','Austin','caustin3o@umich.edu',5693138907),
('AD0145','Broderic','Curgenuer','bcurgenuer3p@jimdo.com',8636147745),
('AD0146','Nedda','Standing','nstanding3q@de.vu',6689284215),
('AD0147','Masha','Eatttok','meatttok3r@goodreads.com',2528999358),
('AD0148','Reece','Skipper','rskipper3s@sphinn.com',4371967465),
('AD0149','Christine','Albrecht','calbrecht3t@cdc.gov',5595087723),
('AD0150','Willdon','Tumulty','wtumulty3u@disqus.com',1513954203),
('AD0151','Inglis','Kezor','ikezor3v@etsy.com',5003229521),
('AD0152','Taffy','Offord','tofford3w@devhub.com',5836019043),
('AD0153','Ranna','Timlin','rtimlin3x@github.io',3279972716),
('AD0154','Ancell','Bartels','abartels3y@bloglovin.com',5293559595),
('AD0155','Jordan','Snasdell','jsnasdell3z@cpanel.net',4646015088),
('AD0156','Vita','Heyfield','vheyfield40@topsy.com',1975814726),
('AD0157','Amye','Gowman','agowman41@usnews.com',3561125909),
('AD0158','Bryn','Lorain','blorain42@chron.com',9527690469),
('AD0159','Teddi','Montilla','tmontilla43@feedburner.com',6765901361),
('AD0160','Lucian','Simpole','lsimpole44@imdb.com',6826452919),
('AD0161','Lenora','Ridgway','lridgway45@ucoz.ru',6464113153),
('AD0162','Elinor','Azam','eazam46@dyndns.org',6193502413),
('AD0163','Goddart','Garrioch','ggarrioch47@imageshack.us',6447528527),
('AD0164','Chris','Acreman','cacreman48@patch.com',6278004766),
('AD0165','Griselda','Torra','gtorra49@xinhuanet.com',2624244378),
('AD0166','Odelia','Pomphrett','opomphrett4a@diigo.com',5019398498),
('AD0167','Benny','Glading','bglading4b@fc2.com',2805140715),
('AD0168','Zeke','McKeighan','zmckeighan4c@bloglines.com',6162560755),
('AD0169','Maddi','Pinwell','mpinwell4d@zimbio.com',1149330240),
('AD0170','Pauletta','Davidovits','pdavidovits4e@spotify.com',5308319596),
('AD0171','Kaia','Collimore','kcollimore4f@scribd.com',4451436485),
('AD0172','Joanna','Scowen','jscowen4g@constantcontact.com',2367954531),
('AD0173','Justinian','Trenbay','jtrenbay4h@google.ru',1625770485),
('AD0174','Laryssa','Nunns','lnunns4i@csmonitor.com',5704785177),
('AD0175','Emelyne','Aldridge','ealdridge4j@mozilla.com',1486711260),
('AD0176','Brent','Dinnies','bdinnies4k@paginegialle.it',9965728518),
('AD0177','Dallas','Ketchell','dketchell4l@salon.com',6622661932),
('AD0178','Alf','Mushrow','amushrow4m@skype.com',9363177984),
('AD0179','Seana','Tregaskis','stregaskis4n@freewebs.com',1429552327),
('AD0180','Sandor','Schaffler','sschaffler4o@weibo.com',5796949416),
('AD0181','Vittorio','Sickling','vsickling4p@posterous.com',9298384717),
('AD0182','Seth','Pinnegar','spinnegar4q@wunderground.com',9867817561),
('AD0183','Felix','Grime','fgrime4r@issuu.com',8505717557),
('AD0184','Tucker','Bish','tbish4s@mashable.com',6431447902),
('AD0185','Olivier','Ansteys','oansteys4t@wikia.com',6855265631),
('AD0186','Lebbie','Fatharly','lfatharly4u@artisteer.com',4154728303),
('AD0187','Alikee','Yegorovnin','ayegorovnin4v@netvibes.com',6099093927),
('AD0188','Noe','Ponte','nponte4w@bizjournals.com',1257632146),
('AD0189','Pernell','Beamond','pbeamond4x@friendfeed.com',2191584134),
('AD0190','Marven','Thews','mthews4y@ifeng.com',9017061331),
('AD0191','Joey','Ketteman','jketteman4z@over-blog.com',8111489114),
('AD0192','Launce','Blastock','lblastock50@boston.com',9416357700),
('AD0193','Kizzie','Denkel','kdenkel51@go.com',1243752509),
('AD0194','Burr','Widdecombe','bwiddecombe52@cornell.edu',8629806861),
('AD0195','Rudy','O'' Loughran','roloughran53@buzzfeed.com',9974299452),
('AD0196','Haleigh','Livett','hlivett54@nyu.edu',1565489761),
('AD0197','Gale','Zorn','gzorn55@tripod.com',7163144228),
('AD0198','Gwenora','Trahair','gtrahair56@buzzfeed.com',2825896793),
('AD0199','Kareem','Tower','ktower57@rediff.com',6778825402),
('AD0200','Lyn','Carlton','lcarlton58@apple.com',7691358229),
('AD0201','Leif','Semiraz','lsemiraz59@globo.com',1321135476),
('AD0202','Genia','Pedrozzi','gpedrozzi5a@unblog.fr',8201864264),
('AD0203','Rubetta','Kinsella','rkinsella5b@imgur.com',7115440217),
('AD0204','Emerson','Boydell','eboydell5c@microsoft.com',3806836926),
('AD0205','Lindsey','Blackeby','lblackeby5d@statcounter.com',6731230580),
('AD0206','Bertina','Clemett','bclemett5e@nifty.com',5192195186),
('AD0207','Bartlet','Richemont','brichemont5f@gizmodo.com',2548317953),
('AD0208','Almeria','Strevens','astrevens5g@jigsy.com',4712201797),
('AD0209','Arlana','Panchen','apanchen5h@sakura.ne.jp',6343680890),
('AD0210','Hebert','Ebenezer','hebenezer5i@stumbleupon.com',6852577518),
('AD0211','Hester','Mew','hmew5j@stanford.edu',6981871957),
('AD0212','Heidie','Valentine','hvalentine5k@dailymail.co.uk',7739361495),
('AD0213','Ilka','Bosley','ibosley5l@mayoclinic.com',4133056063),
('AD0214','Ryun','Mepsted','rmepsted5m@flavors.me',3597028073),
('AD0215','Dennis','Hodgin','dhodgin5n@cafepress.com',3124830901),
('AD0216','Teddie','Welden','twelden5o@slate.com',5094897703),
('AD0217','Augustus','McGinley','amcginley5p@wordpress.org',3299444044),
('AD0218','Kiersten','Leband','kleband5q@so-net.ne.jp',3307294479),
('AD0219','Terence','Dugmore','tdugmore5r@ocn.ne.jp',2423833897),
('AD0220','Celestia','Tellesson','ctellesson5s@washingtonpost.com',2021917066),
('AD0221','Zachery','Blencowe','zblencowe5t@uiuc.edu',3367170478),
('AD0222','Carlita','Fairhead','cfairhead5u@acquirethisname.com',1778370807),
('AD0223','Lorain','Braunstein','lbraunstein5v@networksolutions.com',8391394300),
('AD0224','Kandy','Chorlton','kchorlton5w@ustream.tv',5792579169),
('AD0225','Gerek','Keld','gkeld5x@usgs.gov',6181249294),
('AD0226','Thom','Dignum','tdignum5y@cbsnews.com',9119518103),
('AD0227','Brok','Howis','bhowis5z@dropbox.com',6791278215),
('AD0228','Maryanna','Hitzke','mhitzke60@japanpost.jp',7281817648),
('AD0229','Clara','Beverstock','cbeverstock61@aol.com',8227587661),
('AD0230','Bevan','Towriss','btowriss62@webs.com',4562142917),
('AD0231','Danny','Ruprich','druprich63@princeton.edu',5567298850),
('AD0232','Leonardo','Phidgin','lphidgin64@japanpost.jp',4393902867),
('AD0233','Aubrette','Ambrosio','aambrosio65@wordpress.com',3513668502),
('AD0234','Kelsi','Pryell','kpryell66@cbc.ca',2238569521),
('AD0235','Tamra','Birdwistle','tbirdwistle67@google.co.uk',8015223443),
('AD0236','Erin','Kubiczek','ekubiczek68@dailymotion.com',3447572442),
('AD0237','Rochelle','Longland','rlongland69@1und1.de',8288700322),
('AD0238','Farra','Malacrida','fmalacrida6a@wix.com',1179976807),
('AD0239','Mabel','Grigaut','mgrigaut6b@reuters.com',3516559799),
('AD0240','Ginny','Coushe','gcoushe6c@wp.com',2485051120),
('AD0241','Carver','Barefoot','cbarefoot6d@techcrunch.com',1507914727),
('AD0242','Sonny','Cortese','scortese6e@nyu.edu',6617155589),
('AD0243','Missy','Dugall','mdugall6f@bigcartel.com',5728528662),
('AD0244','Theodor','Willgoose','twillgoose6g@ucoz.com',1957772420),
('AD0245','Rhys','Leafe','rleafe6h@opera.com',1094195269),
('AD0246','Tarrance','Trorey','ttrorey6i@nifty.com',5572556029),
('AD0247','Shelba','Goare','sgoare6j@reverbnation.com',7078857996),
('AD0248','Leanna','Minards','lminards6k@wiley.com',1948149157),
('AD0249','Phylis','Cardow','pcardow6l@cocolog-nifty.com',5996899475),
('AD0250','Marylou','Franses','mfranses6m@sciencedirect.com',4335884002),
('AD0251','Richart','Coules','rcoules6n@addthis.com',4788189407),
('AD0252','Ginnifer','Choupin','gchoupin6o@privacy.gov.au',9551131034),
('AD0253','Rafa','Smythe','rsmythe6p@disqus.com',1802369739),
('AD0254','Farley','Bavester','fbavester6q@amazon.co.uk',2667208194),
('AD0255','Mal','Blewett','mblewett6r@go.com',9169586022),
('AD0256','Ceciley','Ward','cward6s@etsy.com',4787928072),
('AD0257','Mark','Carnow','mcarnow6t@is.gd',6816843609),
('AD0258','Christiane','Khilkov','ckhilkov6u@sina.com.cn',3077190932),
('AD0259','Neal','John','njohn6v@sun.com',8894788670),
('AD0260','Tamarra','Kinworthy','tkinworthy6w@posterous.com',6725060201),
('AD0261','Klaus','Liven','kliven6x@loc.gov',3552938856),
('AD0262','Park','Makinson','pmakinson6y@mail.ru',3009575923),
('AD0263','Siouxie','Bellworthy','sbellworthy6z@mapquest.com',6502878188),
('AD0264','Vera','Grebner','vgrebner70@cyberchimps.com',5017404609),
('AD0265','Katrina','Hambelton','khambelton71@biglobe.ne.jp',5271437964),
('AD0266','Leena','Streight','lstreight72@instagram.com',3822057269),
('AD0267','Brittan','Rippingale','brippingale73@cbc.ca',1282705279),
('AD0268','Byram','Coope','bcoope74@tumblr.com',5704671077),
('AD0269','Audrye','Dominici','adominici75@yale.edu',2802763611),
('AD0270','Jaime','Jeggo','jjeggo76@answers.com',8107215888),
('AD0271','Justinn','Tackell','jtackell77@youku.com',2069919663),
('AD0272','Janella','Lynn','jlynn78@cbc.ca',9685801327),
('AD0273','Tova','Powlesland','tpowlesland79@google.com.au',5485256958),
('AD0274','Clemmie','Lomond','clomond7a@com.com',9491315049),
('AD0275','Burton','Skydall','bskydall7b@japanpost.jp',5224398365),
('AD0276','Konstantine','Sharma','ksharma7c@hostgator.com',6028122201),
('AD0277','Filide','Parradye','fparradye7d@discovery.com',3283217882),
('AD0278','Tibold','Kinloch','tkinloch7e@samsung.com',5047476498),
('AD0279','Isa','MacFadden','imacfadden7f@earthlink.net',5419277438),
('AD0280','Frederick','Andrysiak','fandrysiak7g@abc.net.au',5974804425),
('AD0281','Hillary','Shillabeare','hshillabeare7h@fc2.com',2651879182),
('AD0282','Birch','Barens','bbarens7i@mediafire.com',7269468359),
('AD0283','Stacy','Winspar','swinspar7j@accuweather.com',7286117559),
('AD0284','Charmane','Potticary','cpotticary7k@si.edu',4838764652),
('AD0285','Gretta','Labbett','glabbett7l@nyu.edu',9658139208),
('AD0286','Elmo','Lantry','elantry7m@pagesperso-orange.fr',1852135056),
('AD0287','Mercie','Carpenter','mcarpenter7n@hhs.gov',8271949636),
('AD0288','Yvette','Reckhouse','yreckhouse7o@amazon.co.jp',9794740362),
('AD0289','Andra','Lies','alies7p@archive.org',1486523173),
('AD0290','Moss','Axtonne','maxtonne7q@usda.gov',6193481013),
('AD0291','Evey','Fludgate','efludgate7r@last.fm',6137087482),
('AD0292','Elbertine','Dixon','edixon7s@prnewswire.com',1881930561),
('AD0293','Pen','Fullick','pfullick7t@businessweek.com',3329868639),
('AD0294','Annemarie','Gebuhr','agebuhr7u@ebay.co.uk',5431611697),
('AD0295','Gerrie','Minguet','gminguet7v@tripod.com',4582434188),
('AD0296','Celestyn','Duplock','cduplock7w@hugedomains.com',5272903947),
('AD0297','Joye','Hugnot','jhugnot7x@sina.com.cn',2951672958),
('AD0298','Harriot','Chastenet','hchastenet7y@printfriendly.com',7912200981),
('AD0299','Morgen','Coils','mcoils7z@taobao.com',8928060963),
('AD0300','Luciana','Pinchback','lpinchback80@bigcartel.com',3372842434),
('AD0301','Adrianna','Millett','amillett81@reddit.com',3857403918),
('AD0302','Geralda','Doniso','gdoniso82@github.com',6446799876),
('AD0303','Ezri','O''Mullally','eomullally83@usgs.gov',5182264678),
('AD0304','Carlyn','Glendinning','cglendinning84@cornell.edu',6001883421),
('AD0305','Minne','Duddle','mduddle85@t-online.de',6402010382),
('AD0306','Cosette','Sumshon','csumshon86@springer.com',2583726113),
('AD0307','Tristam','Arnowitz','tarnowitz87@pagesperso-orange.fr',7368567674),
('AD0308','Gavin','Boughey','gboughey88@utexas.edu',7445098715),
('AD0309','Chelsey','Lantiff','clantiff89@google.es',6904980831),
('AD0310','Crystal','Pencost','cpencost8a@mediafire.com',6586057840),
('AD0311','Eddy','Gilyott','egilyott8b@dailymotion.com',8422261467),
('AD0312','Tessa','Wheaton','twheaton8c@bizjournals.com',5623073087),
('AD0313','Lorelei','Dismore','ldismore8d@pagesperso-orange.fr',9244860184),
('AD0314','Doloritas','Grubb','dgrubb8e@telegraph.co.uk',3382115412),
('AD0315','Gerard','Oliva','goliva8f@furl.net',7824886709),
('AD0316','Jeanelle','Scorah','jscorah8g@mac.com',8374226806),
('AD0317','Jo','Soppett','jsoppett8h@wisc.edu',1241335327),
('AD0318','Tresa','Vyvyan','tvyvyan8i@com.com',6689377750),
('AD0319','Roland','Tarrant','rtarrant8j@xrea.com',4558590273),
('AD0320','Daisie','Plummer','dplummer8k@123-reg.co.uk',9419193267),
('AD0321','Mile','Billyeald','mbillyeald8l@nationalgeographic.com',4389099327),
('AD0322','Rosalinde','Winterburn','rwinterburn8m@comsenz.com',7007424067),
('AD0323','Alessandro','Juza','ajuza8n@hud.gov',6747778815),
('AD0324','Carlita','Duly','cduly8o@ustream.tv',4551551894),
('AD0325','Emma','Gorger','egorger8p@xrea.com',5298699040),
('AD0326','Sophi','Muress','smuress8q@odnoklassniki.ru',1198807018),
('AD0327','Madelaine','Thies','mthies8r@google.nl',8023048750),
('AD0328','Alvie','De Meyer','ademeyer8s@senate.gov',8582511751),
('AD0329','Vincenz','Campes','vcampes8t@booking.com',8705134041),
('AD0330','Joey','Plumbridge','jplumbridge8u@hexun.com',4273935764),
('AD0331','Irvin','Edgeson','iedgeson8v@china.com.cn',4338271542),
('AD0332','Adi','Arthars','aarthars8w@tumblr.com',8627275222),
('AD0333','Clari','Schreurs','cschreurs8x@dagondesign.com',9958686830),
('AD0334','Rubina','Baldassi','rbaldassi8y@alexa.com',8737351539),
('AD0335','Salomo','Bramhill','sbramhill8z@example.com',4305632913),
('AD0336','Constantia','Gittens','cgittens90@cnbc.com',9828085610),
('AD0337','Philis','Ledington','pledington91@phoca.cz',1424220999),
('AD0338','Abagail','Andrzej','aandrzej92@dailymail.co.uk',9694128788),
('AD0339','Delora','Loveridge','dloveridge93@loc.gov',2717121890),
('AD0340','Francine','Fernyhough','ffernyhough94@scientificamerican.com',1305178783),
('AD0341','Giorgio','Wainscoat','gwainscoat95@berkeley.edu',5801176833),
('AD0342','Tera','Vasey','tvasey96@home.pl',7502969652),
('AD0343','Sherri','Wayman','swayman97@jugem.jp',7376746014),
('AD0344','Berkley','Itzkov','bitzkov98@behance.net',7502672765),
('AD0345','Hamlen','Towll','htowll99@shutterfly.com',8384601596),
('AD0346','Constantino','Tossell','ctossell9a@techcrunch.com',9059018337),
('AD0347','Cooper','Ponder','cponder9b@businessinsider.com',8842758627),
('AD0348','Merle','Kingstne','mkingstne9c@tinyurl.com',5323255169),
('AD0349','Fianna','Mankor','fmankor9d@tripadvisor.com',5749825691),
('AD0350','Hilliard','Whysall','hwhysall9e@whitehouse.gov',3616999837),
('AD0351','Julissa','Guinness','jguinness9f@samsung.com',7148190859),
('AD0352','Oliver','Kensington','okensington9g@cnn.com',3745066356),
('AD0353','Claudetta','Kees','ckees9h@thetimes.co.uk',8592372893),
('AD0354','Juan','Eaddy','jeaddy9i@alexa.com',6989590684),
('AD0355','Wandis','Browne','wbrowne9j@nbcnews.com',3919648216),
('AD0356','Clarette','Pawelczyk','cpawelczyk9k@shop-pro.jp',6142790236),
('AD0357','Bobbie','Tregunnah','btregunnah9l@google.nl',2466290006),
('AD0358','Dorette','Slimming','dslimming9m@discovery.com',4317994452),
('AD0359','Doug','Widdowes','dwiddowes9n@behance.net',4336497688),
('AD0360','Ragnar','Roe','rroe9o@usatoday.com',3862141352),
('AD0361','Lorinda','Daintree','ldaintree9p@unblog.fr',4735858673),
('AD0362','Ruthi','Flode','rflode9q@ihg.com',4251546307),
('AD0363','Gorden','Jaquemar','gjaquemar9r@is.gd',9686194266),
('AD0364','Janenna','Guwer','jguwer9s@seesaa.net',9111051530),
('AD0365','Edwin','Giacobelli','egiacobelli9t@usa.gov',5243843526),
('AD0366','Sydney','Deackes','sdeackes9u@bandcamp.com',9049531657),
('AD0367','Oralee','Lehrle','olehrle9v@twitpic.com',6008722101),
('AD0368','Nealon','Drillingcourt','ndrillingcourt9w@nationalgeographic.com',2988247343),
('AD0369','Nettie','Burrass','nburrass9x@artisteer.com',6765970670),
('AD0370','Yelena','Prior','yprior9y@chicagotribune.com',1472488626),
('AD0371','Darill','Missington','dmissington9z@bbc.co.uk',4868241318),
('AD0372','Audrey','Rohlfs','arohlfsa0@theglobeandmail.com',6926984390),
('AD0373','Jordan','Drinkale','jdrinkalea1@hp.com',7335602826),
('AD0374','Tirrell','Vater','tvatera2@rakuten.co.jp',8071303724),
('AD0375','Janek','Caffrey','jcaffreya3@archive.org',7843878153),
('AD0376','Leone','Birdseye','lbirdseyea4@acquirethisname.com',5308098744),
('AD0377','Marlo','Gervaise','mgervaisea5@archive.org',4091125018),
('AD0378','Walther','Mohun','wmohuna6@wp.com',7144205466),
('AD0379','Josselyn','de Keyser','jdekeysera7@pagesperso-orange.fr',1491656316),
('AD0380','Joelle','Farnin','jfarnina8@google.es',8798901921),
('AD0381','Niko','Dreus','ndreusa9@guardian.co.uk',6355388656),
('AD0382','Reuven','Sissens','rsissensaa@technorati.com',5017900454),
('AD0383','Beniamino','Mergue','bmergueab@forbes.com',7865365153),
('AD0384','Sigfrid','Usher','susherac@disqus.com',8165241874),
('AD0385','Alva','Simoncini','asimonciniad@bravesites.com',9267172035),
('AD0386','Jemimah','Roseborough','jroseboroughae@hp.com',4853022633),
('AD0387','Skyler','Nicholson','snicholsonaf@biblegateway.com',4291448616),
('AD0388','Ruthe','Duling','rdulingag@cdc.gov',5487655106),
('AD0389','Cori','Hamerton','chamertonah@go.com',9726210832),
('AD0390','Lisbeth','Crump','lcrumpai@webeden.co.uk',1223562752),
('AD0391','Sophey','Petrolli','spetrolliaj@yale.edu',7823121884),
('AD0392','Fedora','Feldhammer','ffeldhammerak@webmd.com',6951388049),
('AD0393','Wakefield','Boyfield','wboyfieldal@opensource.org',8038612992),
('AD0394','Sherrie','Reedick','sreedickam@census.gov',2196044212),
('AD0395','Madlen','Lewnden','mlewndenan@umn.edu',4231120641),
('AD0396','Minette','Reames','mreamesao@newyorker.com',6635246486),
('AD0397','Ferdinanda','Poletto','fpolettoap@google.co.uk',4027605057),
('AD0398','Daisie','Eccleston','decclestonaq@time.com',4718675096),
('AD0399','Luise','Sherwen','lsherwenar@latimes.com',1079594880),
('AD0400','Thornie','Thatcher','tthatcheras@tuttocitta.it',1128000251),
('AD0401','Wolfy','Sheldrick','wsheldrickat@goodreads.com',2199296458),
('AD0402','Milo','Kleanthous','mkleanthousau@example.com',1452377448),
('AD0403','Ronni','Polland','rpollandav@google.co.uk',9246603337),
('AD0404','Armstrong','Goldine','agoldineaw@newyorker.com',2715748039),
('AD0405','Evvie','Kinsman','ekinsmanax@typepad.com',9395791836),
('AD0406','Alberik','Coole','acooleay@columbia.edu',6438393855),
('AD0407','Terza','Titcombe','ttitcombeaz@answers.com',3248196682),
('AD0408','Bibbie','Worrell','bworrellb0@globo.com',7277974959),
('AD0409','Tremaine','Diamond','tdiamondb1@forbes.com',2489539354),
('AD0410','Bernhard','Bullivent','bbulliventb2@umich.edu',7387673505),
('AD0411','Abie','Thomel','athomelb3@bloglines.com',4831651447),
('AD0412','Corinna','Serjeantson','cserjeantsonb4@bizjournals.com',7864597711),
('AD0413','Darelle','Letteresse','dletteresseb5@wordpress.com',3854449669),
('AD0414','Eleanor','Ebsworth','eebsworthb6@oaic.gov.au',7944058024),
('AD0415','Estella','McClean','emccleanb7@ycombinator.com',2438405007),
('AD0416','Sioux','Sexti','ssextib8@amazonaws.com',6286050245),
('AD0417','Anastasie','Purcell','apurcellb9@deliciousdays.com',1838612799),
('AD0418','Webster','Hullot','whullotba@jigsy.com',1818042181),
('AD0419','Shawn','Semble','ssemblebb@java.com',5168694450),
('AD0420','Tessy','Udey','tudeybc@fotki.com',6794414917),
('AD0421','Currey','Cricket','ccricketbd@github.io',3521112095),
('AD0422','Greta','Hagger','ghaggerbe@usgs.gov',6131167551),
('AD0423','Hilary','Folliott','hfolliottbf@google.it',1101191220),
('AD0424','Emlyn','Keast','ekeastbg@dmoz.org',4433670965),
('AD0425','Almeria','Maffini','amaffinibh@sina.com.cn',9076196948),
('AD0426','Earvin','Sygroves','esygrovesbi@people.com.cn',3281709985),
('AD0427','Walden','Habishaw','whabishawbj@timesonline.co.uk',2607662219),
('AD0428','Moina','Winward','mwinwardbk@admin.ch',4436419587),
('AD0429','Burty','Bothbie','bbothbiebl@dot.gov',8253937458),
('AD0430','Michel','Edeson','medesonbm@is.gd',8973645841),
('AD0431','Willdon','Corris','wcorrisbn@g.co',6316014225),
('AD0432','Sawyere','Hairon','shaironbo@state.gov',6357937967),
('AD0433','Gale','Cogle','gcoglebp@soup.io',1086194864),
('AD0434','Marcos','Royds','mroydsbq@macromedia.com',3626409350),
('AD0435','Thayne','Mingo','tmingobr@diigo.com',9809496743),
('AD0436','Harrison','Marquess','hmarquessbs@umn.edu',3992288033),
('AD0437','Lindsey','Tibb','ltibbbt@4shared.com',9033216349),
('AD0438','Guthry','Creavan','gcreavanbu@mapquest.com',8311027552),
('AD0439','Darrick','Rothschild','drothschildbv@pcworld.com',1673321264),
('AD0440','Farlee','Orrin','forrinbw@blogtalkradio.com',7701010619),
('AD0441','Ynez','Shah','yshahbx@facebook.com',9977724235),
('AD0442','Falito','Woolland','fwoollandby@ftc.gov',5371254966),
('AD0443','Brynn','Dunsire','bdunsirebz@diigo.com',9328559910),
('AD0444','Valentine','Bruff','vbruffc0@fc2.com',1035552345),
('AD0445','Robbin','Martinson','rmartinsonc1@histats.com',4061949209),
('AD0446','Genevra','Rodway','grodwayc2@guardian.co.uk',8633734849),
('AD0447','Enrica','Walwood','ewalwoodc3@woothemes.com',7408745469),
('AD0448','Brunhilda','Gallanders','bgallandersc4@seesaa.net',8412860014),
('AD0449','Abie','Lipscombe','alipscombec5@cnn.com',2434507737),
('AD0450','Hedi','Layland','hlaylandc6@canalblog.com',3134697000),
('AD0451','Tammara','Edgar','tedgarc7@google.fr',7674370272),
('AD0452','Vilma','Gobolos','vgobolosc8@engadget.com',7394866277),
('AD0453','Tomasina','Lettington','tlettingtonc9@ft.com',5009026623),
('AD0454','Karlene','McGairl','kmcgairlca@fema.gov',8098972316),
('AD0455','Kalila','Helliwell','khelliwellcb@diigo.com',4519810410),
('AD0456','Gisella','Penswick','gpenswickcc@infoseek.co.jp',9624669353),
('AD0457','Radcliffe','Crosi','rcrosicd@alexa.com',3015169574),
('AD0458','Kerk','Geibel','kgeibelce@mtv.com',8943426909),
('AD0459','Randolph','Eglaise','reglaisecf@globo.com',8663138889),
('AD0460','Jany','Bails','jbailscg@jigsy.com',8854032787),
('AD0461','Brose','Rumble','brumblech@rambler.ru',8179335688),
('AD0462','Noemi','Izard','nizardci@boston.com',8794468017),
('AD0463','Marcus','Ilyenko','milyenkocj@nyu.edu',7401224704),
('AD0464','Hartwell','Pavlasek','hpavlasekck@bbc.co.uk',1687394038),
('AD0465','Rosamond','Belfelt','rbelfeltcl@icio.us',5531113382),
('AD0466','June','Gallacher','jgallachercm@linkedin.com',3598359257),
('AD0467','Jennee','Clementet','jclementetcn@themeforest.net',2969094858),
('AD0468','Jennica','Gibbe','jgibbeco@walmart.com',9746505639),
('AD0469','Aaren','World','aworldcp@opensource.org',7654781676),
('AD0470','Elke','Lamberti','elamberticq@photobucket.com',9337296158),
('AD0471','Toby','Extall','textallcr@g.co',7753548595),
('AD0472','Zorine','Scandrite','zscandritecs@auda.org.au',6872578500),
('AD0473','Hunfredo','Huonic','hhuonicct@tamu.edu',3883637745),
('AD0474','Reese','O''Feeney','rofeeneycu@surveymonkey.com',8746935943),
('AD0475','Terrie','Di Antonio','tdiantoniocv@yale.edu',8258854914),
('AD0476','Suellen','Glantz','sglantzcw@narod.ru',3663029323),
('AD0477','Ethelind','Tottie','etottiecx@theguardian.com',1073462256),
('AD0478','Waneta','Trinder','wtrindercy@php.net',9071562079),
('AD0479','Lizzy','Keenan','lkeenancz@hibu.com',6793209766),
('AD0480','Fawn','Smy','fsmyd0@godaddy.com',5348807735),
('AD0481','Micki','Milroy','mmilroyd1@squarespace.com',3988633842),
('AD0482','Zach','Buckie','zbuckied2@fastcompany.com',2899405697),
('AD0483','Urson','Layne','ulayned3@google.ca',3608518343),
('AD0484','Morse','Whitlow','mwhitlowd4@netscape.com',2275190594),
('AD0485','Jeffry','Szabo','jszabod5@harvard.edu',7015420079),
('AD0486','Cecil','Brimman','cbrimmand6@ask.com',3657170144),
('AD0487','Wally','Beaman','wbeamand7@nsw.gov.au',2042116932),
('AD0488','Katrine','Shipway','kshipwayd8@goo.ne.jp',6596083152),
('AD0489','Lynette','Bloodworthe','lbloodworthed9@independent.co.uk',7819511351),
('AD0490','Matias','Sargint','msargintda@wordpress.com',4804858194),
('AD0491','Callean','Larret','clarretdb@reference.com',4564978630),
('AD0492','Urbano','Syme','usymedc@google.pl',4089845600),
('AD0493','Tobe','Fowle','tfowledd@ifeng.com',7628818972),
('AD0494','Solomon','Beadon','sbeadonde@buzzfeed.com',7236108248),
('AD0495','Cordie','Poundesford','cpoundesforddf@storify.com',5976880493),
('AD0496','Ermanno','Herculeson','eherculesondg@bandcamp.com',1812292128),
('AD0497','Wynnie','Dawid','wdawiddh@un.org',2549131590),
('AD0498','Tawsha','Treeby','ttreebydi@bizjournals.com',5549453497),
('AD0499','Stanley','de Mullett','sdemullettdj@jigsy.com',5944538939),
('AD0500','Amos','Norvell','anorvelldk@constantcontact.com',8276410372),
('AD0501','Dreddy','Mesias','dmesiasdl@delicious.com',4726232759),
('AD0502','Kerrie','Speak','kspeakdm@spiegel.de',1455158028),
('AD0503','Anastasia','Cordier','acordierdn@slashdot.org',5599563158),
('AD0504','Karlotta','Convery','kconverydo@xing.com',8018315214),
('AD0505','Layne','Pamplin','lpamplindp@angelfire.com',7021397303),
('AD0506','Jaimie','Richardt','jrichardtdq@wsj.com',4439278078),
('AD0507','Sybil','Lovett','slovettdr@bing.com',5397289936),
('AD0508','Louisa','Rosson','lrossonds@cafepress.com',9816150011),
('AD0509','Gibby','Benting','gbentingdt@discuz.net',3479955050),
('AD0510','Josie','Folini','jfolinidu@bbb.org',5293521898),
('AD0511','Mylo','Boulding','mbouldingdv@washington.edu',3252974452),
('AD0512','Nolie','Saleway','nsalewaydw@paypal.com',5689407575),
('AD0513','Jolie','Pettinger','jpettingerdx@wsj.com',1911335516),
('AD0514','Nicola','Lewing','nlewingdy@yahoo.co.jp',4636885897),
('AD0515','Virge','Alban','valbandz@buzzfeed.com',8894877366),
('AD0516','Andrej','McCumskay','amccumskaye0@twitpic.com',7726368050),
('AD0517','Ben','Mitchiner','bmitchinere1@typepad.com',5883869197),
('AD0518','Waylin','Jakubski','wjakubskie2@usnews.com',6619298870),
('AD0519','Hatty','Zouch','hzouche3@china.com.cn',3118220388),
('AD0520','Benton','Scopyn','bscopyne4@amazon.com',8986138609),
('AD0521','Nowell','Bartos','nbartose5@ocn.ne.jp',4791888980),
('AD0522','Vanya','Ibbott','vibbotte6@slideshare.net',7002795993),
('AD0523','Rocky','Hazeltine','rhazeltinee7@statcounter.com',3809034254),
('AD0524','Findley','Colleton','fcolletone8@hao123.com',8267383685),
('AD0525','Rufe','Stanbury','rstanburye9@constantcontact.com',9752751445),
('AD0526','Bev','Smallpiece','bsmallpieceea@netlog.com',7553233703),
('AD0527','Jsandye','Praten','jprateneb@booking.com',5444074497),
('AD0528','Curcio','Anyon','canyonec@ucoz.com',7814430984),
('AD0529','Marianna','Karpets','mkarpetsed@tuttocitta.it',1318965359),
('AD0530','Davin','Grey','dgreyee@blogspot.com',8449064942),
('AD0531','Yale','Arunowicz','yarunowiczef@diigo.com',7172287835),
('AD0532','Trace','Ghiron','tghironeg@ucoz.com',8567418303),
('AD0533','Margaux','Greswell','mgreswelleh@bbc.co.uk',7499807019),
('AD0534','Letizia','Struther','lstrutherei@trellian.com',8407742055),
('AD0535','Dulcine','McKevany','dmckevanyej@com.com',7875712849),
('AD0536','Ilyse','Crane','icraneek@is.gd',8578759252),
('AD0537','Corinna','McLagan','cmclaganel@pen.io',5597246066),
('AD0538','Rosie','Houlridge','rhoulridgeem@ezinearticles.com',1763532502),
('AD0539','Ellary','Antal','eantalen@bloglines.com',4789770472),
('AD0540','Hilario','Dowtry','hdowtryeo@trellian.com',4716115050),
('AD0541','Addy','Boissier','aboissierep@ustream.tv',3279215159),
('AD0542','Rey','Akaster','rakastereq@huffingtonpost.com',2372979101),
('AD0543','Ryann','Dik','rdiker@imageshack.us',2753459449),
('AD0544','Romona','Krysztofiak','rkrysztofiakes@hhs.gov',9059424542),
('AD0545','Ninnetta','Beekman','nbeekmanet@gizmodo.com',4812584187),
('AD0546','Buddy','Whitticks','bwhittickseu@jiathis.com',1547671167),
('AD0547','Xavier','Bredee','xbredeeev@artisteer.com',9577751605),
('AD0548','Alexis','Vuittet','avuittetew@mlb.com',6085280467),
('AD0549','Addia','Roz','arozex@last.fm',4407373214),
('AD0550','Sophie','De Courtney','sdecourtneyey@eventbrite.com',2704738124),
('AD0551','Wittie','Bewsey','wbewseyez@pinterest.com',5237170806),
('AD0552','Briggs','Knatt','bknattf0@opera.com',9004987831),
('AD0553','Davin','Baggs','dbaggsf1@buzzfeed.com',9205083714),
('AD0554','Paddie','Bunston','pbunstonf2@google.ru',5148769769),
('AD0555','Georgiana','Labell','glabellf3@pagesperso-orange.fr',6888549746),
('AD0556','Shanda','Cranny','scrannyf4@cnbc.com',4627487002),
('AD0557','Neale','MacMeekan','nmacmeekanf5@clickbank.net',5548808293),
('AD0558','Grazia','Adne','gadnef6@columbia.edu',3246846955),
('AD0559','Omar','Meys','omeysf7@cocolog-nifty.com',1809419475),
('AD0560','Nicolea','Mayers','nmayersf8@imdb.com',6128724389),
('AD0561','Carma','Durber','cdurberf9@ucoz.ru',7007029759),
('AD0562','Ingemar','Farrell','ifarrellfa@cnbc.com',3397448902),
('AD0563','Dalt','Flanne','dflannefb@rakuten.co.jp',3985070196),
('AD0564','Caleb','Baiyle','cbaiylefc@desdev.cn',2464938899),
('AD0565','Ame','Corkill','acorkillfd@squidoo.com',7586874422),
('AD0566','Annecorinne','Brigstock','abrigstockfe@aol.com',7415902413),
('AD0567','Salomi','Gaylord','sgaylordff@smugmug.com',1427339891),
('AD0568','Walt','Duns','wdunsfg@sitemeter.com',1467368293),
('AD0569','Henry','McCrone','hmccronefh@mac.com',8026852116),
('AD0570','Lois','Roon','lroonfi@miibeian.gov.cn',6223385177),
('AD0571','Emma','Waind','ewaindfj@quantcast.com',4026471700),
('AD0572','Harley','Janos','hjanosfk@privacy.gov.au',9856078466),
('AD0573','Hodge','Wayland','hwaylandfl@msn.com',3003485533),
('AD0574','Phylys','Annable','pannablefm@globo.com',3077726885),
('AD0575','Andree','Grinikhin','agrinikhinfn@webeden.co.uk',5153485241),
('AD0576','Corbet','Zelley','czelleyfo@bloglovin.com',2585790727),
('AD0577','Kandy','Kearns','kkearnsfp@psu.edu',2489219084),
('AD0578','Seymour','Dowdle','sdowdlefq@bandcamp.com',2762136496),
('AD0579','Claresta','Kleinlerer','ckleinlererfr@indiatimes.com',9044545262),
('AD0580','Art','Siemandl','asiemandlfs@list-manage.com',2416281429),
('AD0581','Sosanna','MacGillivrie','smacgillivrieft@squarespace.com',5192326344),
('AD0582','Ned','Suthren','nsuthrenfu@sohu.com',3102574704),
('AD0583','Revkah','Baltrushaitis','rbaltrushaitisfv@wikispaces.com',3178494537),
('AD0584','Nara','Brixey','nbrixeyfw@friendfeed.com',8788588561),
('AD0585','Reena','Buyers','rbuyersfx@jalbum.net',2536030785),
('AD0586','Fanni','Dyment','fdymentfy@chronoengine.com',2881350188),
('AD0587','Mina','Sinden','msindenfz@google.de',9402708758),
('AD0588','Marrilee','Fomichyov','mfomichyovg0@google.co.uk',8079640446),
('AD0589','Stephi','Velasquez','svelasquezg1@archive.org',4235680829),
('AD0590','Gregoor','Kaas','gkaasg2@jimdo.com',7746948927),
('AD0591','Heidie','Grunnill','hgrunnillg3@cbslocal.com',4671157642),
('AD0592','Stefania','Beevor','sbeevorg4@dion.ne.jp',1537995414),
('AD0593','Killie','Epton','keptong5@icio.us',9287911412),
('AD0594','Letitia','Barbosa','lbarbosag6@dmoz.org',1001874660),
('AD0595','Ag','Weine','aweineg7@ameblo.jp',3611693458),
('AD0596','Loleta','Azemar','lazemarg8@t-online.de',7497169487),
('AD0597','Frayda','Baudry','fbaudryg9@goo.ne.jp',1592410901),
('AD0598','Clayborn','Davison','cdavisonga@webs.com',9911131457),
('AD0599','Neal','Liptrot','nliptrotgb@imageshack.us',4002858856),
('AD0600','Regen','Pohling','rpohlinggc@meetup.com',3263327741),
('AD0601','Rowan','Karpfen','rkarpfengd@geocities.jp',9683544146),
('AD0602','Phil','Hunton','phuntonge@google.co.jp',6985442007),
('AD0603','Pamela','Saich','psaichgf@whitehouse.gov',7709437520),
('AD0604','Sam','Giabuzzi','sgiabuzzigg@skyrock.com',3814974992),
('AD0605','Evelin','Grenter','egrentergh@google.ca',1223892680),
('AD0606','Douglass','Colbrun','dcolbrungi@cbc.ca',9212167421),
('AD0607','Mikol','Simoncini','msimoncinigj@vkontakte.ru',1715609301),
('AD0608','Tana','Gotcher','tgotchergk@reference.com',5184835882),
('AD0609','Dido','Rosendall','drosendallgl@merriam-webster.com',3525051227),
('AD0610','Hedvige','Frizzell','hfrizzellgm@github.com',8612640523),
('AD0611','Monty','Bohills','mbohillsgn@timesonline.co.uk',1043821964),
('AD0612','Culver','Ferebee','cferebeego@vinaora.com',7334746294),
('AD0613','Timofei','Ramelet','trameletgp@cbslocal.com',5474496793),
('AD0614','Lon','Upsale','lupsalegq@admin.ch',9204214304),
('AD0615','Noreen','Maryman','nmarymangr@spotify.com',9475355668),
('AD0616','Travis','Garroch','tgarrochgs@discuz.net',4561954002),
('AD0617','Carola','McJerrow','cmcjerrowgt@nps.gov',3447979391),
('AD0618','Chan','Matevushev','cmatevushevgu@symantec.com',5503967547),
('AD0619','Reta','Beller','rbellergv@gravatar.com',8821798798),
('AD0620','Temple','Mapledorum','tmapledorumgw@domainmarket.com',3837505657),
('AD0621','Jo ann','Nurden','jnurdengx@cafepress.com',3316132288),
('AD0622','Bevin','Spinley','bspinleygy@storify.com',6126048211),
('AD0623','Skye','Richemont','srichemontgz@pen.io',9469150903),
('AD0624','Morley','Soanes','msoanesh0@printfriendly.com',9226820529),
('AD0625','Thorsten','Cavet','tcaveth1@pinterest.com',1341810226),
('AD0626','Tracie','Tegeller','ttegellerh2@bloglines.com',9026081775),
('AD0627','Raphael','Lesly','rleslyh3@samsung.com',8303312628),
('AD0628','Daryl','Simao','dsimaoh4@wisc.edu',7916503485),
('AD0629','Cassandra','Badwick','cbadwickh5@hostgator.com',7351985718),
('AD0630','Alex','Cubbon','acubbonh6@vkontakte.ru',8044342600),
('AD0631','Carmelia','Pilipyak','cpilipyakh7@dailymail.co.uk',8091958008),
('AD0632','Quintina','Hasker','qhaskerh8@amazon.com',9226877850),
('AD0633','Lonni','Allerton','lallertonh9@alexa.com',8972310461),
('AD0634','Cornelle','Palfrey','cpalfreyha@alexa.com',4972286203),
('AD0635','Adel','Rasor','arasorhb@imdb.com',8599661043),
('AD0636','Cathryn','Lendrem','clendremhc@fastcompany.com',9014519343),
('AD0637','Hollie','Laybourne','hlaybournehd@foxnews.com',8256645564),
('AD0638','Iris','Costa','icostahe@admin.ch',7007609156),
('AD0639','Maxine','Dinning','mdinninghf@netscape.com',2213772159),
('AD0640','Millicent','Fenge','mfengehg@wikimedia.org',2233779687),
('AD0641','Deane','Easterbrook','deasterbrookhh@lulu.com',1699141473),
('AD0642','Lilith','Jencey','ljenceyhi@mozilla.com',1191581446),
('AD0643','Gipsy','Lupson','glupsonhj@mac.com',2194999783),
('AD0644','Cullin','Attwool','cattwoolhk@sciencedirect.com',4012344531),
('AD0645','Anton','McKean','amckeanhl@dedecms.com',6551424056),
('AD0646','Athena','Cornelissen','acornelissenhm@weebly.com',7753224224),
('AD0647','Alvera','Marrion','amarrionhn@4shared.com',4427617740),
('AD0648','Joye','Kynastone','jkynastoneho@google.nl',8515592024),
('AD0649','Gilbert','Bende','gbendehp@weibo.com',1382301265),
('AD0650','Keriann','Iron','kironhq@amazon.de',1673748516),
('AD0651','Sloan','Uzzell','suzzellhr@cafepress.com',7156998258),
('AD0652','Demetra','Donald','ddonaldhs@google.com.au',7697387132),
('AD0653','Zacharia','Creek','zcreekht@fotki.com',3583174915),
('AD0654','Joel','Fairbrace','jfairbracehu@scribd.com',6269169007),
('AD0655','Salomi','Nuzzti','snuzztihv@a8.net',6536727133),
('AD0656','Demetris','Vine','dvinehw@twitter.com',1229481813),
('AD0657','Skelly','Trevna','strevnahx@squidoo.com',6008931840),
('AD0658','Deck','Biggam','dbiggamhy@jalbum.net',6513445484),
('AD0659','Micheal','Bodega','mbodegahz@oracle.com',3647751773),
('AD0660','Fabiano','Gallyon','fgallyoni0@sphinn.com',6595335027),
('AD0661','Ettie','Bending','ebendingi1@princeton.edu',4443200831),
('AD0662','Herc','Barritt','hbarritti2@wordpress.com',5237920696),
('AD0663','Hillie','Ribou','hriboui3@shop-pro.jp',8323543534),
('AD0664','Harlie','Stuckey','hstuckeyi4@mtv.com',8529454734),
('AD0665','Faydra','Walls','fwallsi5@nifty.com',5573149638),
('AD0666','Sharyl','Lydall','slydalli6@dropbox.com',6224096619),
('AD0667','Candie','Yoseloff','cyoseloffi7@naver.com',3825450784),
('AD0668','Janela','Cawkill','jcawkilli8@merriam-webster.com',8122579229),
('AD0669','Elvin','Wellstood','ewellstoodi9@statcounter.com',8917432885),
('AD0670','Gib','Gianiello','ggianielloia@bloglovin.com',4689913805),
('AD0671','Corette','Mertgen','cmertgenib@plala.or.jp',1313254487),
('AD0672','Janine','Sharpley','jsharpleyic@squidoo.com',2415144732),
('AD0673','Tallou','Wringe','twringeid@cpanel.net',8707742827),
('AD0674','Ennis','Sherebrook','esherebrookie@stumbleupon.com',3495838081),
('AD0675','Veronika','Robbie','vrobbieif@youtu.be',9539750504),
('AD0676','Clarke','Scarce','cscarceig@example.com',8631842233),
('AD0677','Byran','Grimbleby','bgrimblebyih@opera.com',9296957549),
('AD0678','Flemming','Wardrop','fwardropii@sina.com.cn',5541687812),
('AD0679','Giovanna','O''Hdirscoll','gohdirscollij@oracle.com',4858723670),
('AD0680','Callie','Starling','cstarlingik@mozilla.com',7727736753),
('AD0681','Rooney','Wickendon','rwickendonil@mashable.com',5491050970),
('AD0682','Donnamarie','Olwen','dolwenim@blinklist.com',7211911292),
('AD0683','Christabel','Hearty','cheartyin@engadget.com',9745265661),
('AD0684','Fabiano','Francklin','ffrancklinio@un.org',2116141878),
('AD0685','Earvin','McLeish','emcleiship@epa.gov',8745848563),
('AD0686','Hilliary','Heald','hhealdiq@bizjournals.com',3233593894),
('AD0687','Janey','Dewicke','jdewickeir@amazon.co.uk',8119717219),
('AD0688','Tadd','Hynes','thynesis@1und1.de',8115835922),
('AD0689','Bella','Mathet','bmathetit@google.com',2919131605),
('AD0690','Vitia','McKelvie','vmckelvieiu@sbwire.com',4767248711),
('AD0691','Terri-jo','Lorkin','tlorkiniv@photobucket.com',6391307520),
('AD0692','Joanne','Manass','jmanassiw@furl.net',2432081400),
('AD0693','Forrest','Bettesworth','fbettesworthix@t.co',9697820548),
('AD0694','Michaella','Mirrlees','mmirrleesiy@washingtonpost.com',9206082668),
('AD0695','Lelia','Tull','ltulliz@economist.com',2845948136),
('AD0696','Danita','Todarini','dtodarinij0@businessinsider.com',8701439051),
('AD0697','Wolfy','McMurrugh','wmcmurrughj1@ezinearticles.com',5705153074),
('AD0698','Klara','Inglese','kinglesej2@netvibes.com',1733662949),
('AD0699','Evangelin','Stonier','estonierj3@upenn.edu',4084003621),
('AD0700','Marsiella','Tinan','mtinanj4@hhs.gov',9949536174),
('AD0701','Elsworth','Durran','edurranj5@phoca.cz',8186303537),
('AD0702','Robert','Roden','rrodenj6@devhub.com',9775004482),
('AD0703','Blondy','Shepeard','bshepeardj7@themeforest.net',7747161095),
('AD0704','Georgette','Foro','gforoj8@nydailynews.com',4709131746),
('AD0705','Bekki','Kroger','bkrogerj9@state.gov',2295626280),
('AD0706','Lauri','Featherby','lfeatherbyja@nps.gov',5711345055),
('AD0707','Weylin','Eddisforth','weddisforthjb@scientificamerican.com',1935405477),
('AD0708','Lonny','Brockley','lbrockleyjc@blogspot.com',2487785136),
('AD0709','Ermengarde','Cowup','ecowupjd@wired.com',5091467929),
('AD0710','Monti','Burgot','mburgotje@shareasale.com',9115826778),
('AD0711','Neille','Bowdon','nbowdonjf@noaa.gov',9524999968),
('AD0712','Lukas','Semmence','lsemmencejg@amazon.com',9197427388),
('AD0713','Lydon','Danzey','ldanzeyjh@jigsy.com',3609137071),
('AD0714','Luisa','Narramor','lnarramorji@salon.com',5845306466),
('AD0715','Eldredge','Walczynski','ewalczynskijj@themeforest.net',8397402287),
('AD0716','Delainey','Lyokhin','dlyokhinjk@virginia.edu',9358173577),
('AD0717','Stafford','Rouff','srouffjl@shop-pro.jp',8038237344),
('AD0718','Gui','Sooper','gsooperjm@house.gov',4112322649),
('AD0719','Christiane','Morden','cmordenjn@google.co.jp',8138048887),
('AD0720','Josepha','Joel','jjoeljo@ed.gov',5425069380),
('AD0721','Federico','Keel','fkeeljp@cdbaby.com',7844931626),
('AD0722','Sheila-kathryn','Otto','sottojq@latimes.com',9493281256),
('AD0723','Jacynth','Stutt','jstuttjr@slashdot.org',9277633202),
('AD0724','Wendeline','Pauwel','wpauweljs@samsung.com',2407046178),
('AD0725','Ardella','Mc Caghan','amccaghanjt@virginia.edu',1449225446),
('AD0726','Gabriell','Bantham','gbanthamju@istockphoto.com',2852352061),
('AD0727','Willyt','Maiklem','wmaiklemjv@vk.com',8628250904),
('AD0728','Hana','Manes','hmanesjw@psu.edu',3613975752),
('AD0729','Corena','Fuggle','cfugglejx@cpanel.net',7084796374),
('AD0730','Caria','Bowcock','cbowcockjy@pinterest.com',5792841309),
('AD0731','Cassandry','Greatrakes','cgreatrakesjz@google.co.jp',7971586047),
('AD0732','Pierette','Shepton','psheptonk0@cloudflare.com',6468180190),
('AD0733','Broderick','Elgey','belgeyk1@chronoengine.com',9829731854),
('AD0734','Lurline','Caudrey','lcaudreyk2@issuu.com',2762277398),
('AD0735','Rubia','Hyams','rhyamsk3@dot.gov',2237208888),
('AD0736','Sheilakathryn','Pasticznyk','spasticznykk4@prnewswire.com',1396385224),
('AD0737','Gian','Stanex','gstanexk5@histats.com',8638861753),
('AD0738','Farr','Manach','fmanachk6@sina.com.cn',2975272171),
('AD0739','Baldwin','Skase','bskasek7@ft.com',8754461918),
('AD0740','Trixie','Whal','twhalk8@webmd.com',8734815652),
('AD0741','Eduino','Maken','emakenk9@aol.com',8528500668),
('AD0742','Salomone','Annakin','sannakinka@arizona.edu',9806514521),
('AD0743','Griffith','Vannuccinii','gvannucciniikb@mtv.com',7435018110),
('AD0744','Belinda','Heales','bhealeskc@goo.gl',2187534792),
('AD0745','Kahaleel','Feldbaum','kfeldbaumkd@xing.com',4852666158),
('AD0746','Murry','Magnus','mmagnuske@diigo.com',4814157523),
('AD0747','Connie','Overy','coverykf@princeton.edu',7389451403),
('AD0748','Erena','Pester','epesterkg@shareasale.com',4466770706),
('AD0749','Ricca','Rosenstock','rrosenstockkh@stanford.edu',5075821216),
('AD0750','Ibbie','Gallety','igalletyki@mac.com',3571884055),
('AD0751','Gipsy','Ostridge','gostridgekj@yelp.com',8421255570),
('AD0752','Lacy','Cheston','lchestonkk@sphinn.com',6783911641),
('AD0753','Jeffrey','Craisford','jcraisfordkl@tamu.edu',4843038821),
('AD0754','Hayes','Graves','hgraveskm@nsw.gov.au',7952692273),
('AD0755','Alli','Bascomb','abascombkn@dyndns.org',7587452702),
('AD0756','Rodi','Randals','rrandalsko@sohu.com',9523115091),
('AD0757','Juliana','Ellerton','jellertonkp@cloudflare.com',3239004130),
('AD0758','Lindsay','Fullerlove','lfullerlovekq@latimes.com',4628642961),
('AD0759','Colene','Arnell','carnellkr@is.gd',6387703640),
('AD0760','Verney','Redemile','vredemileks@odnoklassniki.ru',3324401855),
('AD0761','Killian','Zapata','kzapatakt@youtube.com',5855108386),
('AD0762','Atalanta','Oldam','aoldamku@123-reg.co.uk',5155714952),
('AD0763','Emeline','Stolli','estollikv@prlog.org',6993276074),
('AD0764','Emmalynne','Fookes','efookeskw@paypal.com',7742579179),
('AD0765','Knox','Tincombe','ktincombekx@oakley.com',1153122100),
('AD0766','Reine','Moriarty','rmoriartyky@wikispaces.com',2125798878),
('AD0767','Adore','Colebourn','acolebournkz@guardian.co.uk',9317404456),
('AD0768','Conan','Juett','cjuettl0@japanpost.jp',9493559175),
('AD0769','Corinna','Martine','cmartinel1@ameblo.jp',4195324329),
('AD0770','Trevor','Barnby','tbarnbyl2@upenn.edu',4831452039),
('AD0771','Quinton','Gartside','qgartsidel3@lulu.com',2309105281),
('AD0772','Maurits','Cream','mcreaml4@mail.ru',3921313250),
('AD0773','Chaim','Bandy','cbandyl5@java.com',4334568612),
('AD0774','Taylor','Brabant','tbrabantl6@last.fm',8728280130),
('AD0775','Jedidiah','Mallows','jmallowsl7@booking.com',7496605536),
('AD0776','Dale','Ferrucci','dferruccil8@ox.ac.uk',6778489474),
('AD0777','Blayne','Ricioppo','bricioppol9@google.com.br',3933903337),
('AD0778','Eda','Gutteridge','egutteridgela@google.cn',7806099108),
('AD0779','Corette','Petruszka','cpetruszkalb@cnn.com',3485150513),
('AD0780','Wesley','Dryburgh','wdryburghlc@over-blog.com',9412539093),
('AD0781','Padget','Winchcum','pwinchcumld@vkontakte.ru',8749891055),
('AD0782','Wat','De Andisie','wdeandisiele@github.com',9169614255),
('AD0783','Alleyn','Isac','aisaclf@technorati.com',2264216749),
('AD0784','Gaultiero','Brunon','gbrunonlg@so-net.ne.jp',3518589285),
('AD0785','Mickie','Mc Curlye','mmccurlyelh@mlb.com',1801817497),
('AD0786','Jacob','Ordidge','jordidgeli@vkontakte.ru',1877970877),
('AD0787','Mariquilla','Caroli','mcarolilj@oaic.gov.au',7538666980),
('AD0788','Gaby','Alvaro','galvarolk@nytimes.com',2866245923),
('AD0789','Leonidas','Ghidelli','lghidellill@phpbb.com',7638653229),
('AD0790','Eirena','Doleman','edolemanlm@businessinsider.com',3995691880),
('AD0791','Eugine','Aylwin','eaylwinln@e-recht24.de',8149041720),
('AD0792','Caryl','Tunnicliffe','ctunnicliffelo@mozilla.com',2435383403),
('AD0793','Tiffani','Surgood','tsurgoodlp@columbia.edu',6171076573),
('AD0794','Zack','Hewson','zhewsonlq@bigcartel.com',1892168009),
('AD0795','Delora','Anthonsen','danthonsenlr@amazonaws.com',1342035043),
('AD0796','Hamel','Plenty','hplentyls@dion.ne.jp',7299031633),
('AD0797','Riva','Levee','rleveelt@bizjournals.com',5851147304),
('AD0798','Dick','Grisdale','dgrisdalelu@opensource.org',3291977150),
('AD0799','Dolf','Earney','dearneylv@is.gd',6917873861),
('AD0800','Nata','Parlet','nparletlw@gizmodo.com',4068965322),
('AD0801','Kaitlynn','Matis','kmatislx@cmu.edu',6568516659),
('AD0802','Lyndy','Duker','ldukerly@fda.gov',4992892790),
('AD0803','Cordie','Hurt','churtlz@kickstarter.com',5878386929),
('AD0804','Hali','Vallentine','hvallentinem0@simplemachines.org',7638670725),
('AD0805','Corbett','Aslam','caslamm1@friendfeed.com',1211103087),
('AD0806','Indira','Renihan','irenihanm2@diigo.com',8555366890),
('AD0807','Halley','Cathesyed','hcathesyedm3@ebay.com',1742659960),
('AD0808','Garrik','Keasey','gkeaseym4@skyrock.com',2142827216),
('AD0809','Garv','Murty','gmurtym5@businessinsider.com',1122189802),
('AD0810','Eada','Ponceford','eponcefordm6@tumblr.com',9779082466),
('AD0811','Austina','Roelofsen','aroelofsenm7@netscape.com',4913820310),
('AD0812','Jude','Kingscott','jkingscottm8@sbwire.com',3713669338),
('AD0813','Broddy','Fossey','bfosseym9@army.mil',9997954531),
('AD0814','Jae','Charke','jcharkema@springer.com',3183196654),
('AD0815','Kathrine','Mountney','kmountneymb@jiathis.com',6102334769),
('AD0816','Agnes','Flippelli','aflippellimc@gizmodo.com',3939457438),
('AD0817','Alvin','Bish','abishmd@bloomberg.com',6374742903),
('AD0818','Sammie','Simonnin','ssimonninme@vistaprint.com',4925599375),
('AD0819','Raynard','Scotchmore','rscotchmoremf@google.de',4148489271),
('AD0820','Doralynne','Tithecott','dtithecottmg@google.com.br',6241353712),
('AD0821','Caitrin','Farren','cfarrenmh@paypal.com',9767103763),
('AD0822','Stanton','Matusov','smatusovmi@latimes.com',2664924813),
('AD0823','Johannah','Copyn','jcopynmj@mozilla.com',9601916395),
('AD0824','Fayette','Paulton','fpaultonmk@phpbb.com',7964453508),
('AD0825','Derick','Pauley','dpauleyml@digg.com',3841264941),
('AD0826','Niall','McKinnon','nmckinnonmm@privacy.gov.au',3306111000),
('AD0827','Minnie','Loram','mlorammn@vk.com',1219087819),
('AD0828','Tomas','Lynch','tlynchmo@tiny.cc',6205819655),
('AD0829','Homerus','Karpfen','hkarpfenmp@issuu.com',2504487745),
('AD0830','Coop','Maseyk','cmaseykmq@cbsnews.com',5424836906),
('AD0831','Aksel','Garnul','agarnulmr@ask.com',1808485817),
('AD0832','Gannie','Sturton','gsturtonms@yale.edu',5684782661),
('AD0833','Chantalle','McGowing','cmcgowingmt@storify.com',6257676015),
('AD0834','Ashlan','Medford','amedfordmu@java.com',8262931093),
('AD0835','Daune','Pigot','dpigotmv@youtu.be',7111326834),
('AD0836','Orbadiah','Fleet','ofleetmw@nps.gov',3311415882),
('AD0837','Karalee','Hartle','khartlemx@privacy.gov.au',4356282156),
('AD0838','Randa','Costock','rcostockmy@wikipedia.org',6538386699),
('AD0839','Ewen','Thrustle','ethrustlemz@upenn.edu',1053357005),
('AD0840','Gabey','Beach','gbeachn0@bbb.org',7231111442),
('AD0841','Josey','Genney','jgenneyn1@tmall.com',1632025228),
('AD0842','Bridie','Cherry Holme','bcherryholmen2@tiny.cc',5802168186),
('AD0843','Mariellen','Gjerde','mgjerden3@weather.com',9218233490),
('AD0844','Bourke','Ciani','bcianin4@gizmodo.com',8097061541),
('AD0845','Claudian','Craney','ccraneyn5@de.vu',8539211948),
('AD0846','Weidar','Saltwell','wsaltwelln6@springer.com',7622051361),
('AD0847','Martita','Moorfield','mmoorfieldn7@cbslocal.com',4861538334),
('AD0848','Nicolas','Spurr','nspurrn8@uiuc.edu',4195471733),
('AD0849','Chadwick','Flisher','cflishern9@parallels.com',1966365011),
('AD0850','Sile','Hutcheon','shutcheonna@ucsd.edu',2987553304),
('AD0851','Abner','Pollie','apollienb@stumbleupon.com',5639820541),
('AD0852','Linnie','Wynett','lwynettnc@booking.com',6488975825),
('AD0853','Ashli','Alfonsini','aalfonsinind@harvard.edu',3574442334),
('AD0854','Brigida','Woffenden','bwoffendenne@blogtalkradio.com',3838663765),
('AD0855','Luca','Hutcheon','lhutcheonnf@topsy.com',5865370769),
('AD0856','Adolf','Satcher','asatcherng@businesswire.com',2717844755),
('AD0857','Beulah','Hearl','bhearlnh@creativecommons.org',9868570835),
('AD0858','Roselia','Wasselin','rwasselinni@linkedin.com',3904354281),
('AD0859','Erma','Treversh','etrevershnj@blogger.com',8182414217),
('AD0860','Bianka','Bending','bbendingnk@freewebs.com',6108122345),
('AD0861','Vidovic','Grube','vgrubenl@xrea.com',4449259699),
('AD0862','Sophi','Capitano','scapitanonm@storify.com',6911213877),
('AD0863','Leonora','Busson','lbussonnn@cam.ac.uk',4913662649),
('AD0864','Donny','Elcomb','delcombno@arizona.edu',6429251757),
('AD0865','Connor','Gauntlett','cgauntlettnp@ezinearticles.com',5175802522),
('AD0866','Lorelei','Smeeth','lsmeethnq@tripadvisor.com',1574304206),
('AD0867','Spike','Chaudron','schaudronnr@wikipedia.org',6501978489),
('AD0868','Brod','Catcherside','bcatchersidens@alexa.com',9528969106),
('AD0869','Glennie','Tutsell','gtutsellnt@liveinternet.ru',1535138110),
('AD0870','Aggie','Songist','asongistnu@twitpic.com',7433321017),
('AD0871','Siobhan','Dearn','sdearnnv@apple.com',8548443545),
('AD0872','Karie','Chesshire','kchesshirenw@ucoz.com',3215616166),
('AD0873','Barnaby','Henniger','bhennigernx@soup.io',8629506127),
('AD0874','Gilemette','Bonson','gbonsonny@sciencedaily.com',8926078808),
('AD0875','Chico','Jirka','cjirkanz@pbs.org',2692130354),
('AD0876','Steward','Erington','seringtono0@moonfruit.com',1461985555),
('AD0877','Avrit','Erwin','aerwino1@washingtonpost.com',1789597118),
('AD0878','Jonis','O''Shee','josheeo2@ehow.com',5612906614),
('AD0879','Cathlene','Challenger','cchallengero3@ehow.com',7112767117),
('AD0880','Paulita','Crowcombe','pcrowcombeo4@kickstarter.com',6727290531),
('AD0881','Dorry','Deware','ddewareo5@nationalgeographic.com',7563405949),
('AD0882','Nikolia','Noods','nnoodso6@chron.com',2104898765),
('AD0883','Roseann','Born','rborno7@jalbum.net',1936127842),
('AD0884','Milissent','Renforth','mrenfortho8@mail.ru',9769075914),
('AD0885','Jeanine','Filipic','jfilipico9@merriam-webster.com',6208582372),
('AD0886','Shelia','Marielle','smarielleoa@reference.com',3206428174),
('AD0887','Egon','Shasnan','eshasnanob@digg.com',6555227515),
('AD0888','Luca','Gorton','lgortonoc@pinterest.com',8004590967),
('AD0889','Coop','Huzzay','chuzzayod@va.gov',8054437819),
('AD0890','Libbie','Tappington','ltappingtonoe@cpanel.net',5019630183),
('AD0891','Brenda','Bannard','bbannardof@nbcnews.com',7725397515),
('AD0892','Uri','Yendall','uyendallog@t.co',4164055490),
('AD0893','Wallace','McKeefry','wmckeefryoh@intel.com',3982170056),
('AD0894','Flori','Tassaker','ftassakeroi@technorati.com',9222816587),
('AD0895','Nike','Turvie','nturvieoj@booking.com',9889459204),
('AD0896','Marion','Gallego','mgallegook@netvibes.com',3961777095),
('AD0897','Erhart','Simonard','esimonardol@tinyurl.com',5585670169),
('AD0898','Delphinia','Yeeles','dyeelesom@imdb.com',4744197408),
('AD0899','Lucila','Gotobed','lgotobedon@utexas.edu',9149383168),
('AD0900','Thomasa','Riddington','triddingtonoo@salon.com',7399516305),
('AD0901','Sherwood','McMickan','smcmickanop@senate.gov',8448895417),
('AD0902','Bradan','Winnister','bwinnisteroq@tuttocitta.it',3082681810),
('AD0903','Petr','Scafe','pscafeor@unblog.fr',2315826099),
('AD0904','Octavia','Brittain','obrittainos@arstechnica.com',2066623918),
('AD0905','Lotti','Cambell','lcambellot@w3.org',6141365137),
('AD0906','Heall','Munnings','hmunningsou@joomla.org',4158504813),
('AD0907','Sigismond','Tomashov','stomashovov@wisc.edu',4896612280),
('AD0908','Caddric','Faill','cfaillow@icq.com',5045681028),
('AD0909','Mark','Gianulli','mgianulliox@joomla.org',4901638900),
('AD0910','Loralyn','Banthorpe','lbanthorpeoy@columbia.edu',7531958397),
('AD0911','Jerald','Yakubovics','jyakubovicsoz@tripadvisor.com',8212124481),
('AD0912','Pasquale','Saltrese','psaltresep0@wikispaces.com',2697558817),
('AD0913','Tate','McMeeking','tmcmeekingp1@mapquest.com',9863327289),
('AD0914','Pooh','Sleney','psleneyp2@phoca.cz',3509655135),
('AD0915','Sig','Beefon','sbeefonp3@pen.io',4115893630),
('AD0916','Jocko','Hucquart','jhucquartp4@wordpress.org',8232601483),
('AD0917','Janessa','Haycox','jhaycoxp5@cornell.edu',9766080664),
('AD0918','Nan','Gallaher','ngallaherp6@last.fm',7758558229),
('AD0919','Waverley','Adderson','waddersonp7@telegraph.co.uk',2984561591),
('AD0920','Mora','Bonehill','mbonehillp8@vk.com',9797127311),
('AD0921','Nadeen','Croy','ncroyp9@163.com',2665952435),
('AD0922','Delmore','Eathorne','deathornepa@amazon.com',1859374552),
('AD0923','Derward','Belfield','dbelfieldpb@stumbleupon.com',5051128506),
('AD0924','Neill','Hallock','nhallockpc@zimbio.com',7246640305),
('AD0925','Rog','Sibbson','rsibbsonpd@toplist.cz',5981502655),
('AD0926','Eran','Charlot','echarlotpe@issuu.com',3444396321),
('AD0927','Becca','Stern','bsternpf@unc.edu',9138090263),
('AD0928','Aeriel','Minshall','aminshallpg@tuttocitta.it',5594536550),
('AD0929','Augie','Narbett','anarbettph@t.co',1491789723),
('AD0930','Jess','O''Dee','jodeepi@google.com',6953552548),
('AD0931','Ula','MacAndie','umacandiepj@yellowbook.com',9428279597),
('AD0932','Alonso','Gravie','agraviepk@msn.com',3237372734),
('AD0933','Wolf','Noriega','wnoriegapl@diigo.com',9233263400),
('AD0934','Steven','Sygroves','ssygrovespm@harvard.edu',6899844340),
('AD0935','Bordy','Aspel','baspelpn@omniture.com',9557212766),
('AD0936','Alexandros','Benettini','abenettinipo@umich.edu',5082174090),
('AD0937','Beale','Mateo','bmateopp@reference.com',7493529395),
('AD0938','Roanne','Prantoni','rprantonipq@paypal.com',8594082034),
('AD0939','Bennie','Laidlaw','blaidlawpr@nps.gov',8921339153),
('AD0940','Chrisse','Galliver','cgalliverps@geocities.com',9398365552),
('AD0941','Georgianne','Bristow','gbristowpt@unicef.org',1402029103),
('AD0942','Regan','Wollen','rwollenpu@canalblog.com',1567354319),
('AD0943','Domini','Aggis','daggispv@paginegialle.it',6218203684),
('AD0944','Thelma','Petegre','tpetegrepw@craigslist.org',5827322406),
('AD0945','Friedrich','Link','flinkpx@google.com.au',3624707839),
('AD0946','Lilyan','Laxton','llaxtonpy@oakley.com',8575403514),
('AD0947','Livvie','Rossi','lrossipz@hp.com',8044547011),
('AD0948','Anetta','Larby','alarbyq0@slate.com',2707969893),
('AD0949','Marney','Trimmill','mtrimmillq1@google.fr',7929449269),
('AD0950','Kacey','Dael','kdaelq2@census.gov',3181548573),
('AD0951','Barnabas','Blaszczynski','bblaszczynskiq3@bbc.co.uk',1134701236),
('AD0952','Odetta','Bruni','obruniq4@statcounter.com',4579739741),
('AD0953','Dorotea','O''Scanlan','doscanlanq5@liveinternet.ru',2815793346),
('AD0954','Dimitry','Britian','dbritianq6@techcrunch.com',8289884223),
('AD0955','Theda','Ellams','tellamsq7@about.me',9808164254),
('AD0956','Casar','Gaitone','cgaitoneq8@amazon.co.jp',3263095522),
('AD0957','Eveline','Sackler','esacklerq9@ustream.tv',9152013949),
('AD0958','Stanton','McGilvary','smcgilvaryqa@princeton.edu',9199374359),
('AD0959','Albert','Patriskson','apatrisksonqb@t.co',2474167316),
('AD0960','Regine','McVanamy','rmcvanamyqc@constantcontact.com',6996361627),
('AD0961','Hendrick','Aggett','haggettqd@baidu.com',6406072927),
('AD0962','Sarina','Treher','streherqe@squarespace.com',8002624522),
('AD0963','Brunhilda','Loudyan','bloudyanqf@yelp.com',2501435426),
('AD0964','Violet','Morrow','vmorrowqg@youtu.be',2149155803),
('AD0965','Aleece','Longridge','alongridgeqh@apple.com',5386751524),
('AD0966','Sallyann','Buckingham','sbuckinghamqi@sphinn.com',2806924786),
('AD0967','Drucie','Peerless','dpeerlessqj@eventbrite.com',2915622270),
('AD0968','Lexis','Lambotin','llambotinqk@ted.com',1298254215),
('AD0969','Frans','Niese','fnieseql@nyu.edu',2919875040),
('AD0970','Dori','Dawidowsky','ddawidowskyqm@jugem.jp',9403328951),
('AD0971','Kerry','Firmage','kfirmageqn@google.ca',2241941684),
('AD0972','Brady','Somerville','bsomervilleqo@ibm.com',8302917839),
('AD0973','Ardis','Fouracre','afouracreqp@gov.uk',4424771428),
('AD0974','Andria','Northover','anorthoverqq@unblog.fr',1866317138),
('AD0975','Marietta','Oglesbee','moglesbeeqr@un.org',9606923046),
('AD0976','Melitta','Sawood','msawoodqs@ucla.edu',5599886583),
('AD0977','Ronny','Churchin','rchurchinqt@boston.com',7176431538),
('AD0978','Langston','Rubberts','lrubbertsqu@macromedia.com',8701433408),
('AD0979','Evvy','Thebeaud','ethebeaudqv@networkadvertising.org',2797670672),
('AD0980','Brittni','Housego','bhousegoqw@economist.com',7014213622),
('AD0981','Sherwin','Buddell','sbuddellqx@yelp.com',1215894155),
('AD0982','Zea','Di Antonio','zdiantonioqy@cnet.com',1662728344),
('AD0983','Marcelline','Andrez','mandrezqz@cisco.com',7262022456),
('AD0984','Karlotta','Mooring','kmooringr0@cornell.edu',7994922724),
('AD0985','Gwenneth','Tookey','gtookeyr1@apple.com',7175389463),
('AD0986','Sidney','Bertouloume','sbertouloumer2@slate.com',8124845798),
('AD0987','Conant','Dyster','cdysterr3@bbb.org',1572535755),
('AD0988','Mara','Redwing','mredwingr4@networkadvertising.org',3264243469),
('AD0989','Ado','Madden','amaddenr5@dmoz.org',9524771012),
('AD0990','Noam','Lugden','nlugdenr6@bbc.co.uk',8741594025),
('AD0991','Joline','Mawford','jmawfordr7@tripod.com',2149045687),
('AD0992','Ettie','Oloman','eolomanr8@utexas.edu',1081962445),
('AD0993','Sissy','Chapell','schapellr9@ehow.com',2411281527),
('AD0994','Desdemona','Bogart','dbogartra@time.com',1704081029),
('AD0995','Kipp','Brockhouse','kbrockhouserb@dot.gov',2678638047),
('AD0996','Sean','Colqueran','scolqueranrc@omniture.com',6973234570),
('AD0997','Winston','Lucus','wlucusrd@mtv.com',5243784292),
('AD0998','Gifford','Rockcliff','grockcliffre@cnbc.com',5391486767),
('AD0999','Ketti','Hurich','khurichrf@noaa.gov',3803644558),
('AD1000','Kassandra','Cufflin','kcufflinrg@nymag.com',6604275316),
('AD1001','Simonne','Fissenden','sfissendenrh@google.it',3377998786),
('AD1002','Oran','Ferenczi','oferencziri@yandex.ru',8651455016),
('AD1003','Rafe','Mees','rmeesrj@live.com',9791551620),
('AD1004','Mady','Conklin','mconklinrk@wikipedia.org',9279356131),
('AD1005','Welby','Akett','wakettrl@goo.gl',8039946065),
('AD1006','Osbourn','Wasling','owaslingrm@gravatar.com',2036306704),
('AD1007','Laurella','Grigore','lgrigorern@bbc.co.uk',2893658261),
('AD1008','Thea','Connold','tconnoldro@biblegateway.com',6028288334),
('AD1009','Lesley','Iorns','liornsrp@google.it',8182546149),
('AD1010','Jennette','Stepto','jsteptorq@sitemeter.com',2039558589),
('AD1011','Taber','Mixer','tmixerrr@ed.gov',3475792851);

INSERT INTO "manager" VALUES
('MG0001', 'Barbabas', 'Tubby', 'btubby0@harvard.edu', 1412170464, 'AD0001'),
('MG0002','Graig','Starkey','gstarkey1@imdb.com',3964287848,'AD0005'),
('MG0003','Eberhard','Bineham','ebineham2@senate.gov',8181894910,'AD0002'),
('MG0004','Tripp','Edgar','tedgar3@dailymail.co.uk',9255526137,'AD0004'),
('MG0005','Desirae','Dunsmuir','ddunsmuir4@skype.com',4938399787,'AD0003'),
('MG0006','Barbabas','Tubby','btubby0@harvard.edu',1412170464,'AD0001'),
('MG0007','Graig','Starkey','gstarkey1@imdb.com',3964287848,'AD0005'),
('MG0008','Eberhard','Bineham','ebineham2@senate.gov',8181894910,'AD0002'),
('MG0009','Tripp','Edgar','tedgar3@dailymail.co.uk',9255526137,'AD0004'),
('MG0010','Desirae','Dunsmuir','ddunsmuir4@skype.com',4938399787,'AD0003'),
('MG0011','Graig','Starkey','gstarkey1@imdb.com',3964287848,'AD0392'),
('MG0012','Reggi','O'' Markey','romarkey0@google.es',1294760721,'AD0844'),
('MG0013','Sherye','Orgill','sorgill1@ask.com',5533748574,'AD0788'),
('MG0014','Philomena','Wombwell','pwombwell2@nymag.com',4493870848,'AD0131'),
('MG0015','Darrin','Alcoran','dalcoran3@nymag.com',1289027176,'AD0228'),
('MG0016','Rosalie','Ricco','rricco4@gizmodo.com',8522232994,'AD0250'),
('MG0017','Geralda','Rexworthy','grexworthy5@mapquest.com',7702899326,'AD0804'),
('MG0018','Ernest','Stayt','estayt6@wikimedia.org',6144223780,'AD0369'),
('MG0019','Reginauld','Farquharson','rfarquharson7@prweb.com',6128747432,'AD0699'),
('MG0020','Shep','Balf','sbalf8@mysql.com',7635672897,'AD0297'),
('MG0021','Jean','Coping','jcoping9@dropbox.com',7865126988,'AD0253'),
('MG0022','Marnie','Phateplace','mphateplacea@feedburner.com',1656048169,'AD0376'),
('MG0023','Philis','Rassell','prassellb@list-manage.com',7618619268,'AD1010'),
('MG0024','Darell','Pinnocke','dpinnockec@google.ca',6577030408,'AD0396'),
('MG0025','Abbye','Le Breton De La Vieuville','alebretondelavieuvilled@globo.com',7953087277,'AD0553'),
('MG0026','Olly','Kopp','okoppe@kickstarter.com',1568355519,'AD0657'),
('MG0027','Lynelle','Errowe','lerrowef@pcworld.com',4463124596,'AD0404'),
('MG0028','Lacee','Carass','lcarassg@apple.com',7101389223,'AD0864'),
('MG0029','Benedicta','Van Dalen','bvandalenh@auda.org.au',4307628530,'AD0496'),
('MG0030','Alexina','Timbridge','atimbridgei@cloudflare.com',4186955094,'AD0508'),
('MG0031','Pincas','Hardie','phardiej@ycombinator.com',4103199601,'AD0452'),
('MG0032','Dael','Scanterbury','dscanterburyk@4shared.com',1416351240,'AD0995'),
('MG0033','Kacy','Billo','kbillol@washington.edu',3188110423,'AD0462'),
('MG0034','Randolf','Ratter','rratterm@youku.com',9016830749,'AD0522'),
('MG0035','Theadora','Gauson','tgausonn@fema.gov',7929425176,'AD0943'),
('MG0036','Dewey','Greenway','dgreenwayo@gmpg.org',6327293486,'AD0320'),
('MG0037','Budd','Eppson','beppsonp@is.gd',7277668482,'AD0660'),
('MG0038','Brander','Lindop','blindopq@dot.gov',9074111079,'AD0817'),
('MG0039','Tonie','Circuitt','tcircuittr@apple.com',1067639967,'AD0726'),
('MG0040','Teresita','Bugdell','tbugdells@jugem.jp',7985815182,'AD0941'),
('MG0041','Dottie','Sumsion','dsumsiont@reuters.com',9623175375,'AD0924'),
('MG0042','Catarina','Efford','ceffordu@yahoo.com',6091449522,'AD0565'),
('MG0043','Wilhelm','De Zuani','wdezuaniv@webeden.co.uk',8219241385,'AD0698'),
('MG0044','Alyson','Chidwick','achidwickw@omniture.com',3844715106,'AD0913'),
('MG0045','Brandy','Davidson','bdavidsonx@ucsd.edu',2934461418,'AD0530'),
('MG0046','Kayley','Eldin','keldiny@symantec.com',3481747178,'AD0106'),
('MG0047','Jamison','Ollivier','jollivierz@hugedomains.com',4176319596,'AD0333'),
('MG0048','Ollie','Brito','obrito10@barnesandnoble.com',7311769375,'AD0322'),
('MG0049','Jessie','Del Dello','jdeldello11@technorati.com',3532847020,'AD0180'),
('MG0050','Adam','Emmison','aemmison12@technorati.com',4612898428,'AD0769'),
('MG0051','Fabian','Huikerby','fhuikerby13@state.gov',5966570147,'AD0597'),
('MG0052','Maxi','Colnet','mcolnet14@seattletimes.com',7155981083,'AD0889'),
('MG0053','Sheri','Plan','splan15@nasa.gov',8148675356,'AD0745'),
('MG0054','Timothee','Lehrahan','tlehrahan16@oakley.com',1308476179,'AD0300'),
('MG0055','Malinde','Petrosian','mpetrosian17@ucoz.com',8782798920,'AD0811'),
('MG0056','Isador','Spellesy','ispellesy18@theglobeandmail.com',4611554219,'AD0596'),
('MG0057','Timmi','Willimont','twillimont19@washington.edu',7893067830,'AD0653'),
('MG0058','Don','Goane','dgoane1a@baidu.com',1584056239,'AD0697'),
('MG0059','Clary','Currao','ccurrao1b@latimes.com',1699709606,'AD0080'),
('MG0060','Lizette','Heaslip','lheaslip1c@fastcompany.com',1395036205,'AD0155'),
('MG0061','Kerk','Corris','kcorris1d@vk.com',7876661315,'AD0804'),
('MG0062','Erick','Kezar','ekezar1e@lycos.com',5886426029,'AD0075'),
('MG0063','Panchito','Lowthian','plowthian1f@weibo.com',4824930741,'AD0157'),
('MG0064','Bartolemo','Wilshere','bwilshere1g@accuweather.com',2168079354,'AD0836'),
('MG0065','Malachi','Reside','mreside1h@barnesandnoble.com',5898675608,'AD0716'),
('MG0066','Cale','Larret','clarret1i@delicious.com',3508473999,'AD0181'),
('MG0067','Darya','Charrisson','dcharrisson1j@cam.ac.uk',4054585785,'AD0224'),
('MG0068','Octavia','Hillin','ohillin1k@mit.edu',3709421263,'AD0507'),
('MG0069','Gwen','Jagger','gjagger1l@wsj.com',4106769976,'AD0222'),
('MG0070','Lefty','Mohan','lmohan1m@constantcontact.com',2541359581,'AD0022'),
('MG0071','Shelli','Gatenby','sgatenby1n@fotki.com',9989636976,'AD0913'),
('MG0072','Kyle','Shovell','kshovell1o@live.com',5073849395,'AD0614'),
('MG0073','Aveline','Stading','astading1p@networkadvertising.org',1433635720,'AD0374'),
('MG0074','Denys','Shutte','dshutte1q@smh.com.au',7117260167,'AD0153'),
('MG0075','Thacher','Titchard','ttitchard1r@bloomberg.com',7345520533,'AD0052'),
('MG0076','Jewelle','Carine','jcarine1s@gravatar.com',4991918616,'AD0109'),
('MG0077','Jakie','Caso','jcaso1t@usa.gov',4546593645,'AD0416'),
('MG0078','Bil','Blondell','bblondell1u@google.fr',2936754988,'AD0097'),
('MG0079','Omar','Maskell','omaskell1v@oracle.com',4451200175,'AD0025'),
('MG0080','Scarlet','Stairmand','sstairmand1w@va.gov',3383210476,'AD0331'),
('MG0081','Jaquenette','Browning','jbrowning1x@hao123.com',4696732629,'AD0574'),
('MG0082','Had','Krzyzowski','hkrzyzowski1y@vistaprint.com',4705069131,'AD0461'),
('MG0083','Garry','Secker','gsecker1z@mozilla.org',8268456637,'AD0331'),
('MG0084','Sianna','Jagiello','sjagiello20@theglobeandmail.com',3803134466,'AD0195'),
('MG0085','Shalom','Glassborow','sglassborow21@google.com.hk',3882721736,'AD0182'),
('MG0086','Patricio','Toland','ptoland22@freewebs.com',8008793295,'AD0353'),
('MG0087','Giffy','Yurchenko','gyurchenko23@usgs.gov',7319426223,'AD0953'),
('MG0088','Angel','Tatam','atatam24@si.edu',9038239661,'AD0064'),
('MG0089','Obidiah','Cuseick','ocuseick25@springer.com',9647791570,'AD0120'),
('MG0090','Dex','Wingar','dwingar26@aol.com',3624875735,'AD0833'),
('MG0091','Amberly','Virr','avirr27@eepurl.com',8705419200,'AD0370'),
('MG0092','Weber','Edgson','wedgson28@myspace.com',3222597845,'AD0141'),
('MG0093','Godiva','Hawkswell','ghawkswell29@wiley.com',5709468242,'AD0856'),
('MG0094','Dorette','Mathet','dmathet2a@domainmarket.com',4022543502,'AD0226'),
('MG0095','Elicia','Seres','eseres2b@ustream.tv',5626005674,'AD0618'),
('MG0096','Rosmunda','Batch','rbatch2c@elpais.com',5444680386,'AD0243'),
('MG0097','Ardenia','Greenley','agreenley2d@scientificamerican.com',4765568162,'AD0418'),
('MG0098','Benito','Ezzell','bezzell2e@parallels.com',2033490423,'AD0353'),
('MG0099','Ede','Towhey','etowhey2f@exblog.jp',8582581864,'AD0623'),
('MG0100','Dorthea','Hanwright','dhanwright2g@i2i.jp',2969811487,'AD0390'),
('MG0101','Norean','Ales0','nales2h@nytimes.com',2569275378,'AD0505'),
('MG0102','Clotilda','Ivey','civey2i@pen.io',9392736259,'AD0854'),
('MG0103','Jedidiah','Ivakin','jivakin2j@ucla.edu',3461492091,'AD0154'),
('MG0104','Ellene','Falkous','efalkous2k@miitbeian.gov.cn',1408102350,'AD0728'),
('MG0105','Harbert','Marklow','hmarklow2l@istockphoto.com',8471273813,'AD0519'),
('MG0106','Rachel','Kerner','rkerner2m@networkadvertising.org',4659280615,'AD0075'),
('MG0107','Rolando','Renard','rrenard2n@msn.com',8755605543,'AD0118'),
('MG0108','Clerc','Matches','cmatches2o@thetimes.co.uk',6405669819,'AD0889'),
('MG0109','Siffre','Abdon','sabdon2p@cnn.com',6746057104,'AD0758'),
('MG0110','Ellswerth','Paladino','epaladino2q@stanford.edu',8444619334,'AD0207'),
('MG0111','Izaak','Kleynermans','ikleynermans2r@java.com',3086327726,'AD0601'),
('MG0112','Lyn','Favey','lfavey2s@rediff.com',7588178524,'AD0105'),
('MG0113','Dodi','La Croce','dlacroce2t@facebook.com',9532299145,'AD0181'),
('MG0114','Emmy','Forge','eforge2u@qq.com',1795147592,'AD0662'),
('MG0115','Sherwin','Casero','scasero2v@blinklist.com',6125128113,'AD0663'),
('MG0116','Daisey','Stockman','dstockman2w@census.gov',6621469149,'AD1003'),
('MG0117','Irene','Alexsandrev','ialexsandrev2x@seesaa.net',4046877907,'AD0097'),
('MG0118','Mufi','Earingey','mearingey2y@telegraph.co.uk',3793486456,'AD0015'),
('MG0119','Graig','Skipp','gskipp2z@instagram.com',9183907191,'AD0938'),
('MG0120','Rhianna','Ick','rick30@dell.com',2955552747,'AD0265'),
('MG0121','Alanah','Kluss','akluss31@admin.ch',3199705160,'AD0937'),
('MG0122','Noak','Chatwood','nchatwood32@hud.gov',2474073670,'AD0166'),
('MG0123','Helaina','Usherwood','husherwood33@businessweek.com',4771144145,'AD0786'),
('MG0124','Noah','Kingscote','nkingscote34@paginegialle.it',1658492719,'AD0082'),
('MG0125','Celestyn','Navarre','cnavarre35@weebly.com',7921834815,'AD0741'),
('MG0126','Ximenes','Noe','xnoe36@goo.ne.jp',8207250521,'AD0761'),
('MG0127','Archibald','Pietrzyk','apietrzyk37@narod.ru',3689617280,'AD0151'),
('MG0128','Sharia','Nardi','snardi38@comcast.net',7474492212,'AD0568'),
('MG0129','Malvina','Brisse','mbrisse39@marketwatch.com',5655074646,'AD0363'),
('MG0130','Holt','Roseburgh','hroseburgh3a@bandcamp.com',1841409009,'AD0356'),
('MG0131','Caroljean','Peltzer','cpeltzer3b@drupal.org',5928603236,'AD0887'),
('MG0132','Luci','Aspland','laspland3c@merriam-webster.com',1611919845,'AD0136'),
('MG0133','Rory','Senton','rsenton3d@issuu.com',4744985924,'AD0438'),
('MG0134','Irma','Lamort','ilamort3e@cafepress.com',3038407475,'AD0222'),
('MG0135','Candra','Dudderidge','cdudderidge3f@joomla.org',6602067404,'AD0207'),
('MG0136','Selene','Stockney','sstockney3g@sciencedaily.com',9951659961,'AD0188'),
('MG0137','Augie','Lovett','alovett3h@comsenz.com',4827125567,'AD0060'),
('MG0138','Willetta','Megany','wmegany3i@umn.edu',9055953585,'AD0177'),
('MG0139','Avictor','Sprigin','asprigin3j@geocities.com',6358340262,'AD0842'),
('MG0140','Pail','Klimpt','pklimpt3k@usatoday.com',3866314818,'AD0287'),
('MG0141','Lloyd','Danilishin','ldanilishin3l@walmart.com',8822260404,'AD0793'),
('MG0142','Findlay','Petlyura','fpetlyura3m@spiegel.de',2111680768,'AD0346'),
('MG0143','Tessie','Maplestone','tmaplestone3n@pagesperso-orange.fr',3579502126,'AD0118'),
('MG0144','Lorelle','Bartles','lbartles3o@privacy.gov.au',5619193165,'AD0432'),
('MG0145','Trey','Dober','tdober3p@etsy.com',3789103512,'AD0023'),
('MG0146','Frederick','Moxstead','fmoxstead3q@home.pl',1815964675,'AD0275'),
('MG0147','Jard','Ganders','jganders3r@washingtonpost.com',5737884234,'AD0124'),
('MG0148','Aharon','Jellard','ajellard3s@yellowbook.com',4228565192,'AD0969'),
('MG0149','Fancie','Dulinty','fdulinty3t@statcounter.com',8919999562,'AD0948'),
('MG0150','Theo','Wherton','twherton3u@ow.ly',1608445738,'AD0431'),
('MG0151','Bellina','Laity','blaity3v@1688.com',5499733415,'AD0506'),
('MG0152','Pietrek','Debling','pdebling3w@msu.edu',5506042638,'AD0103'),
('MG0153','Branden','Peppard','bpeppard3x@ovh.net',4369048380,'AD0421'),
('MG0154','Averil','Froggatt','afroggatt3y@dedecms.com',4896801034,'AD0662'),
('MG0155','Kale','Langhorn','klanghorn3z@sun.com',6573397157,'AD0320'),
('MG0156','Koralle','Lunny','klunny40@rambler.ru',3643092844,'AD0042'),
('MG0157','Bartolemo','Gorbell','bgorbell41@ifeng.com',7715436700,'AD0741'),
('MG0158','Adrianna','McNirlan','amcnirlan42@ihg.com',9179085194,'AD0891'),
('MG0159','Mandy','Grinvalds','mgrinvalds43@studiopress.com',6112006490,'AD0308'),
('MG0160','Nettle','Sempill','nsempill44@multiply.com',5256339483,'AD0232'),
('MG0161','Selina','Kielt','skielt45@feedburner.com',7003582797,'AD0961'),
('MG0162','Margaux','Abbot','mabbot46@google.fr',4538719745,'AD0939'),
('MG0163','Juline','Quig','jquig47@netvibes.com',8041762168,'AD0368'),
('MG0164','Pavia','Orred','porred48@dell.com',7893401146,'AD0285'),
('MG0165','Jodee','Flemmich','jflemmich49@tamu.edu',3984460760,'AD0672'),
('MG0166','Adrian','Fraine','afraine4a@opensource.org',9153568795,'AD0084'),
('MG0167','Tobye','Malia','tmalia4b@soup.io',4003625748,'AD0561'),
('MG0168','Bunni','Crowhurst','bcrowhurst4c@live.com',2976612295,'AD0741'),
('MG0169','Araldo','Snow','asnow4d@wix.com',5059090323,'AD0357'),
('MG0170','Ardyce','Bergstram','abergstram4e@yahoo.co.jp',6798068258,'AD0693'),
('MG0171','Octavius','Mankor','omankor4f@twitpic.com',2979539919,'AD0911'),
('MG0172','Thibaut','Girton','tgirton4g@bbc.co.uk',3072612325,'AD0926'),
('MG0173','Garrard','Lissaman','glissaman4h@tmall.com',9746407057,'AD0279'),
('MG0174','Lorine','Pirolini','lpirolini4i@sakura.ne.jp',4454542265,'AD0998'),
('MG0175','Hyatt','Gartery','hgartery4j@yahoo.com',9674821362,'AD0399'),
('MG0176','Morganica','Vanyard','mvanyard4k@ning.com',2249179957,'AD0844'),
('MG0177','Laetitia','Tramel','ltramel4l@va.gov',4025476478,'AD0586'),
('MG0178','Dewitt','Wallhead','dwallhead4m@archive.org',7406177561,'AD0940'),
('MG0179','Hyman','Murtell','hmurtell4n@weebly.com',9658683707,'AD0050'),
('MG0180','Ariadne','Boomes','aboomes4o@europa.eu',1239965304,'AD0186'),
('MG0181','Harrietta','Starie','hstarie4p@sohu.com',9224548281,'AD0779'),
('MG0182','Des','Weymont','dweymont4q@51.la',4855317170,'AD0736'),
('MG0183','Jeremias','Aiskovitch','jaiskovitch4r@opera.com',6884495859,'AD0694'),
('MG0184','Latrina','Moakson','lmoakson4s@epa.gov',9101985318,'AD0276'),
('MG0185','June','Feehily','jfeehily4t@miibeian.gov.cn',1135277268,'AD0926'),
('MG0186','Elsi','Thorowgood','ethorowgood4u@nsw.gov.au',9595796033,'AD0753'),
('MG0187','Joceline','Parr','jparr4v@tripadvisor.com',6598193017,'AD0038'),
('MG0188','Shaun','Idale','sidale4w@mtv.com',7545346572,'AD0013'),
('MG0189','Inglis','Lynde','ilynde4x@unblog.fr',8723515723,'AD0058'),
('MG0190','Alaine','Charle','acharle4y@usnews.com',5113410307,'AD0125'),
('MG0191','Brook','Carletto','bcarletto4z@cyberchimps.com',6962786564,'AD0987'),
('MG0192','Doria','Lichfield','dlichfield50@freewebs.com',5162987211,'AD0635'),
('MG0193','Riane','Martland','rmartland51@elegantthemes.com',5313111718,'AD0990'),
('MG0194','Abby','Heimann','aheimann52@people.com.cn',1681545873,'AD0451'),
('MG0195','Adelaida','Birchenough','abirchenough53@feedburner.com',4673312555,'AD0676'),
('MG0196','Roselle','Welman','rwelman54@scientificamerican.com',9062064085,'AD0439'),
('MG0197','Rosalind','Toffolini','rtoffolini55@china.com.cn',9489744079,'AD0375'),
('MG0198','Murial','Gensavage','mgensavage56@webs.com',5567356138,'AD0900'),
('MG0199','Arlina','Ferie','aferie57@nba.com',1521853183,'AD0624'),
('MG0200','Katuscha','Menere','kmenere58@slate.com',7072622668,'AD0432'),
('MG0201','Rosabelle','Franchyonok','rfranchyonok59@ezinearticles.com',2375142826,'AD0243'),
('MG0202','Cthrine','Sans','csans5a@pinterest.com',4724583570,'AD0974'),
('MG0203','Halsy','Romaine','hromaine5b@booking.com',7782139789,'AD0472'),
('MG0204','Corbin','Fores','cfores5c@craigslist.org',5796929811,'AD0262'),
('MG0205','Bernadene','Fosdike','bfosdike5d@canalblog.com',9982898879,'AD0354'),
('MG0206','Nico','Local','nlocal5e@histats.com',8655280297,'AD0235'),
('MG0207','Vance','Watmough','vwatmough5f@tripod.com',8015498877,'AD0260'),
('MG0208','Lezley','Gouinlock','lgouinlock5g@illinois.edu',4701861627,'AD0647'),
('MG0209','Francesco','Dowley','fdowley5h@psu.edu',6615535824,'AD0697'),
('MG0210','Rawley','McCallam','rmccallam5i@narod.ru',2341653219,'AD0322'),
('MG0211','Juliann','Le Huquet','jlehuquet5j@wufoo.com',4627410423,'AD0850'),
('MG0212','Cornie','De Bellis','cdebellis5k@gnu.org',7759907586,'AD1001'),
('MG0213','Iolande','Swindin','iswindin5l@biglobe.ne.jp',6578669915,'AD0139'),
('MG0214','Clary','McNutt','cmcnutt5m@sciencedaily.com',6715873114,'AD0634'),
('MG0215','Dolores','O'' Cloney','docloney5n@trellian.com',4451312936,'AD0137'),
('MG0216','Delmar','Bremley','dbremley5o@instagram.com',5077236820,'AD0866'),
('MG0217','Bent','Borthe','bborthe5p@wikimedia.org',4265005611,'AD0782'),
('MG0218','Gail','Feldbau','gfeldbau5q@myspace.com',7172881595,'AD0209'),
('MG0219','Guthrie','Beeke','gbeeke5r@hhs.gov',1344787474,'AD0912'),
('MG0220','Jan','Gradley','jgradley5s@bbc.co.uk',3048587099,'AD0293'),
('MG0221','Hamil','Gulliford','hgulliford5t@narod.ru',6303543152,'AD0791'),
('MG0222','Isac','Chomley','ichomley5u@shop-pro.jp',7205059487,'AD0419'),
('MG0223','Ximenes','Pavelka','xpavelka5v@sogou.com',8376888350,'AD0801'),
('MG0224','Tommy','Kilgrew','tkilgrew5w@blog.com',4804724048,'AD0312'),
('MG0225','Sutton','Jelfs','sjelfs5x@gmpg.org',3073028562,'AD0612'),
('MG0226','Hortense','Stanmer','hstanmer5y@hubpages.com',2091786722,'AD0269'),
('MG0227','Latia','Gawith','lgawith5z@ca.gov',3398216920,'AD0573'),
('MG0228','Egor','Bracegirdle','ebracegirdle60@topsy.com',3109103415,'AD0199'),
('MG0229','Corabel','Elener','celener61@theglobeandmail.com',8827056978,'AD0270'),
('MG0230','Ransell','Doel','rdoel62@slashdot.org',6455847078,'AD0330'),
('MG0231','Ericka','Raine','eraine63@hibu.com',8534391710,'AD0150'),
('MG0232','Bellina','Resun','bresun64@kickstarter.com',1992341686,'AD0340'),
('MG0233','Gilligan','Sauniere','gsauniere65@wsj.com',7576145060,'AD0097'),
('MG0234','Freda','Gunderson','fgunderson66@amazon.com',2407236189,'AD0481'),
('MG0235','Jean','Sarra','jsarra67@diigo.com',3235478412,'AD0093'),
('MG0236','Xerxes','Goodee','xgoodee68@ucsd.edu',8032594947,'AD0091'),
('MG0237','Cindra','Knatt','cknatt69@blogspot.com',8034479489,'AD0635'),
('MG0238','Corrie','Lintott','clintott6a@nydailynews.com',1253529113,'AD0991'),
('MG0239','Nichol','Tumber','ntumber6b@nyu.edu',2656641610,'AD0015'),
('MG0240','Joscelin','O'' Sullivan','josullivan6c@marriott.com',9855389540,'AD0207'),
('MG0241','Jeniffer','Somersett','jsomersett6d@blogger.com',1798208384,'AD0662'),
('MG0242','Griffy','Tattersill','gtattersill6e@chronoengine.com',9733557511,'AD0673'),
('MG0243','Staffard','Blade','sblade6f@infoseek.co.jp',1802437357,'AD0278'),
('MG0244','Brooke','Nijs','bnijs6g@hp.com',1165983448,'AD0071'),
('MG0245','Madonna','Ferrie','mferrie6h@mapquest.com',8265981313,'AD0250'),
('MG0246','Janela','Seeney','jseeney6i@xing.com',4513162880,'AD0234'),
('MG0247','Judi','Burt','jburt6j@accuweather.com',2645033273,'AD0631'),
('MG0248','Sharl','MacMurray','smacmurray6k@sourceforge.net',3613452117,'AD0185'),
('MG0249','Tedman','Grumble','tgrumble6l@1und1.de',8907964829,'AD0500'),
('MG0250','Sascha','Pulfer','spulfer6m@biglobe.ne.jp',1353972028,'AD0243'),
('MG0251','Ainslee','Lethardy','alethardy6n@spotify.com',1481853428,'AD0902'),
('MG0252','Reginauld','Tolworthie','rtolworthie6o@flickr.com',5991096125,'AD0111'),
('MG0253','Amory','Richel','arichel6p@google.ca',2141862777,'AD0159'),
('MG0254','Nat','Carillo','ncarillo6q@yahoo.com',9129951095,'AD0558'),
('MG0255','Cissiee','Jubb','cjubb6r@cisco.com',9465197689,'AD0698'),
('MG0256','Darwin','Kmietsch','dkmietsch6s@oakley.com',5163304880,'AD0340'),
('MG0257','Katey','Jenkerson','kjenkerson6t@taobao.com',6431323483,'AD0626'),
('MG0258','Georgeta','Sylvester','gsylvester6u@lycos.com',1144136757,'AD0465'),
('MG0259','Abdel','Lamberth','alamberth6v@newsvine.com',7087350914,'AD0128'),
('MG0260','Tori','Rawlcliffe','trawlcliffe6w@loc.gov',5793396898,'AD0360'),
('MG0261','Raychel','Sancroft','rsancroft6x@linkedin.com',7679906935,'AD0928'),
('MG0262','Paola','Carlyle','pcarlyle6y@ifeng.com',8044104077,'AD0194'),
('MG0263','Karl','Capitano','kcapitano6z@istockphoto.com',2814210721,'AD0924'),
('MG0264','Nev','Wren','nwren70@shinystat.com',8208440335,'AD0536'),
('MG0265','Gabie','Seamark','gseamark71@biblegateway.com',4278190749,'AD0169'),
('MG0266','Ferris','Allsup','fallsup72@eventbrite.com',7174358016,'AD0018'),
('MG0267','Lars','Oret','loret73@ezinearticles.com',1968369683,'AD0971'),
('MG0268','Bellina','Clissell','bclissell74@uol.com.br',8819642811,'AD0295'),
('MG0269','Fanya','Lever','flever75@jalbum.net',2203870755,'AD0569'),
('MG0270','Silvana','Saines','ssaines76@senate.gov',8741436509,'AD0566'),
('MG0271','Dalis','Dowse','ddowse77@scientificamerican.com',6052236188,'AD0216'),
('MG0272','Sondra','Whatmough','swhatmough78@cam.ac.uk',5421288394,'AD0477'),
('MG0273','Layla','Elles','lelles79@army.mil',9837955608,'AD0653'),
('MG0274','Ethe','Croom','ecroom7a@blogtalkradio.com',8124332960,'AD0617'),
('MG0275','Hendrik','Crickmore','hcrickmore7b@nationalgeographic.com',2057637088,'AD0065'),
('MG0276','Artemis','Catcheside','acatcheside7c@addtoany.com',9954970134,'AD0681'),
('MG0277','Hendrika','Otter','hotter7d@guardian.co.uk',2802925862,'AD0414'),
('MG0278','Cassey','Putson','cputson7e@hc360.com',4106888308,'AD0121'),
('MG0279','Marietta','Hartless','mhartless7f@newyorker.com',3282239077,'AD0930'),
('MG0280','Jamey','Carreyette','jcarreyette7g@abc.net.au',8338921200,'AD0869'),
('MG0281','Robena','Greader','rgreader7h@creativecommons.org',2627378156,'AD0210'),
('MG0282','Onfre','Dabbes','odabbes7i@spiegel.de',8201743234,'AD0868'),
('MG0283','Bowie','Balcers','bbalcers7j@earthlink.net',9194483155,'AD0305'),
('MG0284','Greta','Poulgreen','gpoulgreen7k@studiopress.com',6537659046,'AD0503'),
('MG0285','Guillermo','Whalebelly','gwhalebelly7l@hostgator.com',8457522351,'AD0992'),
('MG0286','Andeee','Nann','anann7m@creativecommons.org',3199346965,'AD0807'),
('MG0287','Ingra','Padwick','ipadwick7n@senate.gov',2236621415,'AD0831'),
('MG0288','Celestine','Nunan','cnunan7o@elpais.com',4303113370,'AD0997'),
('MG0289','Karyn','Baford','kbaford7p@goo.gl',8167161271,'AD0981'),
('MG0290','Ola','Le Franc','olefranc7q@vistaprint.com',8168882434,'AD0729'),
('MG0291','Nanice','Tume','ntume7r@wp.com',7868597002,'AD0113'),
('MG0292','Margaux','Niven','mniven7s@blogtalkradio.com',5236700774,'AD0338'),
('MG0293','Gerta','Simonnot','gsimonnot7t@youku.com',3028296594,'AD0299'),
('MG0294','Neddie','Vennard','nvennard7u@smugmug.com',5618374613,'AD0678'),
('MG0295','Arnie','Beavan','abeavan7v@dion.ne.jp',7834448104,'AD0686'),
('MG0296','Jasmina','Dominetti','jdominetti7w@vimeo.com',1377663241,'AD0306'),
('MG0297','Tabatha','Baguley','tbaguley7x@wisc.edu',6929724565,'AD0146'),
('MG0298','Cesare','Matterface','cmatterface7y@dyndns.org',3756680814,'AD0215'),
('MG0299','Patrizio','Eggleson','peggleson7z@blogger.com',3617093106,'AD0393'),
('MG0300','Birgit','Churching','bchurching80@t.co',6982724045,'AD0845'),
('MG0301','Donal','Filipchikov','dfilipchikov81@reddit.com',6638925526,'AD0039'),
('MG0302','Fancie','Basketfield','fbasketfield82@techcrunch.com',7825697387,'AD0408'),
('MG0303','Adrienne','Aiers','aaiers83@spiegel.de',9797827836,'AD0643'),
('MG0304','Guthrie','Vigurs','gvigurs84@pcworld.com',8099142547,'AD0786'),
('MG0305','Opal','Dooney','odooney85@salon.com',5697919705,'AD0335'),
('MG0306','Vonnie','Ratcliffe','vratcliffe86@statcounter.com',2911033090,'AD0207'),
('MG0307','Woody','Macklin','wmacklin87@blinklist.com',9458255989,'AD0437'),
('MG0308','Nanete','Huzzay','nhuzzay88@cnn.com',1396160516,'AD0306'),
('MG0309','Hughie','Keppin','hkeppin89@altervista.org',3215048088,'AD0682'),
('MG0310','Christi','Theunissen','ctheunissen8a@bandcamp.com',5606129346,'AD0690'),
('MG0311','Michel','Lapworth','mlapworth8b@gmpg.org',4758405656,'AD0807'),
('MG0312','Nolie','Abramov','nabramov8c@addthis.com',3934491495,'AD0223'),
('MG0313','Astra','Hedditch','ahedditch8d@vkontakte.ru',7316304308,'AD0361'),
('MG0314','Danila','Miles','dmiles8e@yahoo.co.jp',8396665971,'AD0513'),
('MG0315','Leah','Mewes','lmewes8f@nydailynews.com',5394395413,'AD0332'),
('MG0316','Rutledge','Stempe','rstempe8g@ftc.gov',7066046974,'AD0436'),
('MG0317','Daisi','Krabbe','dkrabbe8h@mit.edu',9897844052,'AD0439'),
('MG0318','Nevile','Baigrie','nbaigrie8i@google.ru',3198805322,'AD0794'),
('MG0319','Raquela','Newbigging','rnewbigging8j@networkadvertising.org',7128962778,'AD0671'),
('MG0320','Maynord','Jerger','mjerger8k@cnet.com',1742128677,'AD0666'),
('MG0321','Marybelle','Chastney','mchastney8l@blog.com',9816514673,'AD0530'),
('MG0322','Sabina','O''Hannigan','sohannigan8m@wordpress.org',2896091616,'AD0548'),
('MG0323','Alfonso','Ferraron','aferraron8n@ibm.com',2489560267,'AD0652'),
('MG0324','Boy','Chastelain','bchastelain8o@narod.ru',3076665124,'AD0871'),
('MG0325','Orran','Fortey','ofortey8p@java.com',8189615556,'AD0516'),
('MG0326','Joyann','Alfonsetti','jalfonsetti8q@instagram.com',6357413883,'AD0779'),
('MG0327','Welbie','Loraine','wloraine8r@lulu.com',6469164540,'AD0318'),
('MG0328','Archambault','Normanville','anormanville8s@sogou.com',5899103087,'AD0624'),
('MG0329','Killian','Boness','kboness8t@webeden.co.uk',6164682557,'AD0976'),
('MG0330','Bogey','Eddy','beddy8u@uiuc.edu',1505810680,'AD0264'),
('MG0331','Marcy','Fulbrook','mfulbrook8v@simplemachines.org',4164336976,'AD0454'),
('MG0332','Jaclin','Lobb','jlobb8w@telegraph.co.uk',9117445519,'AD0050'),
('MG0333','Nestor','Baldery','nbaldery8x@epa.gov',3292106349,'AD0217'),
('MG0334','Gabriela','Domm','gdomm8y@disqus.com',1476385626,'AD0115'),
('MG0335','Coral','Saintsbury','csaintsbury8z@addthis.com',9505138113,'AD0552'),
('MG0336','Cletis','Kellog','ckellog90@baidu.com',8363251227,'AD0861'),
('MG0337','Elnore','MacAlroy','emacalroy91@cbsnews.com',4258383223,'AD0754'),
('MG0338','Shandeigh','Terrazzo','sterrazzo92@marketwatch.com',6568519490,'AD0216'),
('MG0339','Jeramey','Monday','jmonday93@hp.com',3823526099,'AD0892'),
('MG0340','Deanna','Hritzko','dhritzko94@wufoo.com',4598018670,'AD0428'),
('MG0341','Jeremias','Attwell','jattwell95@opera.com',7917165500,'AD0773'),
('MG0342','Rakel','Castiello','rcastiello96@elpais.com',4816817328,'AD0720'),
('MG0343','Archie','Ricca','aricca97@phpbb.com',8094233225,'AD0360'),
('MG0344','Ludovika','Ranscombe','lranscombe98@shareasale.com',4066251991,'AD0817'),
('MG0345','Merna','Scapelhorn','mscapelhorn99@dion.ne.jp',9891373904,'AD0668'),
('MG0346','Guendolen','Kingzet','gkingzet9a@typepad.com',2294548297,'AD0883'),
('MG0347','Juliette','Dog','jdog9b@dyndns.org',3043056315,'AD0952'),
('MG0348','Gerardo','Hulmes','ghulmes9c@hp.com',9423455882,'AD0190'),
('MG0349','Oliviero','MacLaig','omaclaig9d@patch.com',4121147347,'AD0966'),
('MG0350','Fawnia','Blanden','fblanden9e@discuz.net',5065029709,'AD0658'),
('MG0351','Loralyn','Chesser','lchesser9f@skyrock.com',5895638263,'AD0380'),
('MG0352','Thedric','Trotter','ttrotter9g@hatena.ne.jp',3514747680,'AD0995'),
('MG0353','Nickolaus','Kidgell','nkidgell9h@businessweek.com',6325953475,'AD0045'),
('MG0354','Gaile','Jacobowicz','gjacobowicz9i@go.com',3993615936,'AD0622'),
('MG0355','Gabriella','Kneeland','gkneeland9j@topsy.com',3457412438,'AD0123'),
('MG0356','Margery','Asp','masp9k@woothemes.com',9956769905,'AD0947'),
('MG0357','Burt','Dauncey','bdauncey9l@admin.ch',2262352155,'AD0923'),
('MG0358','Zorah','Tejada','ztejada9m@xrea.com',4665737249,'AD0017'),
('MG0359','Lukas','Dumbar','ldumbar9n@xrea.com',2126360812,'AD0273'),
('MG0360','Kara-lynn','Wasylkiewicz','kwasylkiewicz9o@usda.gov',5719388587,'AD0866'),
('MG0361','Stanton','Hurring','shurring9p@4shared.com',8983851028,'AD0938'),
('MG0362','Gibby','Spacie','gspacie9q@yelp.com',1591053494,'AD0907'),
('MG0363','Terry','Kingaby','tkingaby9r@wordpress.org',7691050608,'AD0015'),
('MG0364','Grange','Sharphurst','gsharphurst9s@xinhuanet.com',5411841685,'AD0063'),
('MG0365','Shepard','Inchan','sinchan9t@addthis.com',6432829727,'AD0661'),
('MG0366','Claudie','Alphonso','calphonso9u@odnoklassniki.ru',3726913306,'AD0713'),
('MG0367','Lazarus','Yandle','lyandle9v@usgs.gov',5461390864,'AD0165'),
('MG0368','Jean','Vagg','jvagg9w@upenn.edu',5942162298,'AD0122'),
('MG0369','Orren','Whitty','owhitty9x@blog.com',1343307582,'AD0469'),
('MG0370','Cole','Maidment','cmaidment9y@naver.com',9896159005,'AD0692'),
('MG0371','Worthington','Hiers','whiers9z@is.gd',8972137738,'AD0223'),
('MG0372','Rudyard','Capstick','rcapsticka0@netscape.com',1902167358,'AD0591'),
('MG0373','Dione','Phillps','dphillpsa1@ask.com',4398078651,'AD0231'),
('MG0374','Teodor','Cumber','tcumbera2@skype.com',3399808286,'AD0209'),
('MG0375','Addie','Eat','aeata3@purevolume.com',1625192529,'AD0566'),
('MG0376','Rodd','Woodnutt','rwoodnutta4@princeton.edu',7931341159,'AD0329'),
('MG0377','Ginni','Veasey','gveaseya5@4shared.com',2465701559,'AD0307'),
('MG0378','Humphrey','Mee','hmeea6@usgs.gov',3223593076,'AD0062'),
('MG0379','Zebulen','Huyhton','zhuyhtona7@vkontakte.ru',7067939717,'AD0970'),
('MG0380','Davis','Faveryear','dfaveryeara8@craigslist.org',9305936015,'AD0976'),
('MG0381','Tadd','Colebourne','tcolebournea9@taobao.com',5294135330,'AD0565'),
('MG0382','Dasya','Rexworthy','drexworthyaa@youtu.be',1411193497,'AD0437'),
('MG0383','Rozina','Lambie','rlambieab@indiegogo.com',8114756469,'AD0427'),
('MG0384','Chevy','Ferenczy','cferenczyac@51.la',9767844764,'AD0303'),
('MG0385','Lona','Bracchi','lbracchiad@skype.com',8028920479,'AD0472'),
('MG0386','Ninetta','Skipp','nskippae@huffingtonpost.com',6468004540,'AD0542'),
('MG0387','Shirleen','Malcolm','smalcolmaf@discovery.com',4501135632,'AD0305'),
('MG0388','Maurits','Bollands','mbollandsag@amazonaws.com',9366986942,'AD0999'),
('MG0389','Gweneth','Dudin','gdudinah@howstuffworks.com',5295399225,'AD0371'),
('MG0390','Tedda','Hussy','thussyai@reuters.com',4493728683,'AD0389'),
('MG0391','Cyb','Niccolls','cniccollsaj@chronoengine.com',7448033186,'AD0253'),
('MG0392','Kerrill','Clawson','kclawsonak@digg.com',1086427323,'AD0784'),
('MG0393','Carmela','Woolrich','cwoolrichal@a8.net',2983201308,'AD0967'),
('MG0394','Jasen','Burle','jburleam@google.com',3644025962,'AD0668'),
('MG0395','Dar','Tirkin','dtirkinan@cdc.gov',5938233399,'AD0915'),
('MG0396','Margery','Paskerful','mpaskerfulao@prweb.com',7385593065,'AD0627'),
('MG0397','Rory','Trevain','rtrevainap@jimdo.com',1833710261,'AD0674'),
('MG0398','Phillie','Gotfrey','pgotfreyaq@xinhuanet.com',3044072684,'AD0165'),
('MG0399','Udell','Billsberry','ubillsberryar@nifty.com',8945832282,'AD0414'),
('MG0400','Ganny','MacQuaker','gmacquakeras@fema.gov',8528966612,'AD0204'),
('MG0401','Oralla','Inkpin','oinkpinat@flavors.me',2978871540,'AD0939'),
('MG0402','Corbett','Ranvoise','cranvoiseau@imgur.com',8412109346,'AD0747'),
('MG0403','Grissel','Quincee','gquinceeav@printfriendly.com',7746073023,'AD0798'),
('MG0404','Vincent','Liversedge','vliversedgeaw@networkadvertising.org',3631189712,'AD0725'),
('MG0405','Tabbie','Bradnam','tbradnamax@csmonitor.com',8681088458,'AD0849'),
('MG0406','Birdie','Kennagh','bkennaghay@comcast.net',1987984867,'AD0453'),
('MG0407','Marve','Tester','mtesteraz@pagesperso-orange.fr',6381331476,'AD0084'),
('MG0408','Svend','De Beauchemp','sdebeauchempb0@vinaora.com',1032323271,'AD0639'),
('MG0409','Tymon','Sloane','tsloaneb1@thetimes.co.uk',6831038521,'AD0361'),
('MG0410','Daron','Izkoveski','dizkoveskib2@dell.com',3512188096,'AD0888'),
('MG0411','Dita','Cousens','dcousensb3@ihg.com',9043119923,'AD0372'),
('MG0412','Clayton','Lydden','clyddenb4@cdbaby.com',5759023400,'AD0818'),
('MG0413','Merwin','Joutapaitis','mjoutapaitisb5@tripadvisor.com',5119968114,'AD0247'),
('MG0414','Faunie','Mountney','fmountneyb6@shareasale.com',8844129805,'AD0713'),
('MG0415','Nollie','Gatling','ngatlingb7@craigslist.org',2027350249,'AD0455'),
('MG0416','Sharia','Keesman','skeesmanb8@webmd.com',3857967916,'AD0240'),
('MG0417','Mabel','Sommerton','msommertonb9@istockphoto.com',3893407301,'AD0437'),
('MG0418','Wiley','Crickmoor','wcrickmoorba@intel.com',6283598582,'AD0708'),
('MG0419','Marie-jeanne','Hazael','mhazaelbb@amazon.com',9147543885,'AD0780'),
('MG0420','Newton','Twyning','ntwyningbc@cafepress.com',2939400620,'AD0341'),
('MG0421','Elihu','Sturch','esturchbd@virginia.edu',8226545742,'AD0757'),
('MG0422','Angeli','Capponeer','acapponeerbe@mit.edu',7571162614,'AD0568'),
('MG0423','Randy','Coltan','rcoltanbf@google.cn',9892626270,'AD0141'),
('MG0424','Sarina','Yellowlee','syellowleebg@cbslocal.com',4561907016,'AD0726'),
('MG0425','Johann','Moon','jmoonbh@scientificamerican.com',4039221861,'AD0218'),
('MG0426','Blair','Poulston','bpoulstonbi@bizjournals.com',9933055570,'AD0340'),
('MG0427','Tull','Pendrid','tpendridbj@wufoo.com',1977729861,'AD0432'),
('MG0428','Jourdain','Wallbanks','jwallbanksbk@cafepress.com',8344290193,'AD0075'),
('MG0429','Victoria','Cassy','vcassybl@si.edu',3209077351,'AD0901'),
('MG0430','Lexie','Fleote','lfleotebm@usgs.gov',8122328178,'AD0141'),
('MG0431','Sisely','Skepper','sskepperbn@google.ca',1755895718,'AD0935'),
('MG0432','Rob','Compton','rcomptonbo@nationalgeographic.com',7948051069,'AD0745'),
('MG0433','Madelene','Egdal','megdalbp@topsy.com',5588598343,'AD0151'),
('MG0434','Davie','Shirer','dshirerbq@webeden.co.uk',9601200181,'AD0614'),
('MG0435','Brena','Momery','bmomerybr@slate.com',9794293161,'AD0073'),
('MG0436','Kurtis','Steers','ksteersbs@mashable.com',5913319487,'AD0701'),
('MG0437','Zacharias','Keddie','zkeddiebt@flickr.com',1228911216,'AD0325'),
('MG0438','Winnie','Bramhall','wbramhallbu@ucla.edu',7527239740,'AD0367'),
('MG0439','Kassey','Altofts','kaltoftsbv@xinhuanet.com',7526980796,'AD0318'),
('MG0440','Sarah','Itzkovich','sitzkovichbw@unblog.fr',5938026173,'AD0178'),
('MG0441','Gaston','Fakeley','gfakeleybx@hexun.com',5457212477,'AD0518'),
('MG0442','Hollis','Glauber','hglauberby@xrea.com',2288250820,'AD0544'),
('MG0443','Tersina','Redihalgh','tredihalghbz@plala.or.jp',8054452150,'AD0910'),
('MG0444','Anetta','Winkett','awinkettc0@blogger.com',9232528848,'AD0676'),
('MG0445','Itch','Bracken','ibrackenc1@youku.com',3566327717,'AD0760'),
('MG0446','Edd','Anton','eantonc2@craigslist.org',4786440128,'AD0500'),
('MG0447','Oneida','Inkster','oinksterc3@surveymonkey.com',4312332662,'AD0401'),
('MG0448','Sean','Wyrill','swyrillc4@geocities.jp',9019375112,'AD0688'),
('MG0449','Myrwyn','Gellion','mgellionc5@cocolog-nifty.com',4984151485,'AD1011'),
('MG0450','Auberta','Kingett','akingettc6@newsvine.com',7438838108,'AD0506'),
('MG0451','Donna','Grishmanov','dgrishmanovc7@aboutads.info',3071401710,'AD0579'),
('MG0452','Paulina','Brantzen','pbrantzenc8@addthis.com',3747365692,'AD0859'),
('MG0453','Marcelle','Skamell','mskamellc9@slideshare.net',5845567617,'AD0812'),
('MG0454','Lydon','Gregh','lgreghca@indiatimes.com',5845361768,'AD0360'),
('MG0455','Myriam','O''Doohaine','modoohainecb@telegraph.co.uk',2736521172,'AD0183'),
('MG0456','Danya','Oliva','dolivacc@deliciousdays.com',3081266008,'AD0100'),
('MG0457','Sandro','Fairpo','sfairpocd@youtube.com',5282735873,'AD0899'),
('MG0458','Adolpho','Rudham','arudhamce@gravatar.com',6001837572,'AD0721'),
('MG0459','Dusty','de la Tremoille','ddelatremoillecf@newyorker.com',5912856711,'AD1000'),
('MG0460','Annadiana','Suche','asuchecg@tuttocitta.it',7022626484,'AD0588'),
('MG0461','Dorine','Stenyng','dstenyngch@squidoo.com',4918778502,'AD0187'),
('MG0462','Graeme','Giacopello','ggiacopelloci@marketwatch.com',6796022039,'AD0036'),
('MG0463','Karlen','Coch','kcochcj@businessweek.com',8665950344,'AD0306'),
('MG0464','Korry','Balf','kbalfck@godaddy.com',9175604585,'AD0414'),
('MG0465','Dore','Garrad','dgarradcl@amazon.co.jp',3312717987,'AD0510'),
('MG0466','Archer','Easthope','aeasthopecm@bloomberg.com',7038903543,'AD0938'),
('MG0467','Aldon','Steely','asteelycn@sciencedirect.com',3085898836,'AD0379'),
('MG0468','Shannen','Gemson','sgemsonco@imageshack.us',4964497249,'AD0150'),
('MG0469','Tad','Littleover','tlittleovercp@storify.com',6911761726,'AD0185'),
('MG0470','Sheena','Gorham','sgorhamcq@4shared.com',3442430890,'AD0073'),
('MG0471','Gayla','Bullimore','gbullimorecr@mashable.com',6252069794,'AD0715'),
('MG0472','Kirstyn','Lawling','klawlingcs@merriam-webster.com',5686034793,'AD0517'),
('MG0473','Waite','Righy','wrighyct@nationalgeographic.com',8335305375,'AD0014'),
('MG0474','Dylan','Workes','dworkescu@slideshare.net',1013341288,'AD0436'),
('MG0475','My','Gilloran','mgillorancv@example.com',5615764219,'AD0936'),
('MG0476','Eirena','Spivey','espiveycw@state.gov',6018129254,'AD0823'),
('MG0477','Dwain','Telfer','dtelfercx@narod.ru',5589307916,'AD0569'),
('MG0478','Alejandrina','McMorran','amcmorrancy@bloglines.com',9423453740,'AD0386'),
('MG0479','Jodi','Sutton','jsuttoncz@github.com',7231779329,'AD0866'),
('MG0480','Wainwright','Dockwra','wdockwrad0@youtu.be',8708672930,'AD0925'),
('MG0481','Ferrel','Olivo','folivod1@wikispaces.com',1508505413,'AD0715'),
('MG0482','Winston','Diano','wdianod2@wufoo.com',8062369527,'AD0730'),
('MG0483','Corly','Tunnow','ctunnowd3@youtu.be',2142275964,'AD0084'),
('MG0484','Dorisa','Iohananof','diohananofd4@dell.com',2792369401,'AD0943'),
('MG0485','Cornie','Dodsworth','cdodsworthd5@chron.com',6698984596,'AD0145'),
('MG0486','Teddie','Dietmar','tdietmard6@wunderground.com',8451251824,'AD0409'),
('MG0487','Wenonah','Scud','wscudd7@technorati.com',1209192737,'AD0418'),
('MG0488','Pierce','Eckhard','peckhardd8@abc.net.au',2143993243,'AD0104'),
('MG0489','Ulick','Mateu','umateud9@alexa.com',2346178219,'AD0326'),
('MG0490','Karlen','Infantino','kinfantinoda@networkadvertising.org',5551350359,'AD0598'),
('MG0491','Noak','McGennis','nmcgennisdb@addthis.com',7409038280,'AD0161'),
('MG0492','Daniel','Muirhead','dmuirheaddc@cmu.edu',8324584636,'AD0690'),
('MG0493','Lutero','Mount','lmountdd@t.co',9347659550,'AD0676'),
('MG0494','Sybilla','Ferrao','sferraode@bigcartel.com',5068086393,'AD0231'),
('MG0495','Dalila','Ferrino','dferrinodf@youku.com',7934983664,'AD0553'),
('MG0496','Liz','Drew','ldrewdg@1und1.de',4503081556,'AD0196'),
('MG0497','Bendite','Conneely','bconneelydh@paypal.com',9885750210,'AD0969'),
('MG0498','Omero','Meech','omeechdi@360.cn',2252909489,'AD0327'),
('MG0499','Karlotte','Ambrozik','kambrozikdj@ning.com',5932079476,'AD0940'),
('MG0500','Frannie','Mallon','fmallondk@marketwatch.com',6141761590,'AD0525'),
('MG0501','Ofilia','Chitty','ochittydl@cbc.ca',9622942562,'AD0943'),
('MG0502','Dayle','Zanutti','dzanuttidm@theguardian.com',7334643689,'AD0728'),
('MG0503','Say','Sautter','ssautterdn@arizona.edu',9758336211,'AD0324'),
('MG0504','Gaby','Vankin','gvankindo@vimeo.com',2199434902,'AD0215'),
('MG0505','Amye','Ksandra','aksandradp@meetup.com',4263648307,'AD0836'),
('MG0506','Rebecka','Ellyatt','rellyattdq@spiegel.de',6794440800,'AD0293'),
('MG0507','Shalne','Dudbridge','sdudbridgedr@hhs.gov',3955786068,'AD0492'),
('MG0508','Bryna','Shipman','bshipmands@squarespace.com',3973985489,'AD0471'),
('MG0509','Marwin','Magson','mmagsondt@privacy.gov.au',4257522363,'AD0083'),
('MG0510','Andy','Blackmore','ablackmoredu@deliciousdays.com',5581881740,'AD0929'),
('MG0511','Esma','Castilla','ecastilladv@devhub.com',4592038501,'AD0726'),
('MG0512','Micheline','Pletts','mplettsdw@bloglovin.com',3829121977,'AD0027'),
('MG0513','Flor','Ciciari','fciciaridx@europa.eu',4311197083,'AD0780'),
('MG0514','Cleavland','McCullock','cmccullockdy@google.de',7546034044,'AD0251'),
('MG0515','Marsh','Cacacie','mcacaciedz@blogtalkradio.com',4041882967,'AD0179'),
('MG0516','Gerrard','Andrewartha','gandrewarthae0@cocolog-nifty.com',4123371717,'AD0683'),
('MG0517','Avrit','Busk','abuske1@opera.com',5728584392,'AD0530'),
('MG0518','Koral','Danford','kdanforde2@netscape.com',9557142634,'AD0151'),
('MG0519','Margeaux','Haddrill','mhaddrille3@admin.ch',3125931374,'AD0359'),
('MG0520','Niccolo','Tarte','ntartee4@ameblo.jp',3829564486,'AD0684'),
('MG0521','Nana','Bowick','nbowicke5@nytimes.com',6076946253,'AD0261'),
('MG0522','Skip','Corbitt','scorbitte6@feedburner.com',9775938431,'AD0982'),
('MG0523','Leif','Alecock','lalecocke7@liveinternet.ru',7283484075,'AD0792'),
('MG0524','Tam','Hargrove','thargrovee8@woothemes.com',2603494139,'AD1000'),
('MG0525','Rozele','Galea','rgaleae9@imdb.com',3792674527,'AD0163'),
('MG0526','Krysta','Heisler','kheislerea@businessweek.com',8752612649,'AD0617'),
('MG0527','Alfi','Chrishop','achrishopeb@fotki.com',9282807849,'AD0876'),
('MG0528','Norah','Cotes','ncotesec@cloudflare.com',8048818637,'AD0926'),
('MG0529','Graeme','Lilburne','glilburneed@flickr.com',5412479201,'AD0411'),
('MG0530','Lawry','Chmarny','lchmarnyee@sun.com',5306987525,'AD0151'),
('MG0531','Winifred','Overnell','wovernellef@nps.gov',9391092723,'AD0143'),
('MG0532','Harold','O''Scollain','hoscollaineg@google.com.au',9544402952,'AD0412'),
('MG0533','Carson','Tibbotts','ctibbottseh@arizona.edu',1394969057,'AD0516'),
('MG0534','Hynda','Harriday','hharridayei@jugem.jp',3149026631,'AD0595'),
('MG0535','Norah','Szymonwicz','nszymonwiczej@skype.com',6413116082,'AD0604'),
('MG0536','Anselma','Witter','awitterek@macromedia.com',8767381352,'AD0916'),
('MG0537','Joshua','Ost','jostel@dmoz.org',9439296510,'AD0157'),
('MG0538','Marcelia','Sloyan','msloyanem@psu.edu',9695204378,'AD0530'),
('MG0539','Delano','Marvel','dmarvelen@nyu.edu',8025491110,'AD0646'),
('MG0540','Lindsey','Robelow','lrobeloweo@pen.io',1953946775,'AD0648'),
('MG0541','Niel','Jiruch','njiruchep@zdnet.com',9806979456,'AD0137'),
('MG0542','Ethelbert','Steed','esteedeq@github.com',9135309118,'AD0292'),
('MG0543','Rae','Bosomworth','rbosomworther@wikipedia.org',3119333788,'AD1010'),
('MG0544','Sheppard','Cousen','scousenes@independent.co.uk',9371957678,'AD0530'),
('MG0545','Charmaine','Luppitt','cluppittet@slideshare.net',2655843344,'AD0654'),
('MG0546','Merralee','McClaurie','mmcclaurieeu@foxnews.com',2326286992,'AD0948'),
('MG0547','Elyn','Ingerfield','eingerfieldev@cam.ac.uk',4149945422,'AD0643'),
('MG0548','Ealasaid','Natt','enattew@ucoz.ru',3382646550,'AD0304'),
('MG0549','Marita','Welsh','mwelshex@examiner.com',2473861046,'AD0446'),
('MG0550','Glori','Goodrum','ggoodrumey@scientificamerican.com',2353674233,'AD0015'),
('MG0551','Cully','Aggett','caggettez@adobe.com',6468499306,'AD0922'),
('MG0552','Velvet','Iianon','viianonf0@cdc.gov',4554231904,'AD0763'),
('MG0553','Abdul','Iacivelli','aiacivellif1@rakuten.co.jp',5982364845,'AD0472'),
('MG0554','Corabelle','MacKeller','cmackellerf2@dmoz.org',2991008789,'AD0596'),
('MG0555','Flora','Coward','fcowardf3@intel.com',7811864849,'AD0549'),
('MG0556','Belle','Mozzi','bmozzif4@geocities.com',7629057940,'AD0231'),
('MG0557','Ford','Mateiko','fmateikof5@cloudflare.com',5239231511,'AD0701'),
('MG0558','Wylie','Zanneli','wzannelif6@state.tx.us',4505748543,'AD0355'),
('MG0559','Jacklyn','Robins','jrobinsf7@yellowpages.com',8295562327,'AD0657'),
('MG0560','Indira','Mackstead','imacksteadf8@usgs.gov',6444865699,'AD0065'),
('MG0561','Lesley','Deschlein','ldeschleinf9@bravesites.com',4739910707,'AD0291'),
('MG0562','Dory','Renton','drentonfa@fc2.com',4103387943,'AD0586'),
('MG0563','Larine','Dessant','ldessantfb@wired.com',5874142151,'AD0075'),
('MG0564','Briny','Trevers','btreversfc@imageshack.us',6703481766,'AD0094'),
('MG0565','Lanie','Poser','lposerfd@w3.org',8875037658,'AD0894'),
('MG0566','Janessa','Slader','jsladerfe@cbsnews.com',6604123970,'AD0384'),
('MG0567','Corry','Peatheyjohns','cpeatheyjohnsff@ameblo.jp',3629029087,'AD0474'),
('MG0568','Gabe','Jersch','gjerschfg@mayoclinic.com',5885366499,'AD0687'),
('MG0569','Olly','Morriarty','omorriartyfh@lycos.com',6023661815,'AD0046'),
('MG0570','Stuart','Enos','senosfi@parallels.com',9302810454,'AD0861'),
('MG0571','Liza','Edmondson','ledmondsonfj@salon.com',8654610742,'AD0078'),
('MG0572','Cecil','Borrel','cborrelfk@opensource.org',8137207109,'AD0319'),
('MG0573','Tod','Hallowes','thallowesfl@blinklist.com',8954096367,'AD0712'),
('MG0574','Mae','Minnette','mminnettefm@domainmarket.com',9971407110,'AD0139'),
('MG0575','Rudd','Sobieski','rsobieskifn@salon.com',2268703624,'AD1010'),
('MG0576','Janek','Camoletto','jcamolettofo@tinyurl.com',8882717339,'AD0333'),
('MG0577','Daryn','Spinige','dspinigefp@gnu.org',5481919499,'AD0764'),
('MG0578','Brendan','Reinbach','breinbachfq@wired.com',3438579173,'AD0871'),
('MG0579','Lefty','Saterweyte','lsaterweytefr@typepad.com',1271945894,'AD0806'),
('MG0580','Peterus','Rowbottam','prowbottamfs@e-recht24.de',2249565315,'AD0856'),
('MG0581','Shalna','Eason','seasonft@cornell.edu',7728401005,'AD0870'),
('MG0582','Maxim','Waller-Bridge','mwallerbridgefu@elpais.com',8558019207,'AD0883'),
('MG0583','Zelda','Giovannilli','zgiovannillifv@guardian.co.uk',6039769373,'AD0607'),
('MG0584','Anabel','Jansa','ajansafw@tripod.com',3968668153,'AD0705'),
('MG0585','Finn','Quittonden','fquittondenfx@dailymail.co.uk',7534708110,'AD0558'),
('MG0586','Inessa','Jannaway','ijannawayfy@ifeng.com',4084394519,'AD0608'),
('MG0587','Cori','Ablett','cablettfz@w3.org',4135470105,'AD0593'),
('MG0588','Tandy','Moran','tmorang0@digg.com',7596342720,'AD0451'),
('MG0589','Nanice','Arboin','narboing1@de.vu',3147592205,'AD0446'),
('MG0590','Genia','Noraway','gnorawayg2@artisteer.com',6418738977,'AD0899'),
('MG0591','Fraze','Belcham','fbelchamg3@example.com',5429298292,'AD0693'),
('MG0592','Courtnay','Stolberger','cstolbergerg4@usa.gov',1384855190,'AD0740'),
('MG0593','Nessy','Wisbey','nwisbeyg5@vimeo.com',6197677759,'AD0511'),
('MG0594','Fitzgerald','Skill','fskillg6@usa.gov',9141980946,'AD0914'),
('MG0595','Andrea','Mordie','amordieg7@thetimes.co.uk',7325765616,'AD0286'),
('MG0596','Honoria','Schottli','hschottlig8@seesaa.net',3994693617,'AD0370'),
('MG0597','Vivie','Vickars','vvickarsg9@unc.edu',1883687835,'AD0048'),
('MG0598','Marylin','Wince','mwincega@over-blog.com',4134183047,'AD0823'),
('MG0599','Marleen','Iacoboni','miacobonigb@telegraph.co.uk',5579052934,'AD0624'),
('MG0600','Mano','Snowsill','msnowsillgc@utexas.edu',9738827759,'AD0619'),
('MG0601','Hedy','Bunson','hbunsongd@chronoengine.com',1736204456,'AD0403'),
('MG0602','Lanae','Sancho','lsanchoge@vkontakte.ru',7155951517,'AD0153'),
('MG0603','Agnola','Breckin','abreckingf@telegraph.co.uk',3298293618,'AD0919'),
('MG0604','Willabella','Petrollo','wpetrollogg@bloglovin.com',8055566960,'AD0771'),
('MG0605','Bellina','Blumer','bblumergh@digg.com',7364378132,'AD0918'),
('MG0606','Shea','Rubinivitz','srubinivitzgi@webs.com',6864508224,'AD0778'),
('MG0607','Curr','Clouter','ccloutergj@arizona.edu',1935402410,'AD0654'),
('MG0608','Sanford','Munro','smunrogk@rakuten.co.jp',9534620152,'AD0857'),
('MG0609','John','Izakson','jizaksongl@github.io',4172754252,'AD0521'),
('MG0610','Bo','McGaughey','bmcgaugheygm@themeforest.net',8441807675,'AD0670'),
('MG0611','Kort','Dymott','kdymottgn@imageshack.us',4917243837,'AD0445'),
('MG0612','Tonie','Kille','tkillego@t.co',7417882765,'AD0147'),
('MG0613','Liza','Kinnar','lkinnargp@admin.ch',3925329021,'AD0310'),
('MG0614','Waneta','Le Bosse','wlebossegq@wikimedia.org',1769887988,'AD0786'),
('MG0615','Raina','Colbrun','rcolbrungr@kickstarter.com',8643457643,'AD0932'),
('MG0616','Constantia','Belamy','cbelamygs@wikimedia.org',5259054578,'AD0036'),
('MG0617','Cirillo','Minichillo','cminichillogt@mail.ru',1691584028,'AD0021'),
('MG0618','Kirsti','Cissell','kcissellgu@netvibes.com',9555375388,'AD0617'),
('MG0619','Lorenzo','Hexum','lhexumgv@1688.com',1609044615,'AD0547'),
('MG0620','Keelby','Querree','kquerreegw@hp.com',7214817228,'AD0568'),
('MG0621','Sergei','Hardwicke','shardwickegx@yale.edu',5562858651,'AD0768'),
('MG0622','Corbin','Schroder','cschrodergy@ehow.com',1557944092,'AD0253'),
('MG0623','Doretta','Mithan','dmithangz@t.co',1977681292,'AD0695'),
('MG0624','Kasper','Dunnico','kdunnicoh0@wired.com',7055707479,'AD0018'),
('MG0625','Abie','Aburrow','aaburrowh1@weebly.com',2961924141,'AD0557'),
('MG0626','Dilan','Dany','ddanyh2@t.co',6504284995,'AD0072'),
('MG0627','Murielle','Duchan','mduchanh3@theatlantic.com',1739906706,'AD0817'),
('MG0628','Gavin','Drei','gdreih4@drupal.org',8926393554,'AD0612'),
('MG0629','Starla','Fullbrook','sfullbrookh5@tamu.edu',7706472548,'AD0101'),
('MG0630','Dyana','Upson','dupsonh6@freewebs.com',3833987060,'AD0488'),
('MG0631','Tito','Jeroch','tjerochh7@yellowbook.com',9412282640,'AD0067'),
('MG0632','Madelene','Ryce','mryceh8@java.com',3016281689,'AD0669'),
('MG0633','Izak','Reddish','ireddishh9@marketwatch.com',8395620816,'AD0160'),
('MG0634','Dollie','Maddams','dmaddamsha@nhs.uk',2641578086,'AD0546'),
('MG0635','Sayres','Sancraft','ssancrafthb@mashable.com',5447420546,'AD0834'),
('MG0636','Milly','Borghese','mborghesehc@flavors.me',3327317642,'AD0228'),
('MG0637','Nessi','McMyler','nmcmylerhd@sciencedaily.com',8939701564,'AD0219'),
('MG0638','Joshua','Williamson','jwilliamsonhe@delicious.com',6333302667,'AD0544'),
('MG0639','Tanny','Laguerre','tlaguerrehf@guardian.co.uk',1581747421,'AD0121'),
('MG0640','Imogene','Liddle','iliddlehg@usatoday.com',3193705357,'AD0452'),
('MG0641','Quinlan','Dillinger','qdillingerhh@ucsd.edu',2096743201,'AD0584'),
('MG0642','Sadella','Dobbyn','sdobbynhi@senate.gov',5491619227,'AD0268'),
('MG0643','Kitty','Hanburry','khanburryhj@hp.com',9289997604,'AD0936'),
('MG0644','Brittan','Clunan','bclunanhk@bing.com',5293976718,'AD0942'),
('MG0645','Cass','Gogan','cgoganhl@huffingtonpost.com',4146800084,'AD0106'),
('MG0646','Bill','Hovie','bhoviehm@yelp.com',1732809426,'AD0866'),
('MG0647','Willamina','McRonald','wmcronaldhn@ft.com',3582924206,'AD0108'),
('MG0648','Ambros','Hayhow','ahayhowho@odnoklassniki.ru',8602225710,'AD0420'),
('MG0649','Mac','Tipens','mtipenshp@who.int',4221845194,'AD0587'),
('MG0650','Michele','Gamage','mgamagehq@soundcloud.com',5313222324,'AD0887'),
('MG0651','Ashely','Jannex','ajannexhr@spotify.com',1589927933,'AD0705'),
('MG0652','Jilleen','Spinola','jspinolahs@wufoo.com',6429159071,'AD0094'),
('MG0653','Neil','Yeoland','nyeolandht@japanpost.jp',5663997816,'AD0596'),
('MG0654','Brandyn','Covolini','bcovolinihu@webs.com',6617585335,'AD0500'),
('MG0655','Cate','Gooke','cgookehv@yahoo.co.jp',1695766289,'AD0029'),
('MG0656','Hyacinthe','Lathy','hlathyhw@angelfire.com',9409013134,'AD0447'),
('MG0657','Ethel','Naismith','enaismithhx@irs.gov',8192266680,'AD0884'),
('MG0658','Rancell','Cranson','rcransonhy@deliciousdays.com',8906615680,'AD0449'),
('MG0659','Damaris','Heathcote','dheathcotehz@ucoz.ru',8343217613,'AD0475'),
('MG0660','Maud','Wolverson','mwolversoni0@utexas.edu',5288049163,'AD0079'),
('MG0661','Bald','Scholte','bscholtei1@lycos.com',8837872494,'AD0742'),
('MG0662','Lonnard','Draisey','ldraiseyi2@seattletimes.com',2451994019,'AD0885'),
('MG0663','Morna','Berndt','mberndti3@jigsy.com',1528773051,'AD0950'),
('MG0664','Lucilia','Telford','ltelfordi4@shutterfly.com',2705826618,'AD0756'),
('MG0665','Natalee','Harses','nharsesi5@odnoklassniki.ru',8408361047,'AD0730'),
('MG0666','Lorie','Hellmore','lhellmorei6@tuttocitta.it',9066455448,'AD0802'),
('MG0667','Lynne','Fedorchenko','lfedorchenkoi7@nih.gov',6617235281,'AD0363'),
('MG0668','Sandro','Ganter','sganteri8@github.com',2975398321,'AD0739'),
('MG0669','Zulema','Skotcher','zskotcheri9@dmoz.org',5588774358,'AD0914'),
('MG0670','Glad','Gomersal','ggomersalia@prweb.com',8292149471,'AD0454'),
('MG0671','Adele','Ensor','aensorib@omniture.com',3175637231,'AD0714'),
('MG0672','Ingmar','Jozwicki','ijozwickiic@nature.com',7237601841,'AD0055'),
('MG0673','Roy','Scheu','rscheuid@sourceforge.net',2925125759,'AD0362'),
('MG0674','Edan','Domelaw','edomelawie@time.com',6456088064,'AD0782'),
('MG0675','Darrel','Fishby','dfishbyif@youtube.com',7771188235,'AD0649'),
('MG0676','Cesya','Trafford','ctraffordig@opensource.org',2407357536,'AD0389'),
('MG0677','Andros','Dri','adriih@sina.com.cn',3002155469,'AD0962'),
('MG0678','Ermengarde','Tozer','etozerii@google.com.au',3914573871,'AD0574'),
('MG0679','Doy','Kelcher','dkelcherij@ucsd.edu',2585646537,'AD0977'),
('MG0680','Charo','O''Hartnett','cohartnettik@live.com',7715377987,'AD0866'),
('MG0681','Othello','Shotbolt','oshotboltil@nba.com',7934565464,'AD0775'),
('MG0682','Chaddy','Gascone','cgasconeim@engadget.com',8992668747,'AD0835'),
('MG0683','Carlen','Baalham','cbaalhamin@mediafire.com',9746978108,'AD0500'),
('MG0684','Englebert','Tack','etackio@soup.io',3142829628,'AD0142'),
('MG0685','Sashenka','Cowpland','scowplandip@surveymonkey.com',4149504143,'AD0028'),
('MG0686','Sigismund','MacDunleavy','smacdunleavyiq@miitbeian.gov.cn',9703132385,'AD0559'),
('MG0687','Waverly','Crompton','wcromptonir@independent.co.uk',2282220220,'AD0712'),
('MG0688','Griffy','Dunrige','gdunrigeis@domainmarket.com',5857134297,'AD0831'),
('MG0689','Glynda','Kemball','gkemballit@squidoo.com',3566654609,'AD0546'),
('MG0690','Devy','Rodda','droddaiu@skyrock.com',1125119746,'AD0933'),
('MG0691','Correy','Ducker','cduckeriv@tripadvisor.com',8087878024,'AD0359'),
('MG0692','Law','Rheam','lrheamiw@newsvine.com',4952209400,'AD0486'),
('MG0693','Kip','Culver','kculverix@cocolog-nifty.com',1793795914,'AD0885'),
('MG0694','Tannie','Benedick','tbenedickiy@army.mil',7919186163,'AD0776'),
('MG0695','Tremain','Eva','tevaiz@slate.com',1798737209,'AD0600'),
('MG0696','Shanie','Mohun','smohunj0@soup.io',6502982768,'AD0102'),
('MG0697','Lizzie','Paten','lpatenj1@cam.ac.uk',2537745623,'AD0695'),
('MG0698','Sandy','Curnokk','scurnokkj2@hubpages.com',5503322941,'AD0924'),
('MG0699','Spence','Dalliwatr','sdalliwatrj3@cbslocal.com',8839303117,'AD0508'),
('MG0700','Dunn','Bowers','dbowersj4@g.co',3584378469,'AD0291'),
('MG0701','Olga','Gormley','ogormleyj5@moonfruit.com',9845518875,'AD0860'),
('MG0702','Heloise','Keems','hkeemsj6@dailymail.co.uk',1781965154,'AD0086'),
('MG0703','Alick','Adamovich','aadamovichj7@ucoz.ru',3819844447,'AD0970'),
('MG0704','Modesta','Van Ross','mvanrossj8@nih.gov',1522687350,'AD0098'),
('MG0705','Bernard','Pedron','bpedronj9@imdb.com',9622400390,'AD0778'),
('MG0706','Korella','Knightly','kknightlyja@themeforest.net',4129041454,'AD0694'),
('MG0707','Hettie','Falconbridge','hfalconbridgejb@instagram.com',3525801346,'AD0603'),
('MG0708','Luella','Rogeon','lrogeonjc@phpbb.com',6598924868,'AD0718'),
('MG0709','Florina','Abramowsky','fabramowskyjd@stanford.edu',5925426537,'AD0734'),
('MG0710','Cybil','MacClure','cmacclureje@fc2.com',2009493945,'AD0129'),
('MG0711','Selie','Budleigh','sbudleighjf@noaa.gov',8908355494,'AD0183'),
('MG0712','Yulma','Hamberston','yhamberstonjg@squarespace.com',3295264858,'AD0209'),
('MG0713','Sonny','Knappe','sknappejh@addthis.com',4232021895,'AD0721'),
('MG0714','Florette','Verling','fverlingji@desdev.cn',2304276565,'AD0764'),
('MG0715','Everett','Tale','etalejj@spiegel.de',1169804170,'AD0208'),
('MG0716','Illa','Boome','iboomejk@google.ru',7984914823,'AD0675'),
('MG0717','Magdalene','Sawbridge','msawbridgejl@jalbum.net',5169731833,'AD0177'),
('MG0718','Noby','Vanderplas','nvanderplasjm@soup.io',2475587298,'AD0205'),
('MG0719','Marco','Verlinde','mverlindejn@nydailynews.com',7884456763,'AD0647'),
('MG0720','Franciska','Cherry','fcherryjo@mtv.com',6395268772,'AD0265'),
('MG0721','Brandyn','Chapiro','bchapirojp@istockphoto.com',4742992643,'AD0087'),
('MG0722','Laird','Paule','lpaulejq@ed.gov',5382925041,'AD0206'),
('MG0723','Dari','Fintoph','dfintophjr@pagesperso-orange.fr',8886562053,'AD0631'),
('MG0724','Arty','Clementucci','aclementuccijs@spiegel.de',8712720803,'AD0811'),
('MG0725','Pieter','Clifft','pclifftjt@tamu.edu',1171806123,'AD0593'),
('MG0726','Vale','Hollington','vhollingtonju@w3.org',2246913193,'AD0762'),
('MG0727','Karlotta','Beet','kbeetjv@ow.ly',4032297847,'AD0840'),
('MG0728','Dot','Loker','dlokerjw@w3.org',6311812268,'AD0834'),
('MG0729','Aryn','Bassindale','abassindalejx@dell.com',8318185127,'AD0761'),
('MG0730','Crissy','Tibald','ctibaldjy@thetimes.co.uk',4209892653,'AD0013'),
('MG0731','Osmund','Lamblin','olamblinjz@nps.gov',3322052874,'AD0566'),
('MG0732','Reinaldos','Fillgate','rfillgatek0@geocities.com',6275348524,'AD0198'),
('MG0733','Niall','Kennermann','nkennermannk1@histats.com',8825075165,'AD0452'),
('MG0734','Braden','Gartside','bgartsidek2@marketwatch.com',5211353697,'AD0729'),
('MG0735','Cobb','Grishunin','cgrishunink3@reuters.com',3567544244,'AD0036'),
('MG0736','Deeyn','Iliff','diliffk4@home.pl',5892264846,'AD0662'),
('MG0737','Land','Faill','lfaillk5@state.tx.us',5392478224,'AD0275'),
('MG0738','Ludwig','Maywood','lmaywoodk6@home.pl',8373065325,'AD0279'),
('MG0739','Wilmette','Reddell','wreddellk7@fema.gov',9498668624,'AD0361'),
('MG0740','Kurt','Hicklingbottom','khicklingbottomk8@ehow.com',1025196048,'AD0173'),
('MG0741','Kerry','Ferrar','kferrark9@youku.com',3201654646,'AD0479'),
('MG0742','Lodovico','Kobierski','lkobierskika@sciencedaily.com',2218499252,'AD0219'),
('MG0743','Eileen','Syrad','esyradkb@de.vu',2333039474,'AD0614'),
('MG0744','Shandie','Boater','sboaterkc@blinklist.com',2916714985,'AD0826'),
('MG0745','Selby','Enoksson','senokssonkd@redcross.org',9682290546,'AD0250'),
('MG0746','Dagmar','MacRitchie','dmacritchieke@icq.com',7498620236,'AD0851'),
('MG0747','Goldi','Noriega','gnoriegakf@chicagotribune.com',3727036066,'AD0921'),
('MG0748','Joe','Kyttor','jkyttorkg@berkeley.edu',3362583783,'AD1007'),
('MG0749','Angie','Tamblingson','atamblingsonkh@hatena.ne.jp',5442567390,'AD0276'),
('MG0750','Chickie','Carleman','ccarlemanki@gov.uk',4105232783,'AD0337'),
('MG0751','Federica','Coultish','fcoultishkj@quantcast.com',5049183896,'AD0126'),
('MG0752','Cristy','Pikhno','cpikhnokk@rakuten.co.jp',8893719051,'AD0419'),
('MG0753','Mandi','Rouff','mrouffkl@nih.gov',5337708307,'AD0668'),
('MG0754','Marchall','Slowan','mslowankm@goodreads.com',9152593925,'AD0303'),
('MG0755','Chiquia','Creavin','ccreavinkn@dyndns.org',9515934355,'AD0543'),
('MG0756','Arlette','Bottjer','abottjerko@reference.com',8012166684,'AD0361'),
('MG0757','Blinny','Hegg','bheggkp@intel.com',4485437245,'AD0237'),
('MG0758','Binnie','Bockin','bbockinkq@naver.com',5613297219,'AD0107'),
('MG0759','Urson','Swires','uswireskr@disqus.com',3805703187,'AD0538'),
('MG0760','Lonnie','Warlton','lwarltonks@qq.com',5692668291,'AD0821'),
('MG0761','Leo','Sullivan','lsullivankt@zdnet.com',9921999058,'AD0952'),
('MG0762','Ulises','Stocken','ustockenku@github.com',3245753066,'AD0380'),
('MG0763','Fenelia','Tryhorn','ftryhornkv@mediafire.com',5841016998,'AD0218'),
('MG0764','Biddie','Easterbrook','beasterbrookkw@answers.com',9182255287,'AD0716'),
('MG0765','Mill','Pasque','mpasquekx@elegantthemes.com',9365832443,'AD0851'),
('MG0766','Stinky','Champley','schampleyky@aboutads.info',2306606274,'AD0770'),
('MG0767','Elroy','Bemlott','ebemlottkz@whitehouse.gov',4614241915,'AD0284'),
('MG0768','Konstance','Robbel','krobbell0@upenn.edu',6418089349,'AD0885'),
('MG0769','Mannie','Harse','mharsel1@cyberchimps.com',1519519101,'AD0077'),
('MG0770','Fay','Wreak','fwreakl2@slate.com',4151497653,'AD0273'),
('MG0771','Inez','Guice','iguicel3@flavors.me',3212459524,'AD0181'),
('MG0772','Minette','Ogilvy','mogilvyl4@slate.com',3672565517,'AD0204'),
('MG0773','Chickie','Galvin','cgalvinl5@blogtalkradio.com',1913450868,'AD0740'),
('MG0774','Shirlene','Pfaffe','spfaffel6@phpbb.com',8475808805,'AD0958'),
('MG0775','Bobbee','Wigglesworth','bwigglesworthl7@sciencedaily.com',9124410362,'AD0071'),
('MG0776','Burl','Ingall','bingalll8@g.co',3073297222,'AD0604'),
('MG0777','Brit','Buscombe','bbuscombel9@eepurl.com',3129150350,'AD0193'),
('MG0778','Annadiana','Galletley','agalletleyla@github.com',4137296465,'AD0379'),
('MG0779','Charles','Folca','cfolcalb@qq.com',8032746458,'AD0746'),
('MG0780','Johanna','Bashford','jbashfordlc@nsw.gov.au',5229997642,'AD0557'),
('MG0781','Salomi','Handrahan','shandrahanld@gov.uk',5994819200,'AD0032'),
('MG0782','Barry','Dunks','bdunksle@mozilla.org',2394761906,'AD0492'),
('MG0783','Ailbert','Lacroutz','alacroutzlf@blog.com',8895920326,'AD0570'),
('MG0784','Averil','Yanshin','ayanshinlg@1und1.de',9308028425,'AD0066'),
('MG0785','Gusella','Von Der Empten','gvonderemptenlh@cnbc.com',3167155115,'AD0450'),
('MG0786','Isidore','Markham','imarkhamli@google.com.hk',6503241634,'AD0395'),
('MG0787','Judon','Farquhar','jfarquharlj@so-net.ne.jp',7079362434,'AD0710'),
('MG0788','Carola','Rolston','crolstonlk@mapy.cz',4408410421,'AD0088'),
('MG0789','Rodrick','Lamar','rlamarll@fema.gov',4607155516,'AD0914'),
('MG0790','Celka','Faucett','cfaucettlm@yellowpages.com',5308032582,'AD0822'),
('MG0791','Kaycee','Gilbride','kgilbrideln@nsw.gov.au',3373648162,'AD0416'),
('MG0792','Elvis','Idell','eidelllo@nationalgeographic.com',1912556427,'AD0772'),
('MG0793','Lotta','Drew-Clifton','ldrewcliftonlp@kickstarter.com',3883587443,'AD0050'),
('MG0794','Ekaterina','MacFarland','emacfarlandlq@sogou.com',2053036005,'AD0903'),
('MG0795','Kimble','Gready','kgreadylr@parallels.com',1605318296,'AD0869'),
('MG0796','Erich','Quail','equaills@joomla.org',8807639725,'AD0926'),
('MG0797','Stephie','Perkinson','sperkinsonlt@infoseek.co.jp',9602274847,'AD0458'),
('MG0798','Bobette','Karlolczak','bkarlolczaklu@arstechnica.com',1035015013,'AD0337'),
('MG0799','Ramsay','Trattles','rtrattleslv@exblog.jp',9037276858,'AD0179'),
('MG0800','Chelsy','Cauldwell','ccauldwelllw@creativecommons.org',3302826382,'AD0622'),
('MG0801','Eleanore','Sibthorp','esibthorplx@webmd.com',5213071741,'AD0699'),
('MG0802','Claudia','Rodear','crodearly@blogtalkradio.com',9365752656,'AD0800'),
('MG0803','Nero','Bottomer','nbottomerlz@bbc.co.uk',3533239756,'AD0418'),
('MG0804','Kristi','Brimham','kbrimhamm0@networkadvertising.org',2939109812,'AD0905'),
('MG0805','Anya','Lapwood','alapwoodm1@tumblr.com',9003351704,'AD0081'),
('MG0806','Margi','Swiffen','mswiffenm2@google.co.uk',9035880799,'AD0082'),
('MG0807','Arvie','Edess','aedessm3@ucla.edu',8504545919,'AD0209'),
('MG0808','Rozele','Buddle','rbuddlem4@marketwatch.com',9926381412,'AD0161'),
('MG0809','Jim','Chidgey','jchidgeym5@toplist.cz',8729455281,'AD0963'),
('MG0810','Trudi','Adami','tadamim6@house.gov',9601624591,'AD0225'),
('MG0811','Stormy','Leggs','sleggsm7@drupal.org',9187179998,'AD0277'),
('MG0812','Janna','Fabbro','jfabbrom8@a8.net',2922162499,'AD0849'),
('MG0813','Mitzi','Peto','mpetom9@msn.com',1607095007,'AD0225'),
('MG0814','Nikola','Fewster','nfewsterma@creativecommons.org',6173301608,'AD0613'),
('MG0815','Sibyl','Sprull','ssprullmb@cisco.com',9563392207,'AD0517'),
('MG0816','Ardyth','Overton','aovertonmc@ustream.tv',9644623156,'AD0870'),
('MG0817','Elihu','Spaunton','espauntonmd@zdnet.com',1893974530,'AD0237'),
('MG0818','Llewellyn','Gorner','lgornerme@comsenz.com',2167108047,'AD0848'),
('MG0819','Charmain','Kunat','ckunatmf@tuttocitta.it',6172625968,'AD0635'),
('MG0820','Amye','Kobus','akobusmg@barnesandnoble.com',4431921644,'AD0149'),
('MG0821','Sully','Candy','scandymh@addthis.com',2512151465,'AD0109'),
('MG0822','Bertie','Spohr','bspohrmi@answers.com',8558182854,'AD0990'),
('MG0823','Arney','McKee','amckeemj@newsvine.com',4488734359,'AD0103'),
('MG0824','Gray','Vynoll','gvynollmk@issuu.com',8882913298,'AD0582'),
('MG0825','Jourdan','Rene','jreneml@sohu.com',4416939272,'AD0302'),
('MG0826','Rabi','Itzkov','ritzkovmm@miibeian.gov.cn',2041708964,'AD0640'),
('MG0827','Salvidor','Hatterslay','shatterslaymn@webeden.co.uk',6935465199,'AD0228'),
('MG0828','Nedda','Iannelli','niannellimo@tuttocitta.it',7887713947,'AD0855'),
('MG0829','Fredric','Order','fordermp@disqus.com',7775416743,'AD0648'),
('MG0830','Abelard','Trembley','atrembleymq@mlb.com',8712852162,'AD0191'),
('MG0831','Melisande','Normand','mnormandmr@yellowpages.com',3424315626,'AD0397'),
('MG0832','Felicle','Bartul','fbartulms@wiley.com',4727844300,'AD0351'),
('MG0833','Izak','Arrol','iarrolmt@t-online.de',6041391356,'AD0698'),
('MG0834','Millisent','Blanking','mblankingmu@google.pl',9664858106,'AD0538'),
('MG0835','Jerrie','Windous','jwindousmv@netscape.com',7091974578,'AD0165'),
('MG0836','Cointon','Shorland','cshorlandmw@livejournal.com',1482648633,'AD0697'),
('MG0837','Edin','Muzzullo','emuzzullomx@webeden.co.uk',4314304971,'AD0889'),
('MG0838','Joete','Barbery','jbarberymy@4shared.com',5162072468,'AD0418'),
('MG0839','Elisa','Kurton','ekurtonmz@hugedomains.com',5029213125,'AD0711'),
('MG0840','Carey','Graalmans','cgraalmansn0@cisco.com',9363707893,'AD0318'),
('MG0841','Germaine','Sarfati','gsarfatin1@sbwire.com',1957436944,'AD0373'),
('MG0842','Bili','Kowalik','bkowalikn2@statcounter.com',2354071041,'AD0595'),
('MG0843','Lindi','McGann','lmcgannn3@yahoo.com',1477079312,'AD0302'),
('MG0844','Willie','Thurlborn','wthurlbornn4@usgs.gov',6937791036,'AD0760'),
('MG0845','Kelila','Ebi','kebin5@jimdo.com',2578233489,'AD0567'),
('MG0846','Madonna','Bickley','mbickleyn6@chronoengine.com',5585799588,'AD0063'),
('MG0847','Othilia','Shoulder','oshouldern7@mayoclinic.com',4148909384,'AD0873'),
('MG0848','Floris','Oguz','foguzn8@go.com',6704562826,'AD0411'),
('MG0849','Winnie','Cathery','wcatheryn9@ox.ac.uk',6036719737,'AD0348'),
('MG0850','Fabien','Rogerson','frogersonna@wufoo.com',8843843453,'AD0512'),
('MG0851','Eustacia','McGreal','emcgrealnb@1und1.de',7473856422,'AD0482'),
('MG0852','Dianemarie','Daventry','ddaventrync@shinystat.com',8617242842,'AD0720'),
('MG0853','Franciskus','Claridge','fclaridgend@admin.ch',4601352062,'AD0615'),
('MG0854','Wallie','Alans','walansne@icio.us',7291192953,'AD0348'),
('MG0855','Dredi','Searight','dsearightnf@domainmarket.com',8203469793,'AD0445'),
('MG0856','Sheelah','Upston','supstonng@etsy.com',6807713357,'AD0927'),
('MG0857','Ruben','Sole','rsolenh@sakura.ne.jp',5843752232,'AD0358'),
('MG0858','Cyrill','Armall','carmallni@cbsnews.com',3784289737,'AD0690'),
('MG0859','Maynard','Fossett','mfossettnj@boston.com',4432348652,'AD0153'),
('MG0860','Maryann','Billing','mbillingnk@angelfire.com',7017438340,'AD0858'),
('MG0861','Kyla','Owbridge','kowbridgenl@archive.org',9551510570,'AD0741'),
('MG0862','Rivy','Guest','rguestnm@independent.co.uk',5621597709,'AD0869'),
('MG0863','Any','Newband','anewbandnn@cbslocal.com',8001653480,'AD0194'),
('MG0864','Millard','Salzburg','msalzburgno@friendfeed.com',3796705709,'AD0329'),
('MG0865','Brad','O''Hartnedy','bohartnedynp@blogs.com',3231009731,'AD0692'),
('MG0866','Christan','Shallo','cshallonq@dedecms.com',3034403227,'AD0152'),
('MG0867','Brana','Tourne','btournenr@delicious.com',7927899776,'AD0165'),
('MG0868','Krystal','Pinnick','kpinnickns@nifty.com',2268903250,'AD0277'),
('MG0869','Bernete','Lippiatt','blippiattnt@ucla.edu',9953636866,'AD0401'),
('MG0870','Easter','Wickson','ewicksonnu@ocn.ne.jp',1025680773,'AD0572'),
('MG0871','Zerk','Awde','zawdenv@reuters.com',6413959680,'AD0721'),
('MG0872','Reta','Obert','robertnw@squidoo.com',4228673326,'AD0815'),
('MG0873','Cheryl','Dumberrill','cdumberrillnx@utexas.edu',7211478592,'AD0709'),
('MG0874','Dyana','Pristnor','dpristnorny@skype.com',5561489710,'AD1007'),
('MG0875','Griffy','Wurst','gwurstnz@boston.com',9853277490,'AD0768'),
('MG0876','Lennard','Fitzsimmons','lfitzsimmonso0@google.pl',6296838539,'AD0026'),
('MG0877','Del','Collinge','dcollingeo1@behance.net',8216761347,'AD0794'),
('MG0878','Idelle','McGuane','imcguaneo2@cmu.edu',9626822941,'AD0899'),
('MG0879','Avrom','Vaugham','avaughamo3@dailymotion.com',4079195344,'AD0399'),
('MG0880','Jena','Carabine','jcarabineo4@comcast.net',4133778136,'AD0474'),
('MG0881','Sherline','Cristofvao','scristofvaoo5@cyberchimps.com',9953420817,'AD0761'),
('MG0882','Sallyanne','Corbyn','scorbyno6@oaic.gov.au',8712445770,'AD0281'),
('MG0883','Farlee','Klee','fkleeo7@nba.com',7697701010,'AD0104'),
('MG0884','Town','Baggiani','tbaggianio8@sourceforge.net',6429822954,'AD0060'),
('MG0885','Lonni','Joll','ljollo9@cnn.com',9154386930,'AD0692'),
('MG0886','Marmaduke','Glassopp','mglassoppoa@aol.com',7082606491,'AD0115'),
('MG0887','Clemens','Cowterd','ccowterdob@paginegialle.it',3416532005,'AD0054'),
('MG0888','Haily','Simla','hsimlaoc@naver.com',8745432387,'AD0104'),
('MG0889','Free','Begbie','fbegbieod@prnewswire.com',8877654582,'AD0470'),
('MG0890','Tabbatha','Morphet','tmorphetoe@w3.org',1536906159,'AD0300'),
('MG0891','Willey','Benedicte','wbenedicteof@pagesperso-orange.fr',8982345852,'AD0731'),
('MG0892','Haily','Norville','hnorvilleog@slate.com',4699491829,'AD0238'),
('MG0893','Ethelind','Spadoni','espadonioh@cornell.edu',1148152249,'AD0233'),
('MG0894','Goldarina','Tapson','gtapsonoi@nsw.gov.au',3138404532,'AD0071'),
('MG0895','Tiena','Butler-Bowdon','tbutlerbowdonoj@oracle.com',2593610250,'AD0024'),
('MG0896','Mahmud','Malster','mmalsterok@arizona.edu',9302911309,'AD1001'),
('MG0897','Cari','MacConneely','cmacconneelyol@sphinn.com',6939560945,'AD0611'),
('MG0898','Esteban','Cleaver','ecleaverom@linkedin.com',8902055321,'AD0959'),
('MG0899','Kane','Curee','kcureeon@slashdot.org',5713029575,'AD0950'),
('MG0900','Iolande','Perrins','iperrinsoo@wikipedia.org',1215790767,'AD0798'),
('MG0901','Bell','Stairmond','bstairmondop@google.co.uk',7499211391,'AD1006'),
('MG0902','Tracy','Bonanno','tbonannooq@dailymotion.com',6262482192,'AD0893'),
('MG0903','Urban','Dilke','udilkeor@ucla.edu',6775396435,'AD0524'),
('MG0904','Mable','Kellock','mkellockos@gizmodo.com',2137537740,'AD0281'),
('MG0905','Rudolfo','Chalmers','rchalmersot@alexa.com',8499437297,'AD0051'),
('MG0906','Coral','Daventry','cdaventryou@washington.edu',3376768529,'AD0528'),
('MG0907','Martita','Richichi','mrichichiov@jiathis.com',6061476544,'AD0989'),
('MG0908','Zachary','Durden','zdurdenow@wufoo.com',3249333194,'AD0990'),
('MG0909','Law','Adelman','ladelmanox@posterous.com',7245830671,'AD0030'),
('MG0910','Bob','Rainy','brainyoy@multiply.com',4535400505,'AD0378'),
('MG0911','Dennet','Batchelor','dbatcheloroz@opera.com',2464442361,'AD0458'),
('MG0912','Juan','Blanko','jblankop0@devhub.com',6504189665,'AD0577'),
('MG0913','Henka','Gorelli','hgorellip1@posterous.com',1668212454,'AD0489'),
('MG0914','Mada','Hugo','mhugop2@meetup.com',2667269368,'AD0878'),
('MG0915','Robb','Boumphrey','rboumphreyp3@google.ca',7198307055,'AD0315'),
('MG0916','Maddie','Hansemann','mhansemannp4@amazon.com',4656010968,'AD0826'),
('MG0917','Geri','Croux','gcrouxp5@fda.gov',5593839330,'AD0486'),
('MG0918','Alair','D''Ambrogio','adambrogiop6@godaddy.com',5229713850,'AD0072'),
('MG0919','Oralle','Dunkersley','odunkersleyp7@drupal.org',2029198675,'AD0121'),
('MG0920','Yardley','Derbyshire','yderbyshirep8@google.ca',6582880180,'AD0131'),
('MG0921','Ulises','Dand','udandp9@ocn.ne.jp',6416403303,'AD0938'),
('MG0922','Danyette','Irnys','dirnyspa@mit.edu',5378589927,'AD0231'),
('MG0923','Yelena','Cherrington','ycherringtonpb@pinterest.com',3148593256,'AD0619'),
('MG0924','Elly','Jakubowski','ejakubowskipc@mashable.com',2035244469,'AD0127'),
('MG0925','Ebba','Suffield','esuffieldpd@mediafire.com',8118966736,'AD0274'),
('MG0926','Sumner','Sambrok','ssambrokpe@yale.edu',3418299166,'AD0306'),
('MG0927','Emerson','Ambresin','eambresinpf@pen.io',2134148814,'AD0408'),
('MG0928','Julian','Bartlosz','jbartloszpg@hostgator.com',3782415154,'AD0653'),
('MG0929','Mara','Perschke','mperschkeph@seattletimes.com',3437220170,'AD0210'),
('MG0930','Beverlee','Brenstuhl','bbrenstuhlpi@indiatimes.com',4194779206,'AD0852'),
('MG0931','Derk','Kinzett','dkinzettpj@sun.com',4274415700,'AD0242'),
('MG0932','Lawrence','Geraldez','lgeraldezpk@java.com',6765979635,'AD0309'),
('MG0933','Benedikta','Joska','bjoskapl@com.com',7817522386,'AD0774'),
('MG0934','Jacob','Delf','jdelfpm@rediff.com',1918935499,'AD0675'),
('MG0935','Oriana','Stanway','ostanwaypn@youtu.be',6003571414,'AD0477'),
('MG0936','Jobi','Buessen','jbuessenpo@ebay.com',1118206366,'AD0459'),
('MG0937','Ansell','Castillon','acastillonpp@umn.edu',2223008287,'AD0845'),
('MG0938','Isabel','McGrouther','imcgroutherpq@webs.com',4717029639,'AD0262'),
('MG0939','Roxana','Lecount','rlecountpr@hexun.com',4515867005,'AD0108'),
('MG0940','Sylvia','Vasilchikov','svasilchikovps@accuweather.com',2965560509,'AD0600'),
('MG0941','Catherine','MacIllrick','cmacillrickpt@over-blog.com',6679031296,'AD0383'),
('MG0942','Eada','Weatherhill','eweatherhillpu@howstuffworks.com',2913515131,'AD0732'),
('MG0943','Jeannie','Laybourne','jlaybournepv@simplemachines.org',5719201179,'AD1008'),
('MG0944','Mirna','Handlin','mhandlinpw@msn.com',5252979363,'AD0755'),
('MG0945','Agace','Memmory','amemmorypx@topsy.com',9372607399,'AD0217'),
('MG0946','Linell','Klampk','lklampkpy@jugem.jp',6889597017,'AD0908'),
('MG0947','Odille','Haggie','ohaggiepz@imdb.com',3472577733,'AD0412'),
('MG0948','Odella','Cuseck','ocuseckq0@moonfruit.com',3519679979,'AD0633'),
('MG0949','Monro','Bowcock','mbowcockq1@hibu.com',1133826265,'AD0694'),
('MG0950','Mehetabel','Brown','mbrownq2@1688.com',1189332255,'AD0889'),
('MG0951','Joeann','Epdell','jepdellq3@nyu.edu',2586427111,'AD0467'),
('MG0952','Pauly','Amis','pamisq4@alibaba.com',4826627000,'AD0090'),
('MG0953','Octavia','Hardwick','ohardwickq5@smh.com.au',6256367882,'AD0807'),
('MG0954','Creigh','Oultram','coultramq6@cmu.edu',4212056988,'AD0362'),
('MG0955','Maxy','Kaye','mkayeq7@youku.com',4235063389,'AD0629'),
('MG0956','Datha','McTrustey','dmctrusteyq8@lulu.com',6547001313,'AD0607'),
('MG0957','Fenelia','Denkin','fdenkinq9@google.com.br',5797059870,'AD0393'),
('MG0958','Brian','Sarfati','bsarfatiqa@cisco.com',6108828147,'AD0784'),
('MG0959','Gae','Fawthorpe','gfawthorpeqb@ehow.com',3251043587,'AD0048'),
('MG0960','Toby','Harnett','tharnettqc@delicious.com',7167716523,'AD0325'),
('MG0961','Dru','Yurkevich','dyurkevichqd@diigo.com',7824190232,'AD0829'),
('MG0962','Malena','Gircke','mgirckeqe@dell.com',9613802672,'AD0474'),
('MG0963','Matthieu','Salter','msalterqf@ucoz.com',1893264946,'AD0611'),
('MG0964','Whittaker','Brooke','wbrookeqg@nydailynews.com',8264058757,'AD0447'),
('MG0965','Timmy','Claibourn','tclaibournqh@webnode.com',2949789698,'AD0255'),
('MG0966','Raquel','Pahler','rpahlerqi@ifeng.com',9329060683,'AD0611'),
('MG0967','Dona','Hornung','dhornungqj@edublogs.org',6539733481,'AD0192'),
('MG0968','Levey','Roantree','lroantreeqk@studiopress.com',9509168313,'AD0667'),
('MG0969','Lilith','Casey','lcaseyql@slideshare.net',8511575896,'AD0720'),
('MG0970','Romonda','Palffrey','rpalffreyqm@alexa.com',3415845596,'AD0081'),
('MG0971','Brannon','Whelpdale','bwhelpdaleqn@merriam-webster.com',9648818220,'AD0818'),
('MG0972','Maurene','Surby','msurbyqo@microsoft.com',4119215011,'AD0667'),
('MG0973','Rolfe','Chappelle','rchappelleqp@apache.org',7266823645,'AD0799'),
('MG0974','Sena','Youell','syouellqq@yelp.com',1109906277,'AD0181'),
('MG0975','Enrica','Vernazza','evernazzaqr@tripod.com',4503882039,'AD0841'),
('MG0976','Clarke','Glanfield','cglanfieldqs@auda.org.au',2778701754,'AD0591'),
('MG0977','Guthrie','Vogeler','gvogelerqt@wired.com',1583271437,'AD0188'),
('MG0978','Alair','Filipyev','afilipyevqu@answers.com',8119886704,'AD0160'),
('MG0979','Cristin','Gerrett','cgerrettqv@nifty.com',4071537228,'AD0955'),
('MG0980','Kirbie','Wackly','kwacklyqw@globo.com',1678497154,'AD0872'),
('MG0981','Kristel','Willishire','kwillishireqx@amazon.com',2283386275,'AD0475'),
('MG0982','Janina','Vidineev','jvidineevqy@oaic.gov.au',9374798396,'AD0705'),
('MG0983','Lonny','Wardesworth','lwardesworthqz@businesswire.com',9827361996,'AD0848'),
('MG0984','Abra','McTerry','amcterryr0@sbwire.com',4262496319,'AD0720'),
('MG0985','Lilli','Mackneis','lmackneisr1@harvard.edu',2784444698,'AD0812'),
('MG0986','Greg','Lux','gluxr2@w3.org',9234904068,'AD0554'),
('MG0987','Ulrick','Labbez','ulabbezr3@twitter.com',5761600562,'AD0566'),
('MG0988','Rosco','Filipson','rfilipsonr4@technorati.com',2638804556,'AD0089'),
('MG0989','Stephi','Stritton','sstrittonr5@icq.com',7383907383,'AD0477'),
('MG0990','Alec','Melluish','amelluishr6@umn.edu',7191179225,'AD0551'),
('MG0991','Kippy','Nand','knandr7@blogtalkradio.com',6392420109,'AD0202'),
('MG0992','Milicent','Sacker','msackerr8@fda.gov',9457086821,'AD0968'),
('MG0993','Alene','Salmen','asalmenr9@squidoo.com',9854129721,'AD0395'),
('MG0994','Robby','MacCumiskey','rmaccumiskeyra@va.gov',7439706599,'AD0644'),
('MG0995','Alanson','Stainsby','astainsbyrb@jalbum.net',9205741435,'AD0362'),
('MG0996','Curcio','Spick','cspickrc@freewebs.com',4998132565,'AD0370'),
('MG0997','Daria','Wimbush','dwimbushrd@yelp.com',8349855724,'AD0514'),
('MG0998','Ashlie','Billo','abillore@netvibes.com',8012890625,'AD0494'),
('MG0999','Esma','Frances','efrancesrf@reuters.com',8041621136,'AD0962'),
('MG1000','Nevil','Cordon','ncordonrg@earthlink.net',2658904173,'AD0527'),
('MG1001','Helli','Conisbee','hconisbeerh@latimes.com',5099588835,'AD0566'),
('MG1002','Rheba','Laborda','rlabordari@360.cn',8469528545,'AD0613'),
('MG1003','Thomasina','Bissill','tbissillrj@delicious.com',8882178591,'AD0309'),
('MG1004','Andrea','Hubbocks','ahubbocksrk@google.co.jp',8186484594,'AD0360'),
('MG1005','Kyrstin','Andretti','kandrettirl@google.com.br',4699694002,'AD0162'),
('MG1006','Teodor','Corradeschi','tcorradeschirm@seattletimes.com',5098646534,'AD0202'),
('MG1007','Crystie','Kytter','ckytterrn@printfriendly.com',2825709115,'AD0080'),
('MG1008','Estrella','Fogt','efogtro@samsung.com',2474133536,'AD0501'),
('MG1009','Ulric','Harome','uharomerp@whitehouse.gov',4144975380,'AD0333'),
('MG1010','Legra','Drennan','ldrennanrq@elpais.com',2591984616,'AD0149'),
('MG1011','Carlen','Bliss','cblissrr@tmall.com',3651439043,'AD0785');

INSERT INTO "employee" VALUES
('EM0001', 'Andrea', 'Detheridge', 'adetheridge5@sakura.ne.jp', 1007470946, 'MG0001'),
('EM0002', 'Albert', 'Armell', 'aarmell6@photobucket.com', 9668245678, 'MG0002'),
('EM0003', 'Erminie', 'Nettleship', 'enettleship7@dell.com', 7495635676, 'MG0003'),
('EM0004', 'Rennie', 'Songer', 'rsonger8@un.org', 4092487235,'MG0005'),
('EM0005', 'Matthus', 'Domini', 'mdomini9@dailymotion.com', 8173437893, 'MG0004'),
('EM0006','Donald','OConnell','donaldoconnell@skype.com',1007470946,'MG0001'),
('EM0007','Douglas','Grant','douglasg@skype.com',1007477946,'MG0001'),
('EM0008','Jennifer','Whalen','jenniferw@skype.com',1007484946,'MG0010'),
('EM0009','Michael','Hartstein','michaelh@skype.com',1007491946,'MG0007'),
('EM0010','Pat','Fay','patfay@skype.com',1007498946,'MG0009'),
('EM0011','Susan','Mavris','susanmavris@skype.com',1007505946,'MG0003'),
('EM0012','Hermann','Baer','hermannbaer@skype.com',1007512946,'MG0003'),
('EM0013','Shelley','Higgins','shelleyhiggins@skype.com',1007519946,'MG0002'),
('EM0014','William','Gietz','williamgietz@skype.com',1007526946,'MG0010'),
('EM0015','Steven','King','stevenking@skype.com',1007533946,'MG0010'),
('EM0016','Neena','Kochhar','neenakochhar@skype.com',1007540946,'MG0002'),
('EM0017','Lex','De Haan','lexdehaan@skype.com',1007547946,'MG0002'),
('EM0018','Alexander','Hunold','alexamderhunold@skype.com',1007554946,'MG0005'),
('EM0019','Bruce','Ernst','bruceernst@skype.com',1007561946,'MG0001'),
('EM0020','David','Austin','davidAustin@skype.com',1007568946,'MG0001'),
('EM0021','Valli','Pataballa','vallipa@skype.com',1007575946,'MG0002'),
('EM0022','Diana','Lorentz','dianal@skype.com',1007582946,'MG0005'),
('EM0023','Nancy','Greenberg','NancyGreenberg@gmail.com',1007589946,'MG0002'),
('EM0024','Daniel','Faviet','DanielFaviet@gmail.com',1007596946,'MG0007'),
('EM0025','John','Chen','JohnChen@gmail.com',1007603946,'MG0007'),
('EM0026','Ismael','Sciarra','IsmaelSciarra@gmail.com',1007610946,'MG0008'),
('EM0027','Jose Manuel','Urman','Jose ManuelUrman@gmail.com',1007617946,'MG0008'),
('EM0028','Luis','Popp','LuisPopp@gmail.com',1007624946,'MG0002'),
('EM0029','Den','Raphaely','DenRaphaely@gmail.com',1007631946,'MG0008'),
('EM0030','Alexander','Khoo','AlexanderKhoo@gmail.com',1007638946,'MG0008'),
('EM0031','Shelli','Baida','ShelliBaida@gmail.com',1007645946,'MG0010'),
('EM0032','Sigal','Tobias','SigalTobias@gmail.com',1007652946,'MG0010'),
('EM0033','Guy','Himuro','GuyHimuro@gmail.com',1007659946,'MG0008'),
('EM0034','Karen','Colmenares','KarenColmenares@gmail.com',1007666946,'MG0002'),
('EM0035','Matthew','Weiss','MatthewWeiss@gmail.com',1007673946,'MG0009'),
('EM0036','Adam','Fripp','AdamFripp@gmail.com',1007680946,'MG0008'),
('EM0037','Payam','Kaufling','PayamKaufling@gmail.com',1007687946,'MG0010'),
('EM0038','Shanta','Vollman','ShantaVollman@gmail.com',1007694946,'MG0002'),
('EM0039','Kevin','Mourgos','KevinMourgos@gmail.com',1007701946,'MG0002'),
('EM0040','Julia','Nayer','JuliaNayer@gmail.com',1007708946,'MG0002'),
('EM0041','Irene','Mikkilineni','IreneMikkilineni@gmail.com',1007715946,'MG0002'),
('EM0042','James','Landry','JamesLandry@gmail.com',1007722946,'MG0008'),
('EM0043','Steven','Markle','StevenMarkle@gmail.com',1007729946,'MG0009'),
('EM0044','Laura','Bissot','LauraBissot@gmail.com',1007736946,'MG0008'),
('EM0045','Mozhe','Atkinson','MozheAtkinson@gmail.com',1007743946,'MG0008'),
('EM0046','James','Marlow','JamesMarlow@gmail.com',1007750946,'MG0008'),
('EM0047','TJ','Olson','TJOlson@gmail.com',1007757946,'MG0010'),
('EM0048','Jason','Mallin','JasonMallin@gmail.com',1007764946,'MG0010'),
('EM0049','Michael','Rogers','MichaelRogers@gmail.com',1007771946,'MG0008'),
('EM0050','Ki','Gee','KiGee@gmail.com',1007778946,'MG0002'),
('EM0051','Hazel','Philtanker','HazelPhiltanker@gmail.com',1007785946,'MG0005'),
('EM0052','Renske','Ladwig','RenskeLadwig@gmail.com',1007792946,'MG0010'),
('EM0053','Stephen','Stiles','StephenStiles@gmail.com',1007799946,'MG0010'),
('EM0054','John','Seo','JohnSeo@gmail.com',1007806946,'MG0005'),
('EM0055','Joshua','Patel','JoshuaPatel@gmail.com',1007813946,'MG0007'),
('EM0056','ernarda','Valentina','ernardaValentina@gmail.com',1007820946,'MG0008'),
('EM0057','Bernardino','Valentino','BernardinoValentino@gmail.com',1007827946,'MG0003'),
('EM0058','Bernardo','Valeria','BernardoValeria@gmail.com',1007834946,'MG0007'),
('EM0059','Bernhard','Valeriano','BernhardValeriano@gmail.com',1007841946,'MG0005'),
('EM0060','Bernice','Valerio','BerniceValerio@gmail.com',1007848946,'MG0005'),
('EM0061','Berta','Valero','BertaValero@gmail.com',1007855946,'MG0005'),
('EM0062','Betsa','Valme','Betsaalme@gmail.com',1007862946,'MG0010'),
('EM0063','Betty','Vanesa','BettyVanesa@gmail.com',1007869946,'MG0010'),
('EM0064','Betuel','Vanessa','BetuelVanessa@gmail.com',1007876946,'MG0007'),
('EM0065','Bhaga','Vasudeva','BhagaVasudeva@gmail.com',1007883946,'MG0009'),
('EM0066','Bhajan','Venancio','BhajanVenancio@gmail.com',1007890946,'MG0002'),
('EM0067','Bharata','Veronica','BharataVeronica@gmail.com',1007897946,'MG0008'),
('EM0068','Bharata','Urbano','BharataUrbano@gmail.com',1007904946,'MG0005'),
('EM0069','Bhima','Uriel','BhimaUriel@gmail.com',1007911946,'MG0009'),
('EM0070','Bhrigu','Urso','BhriguUrso@gmail.com',1007918946,'MG0009'),
('EM0071','Biagio','Urvashi','BiagioUrvashi@gmail.com',1007925946,'MG0002'),
('EM0072','Bianca','Vaclav','BiancaVaclav@gmail.com',1007932946,'MG0008'),
('EM0073','Bibiana','Victor','BibianaVictor@gmail.com',1007939946,'MG0010'),
('EM0074','Bienvenido','Vadim','BienvenidoVadim@gmail.com',1007946946,'MG0010'),
('EM0075','Blanca','Vaiu','BlancaVaiu@gmail.com',1007953946,'MG0008'),
('EM0076','Blas','Bhajan','BlasBhajan@gmail.com',1007960946,'MG0005'),
('EM0077','Cebrian','Rodolfo','CebrianRodolfo@gmail.com',1007967946,'MG0007'),
('EM0078','Rishikesh','Cecilia','RishikeshCecilia@gmail.com',1007974946,'MG0008'),
('EM0079','Rita','Cecilio','RitaCecilio@gmail.com',1007981946,'MG0001'),
('EM0080','Roberto','Ceferino','RobertoCeferino@gmail.com',1007988946,'MG0001'),
('EM0081','Rocio','Celedonio','RocioCeledonio@gmail.com',1007995946,'MG0008'),
('EM0082','Rodolfo','Celeste','RodolfoCeleste@gmail.com',1008002946,'MG0007'),
('EM0083','Rodrigo','Celestino','RodrigoCelestino@gmail.com',1008009946,'MG0008'),
('EM0084','Rogelio','Celia','RogelioCelia@gmail.com',1008016946,'MG0009'),
('EM0085','Roger','Celina','RogerCelina@gmail.com',1008023946,'MG0009'),
('EM0086','Rolando','Celso','RolandoCelso@gmail.com',1008030946,'MG0005'),
('EM0087','Roman','Cesareo','RomanCesareo@gmail.com',1008037946,'MG0008'),
('EM0088','Romana','Cesar','RomanaCesar@gmail.com',1008044946,'MG0007'),
('EM0089','Romano','Chandra','RomanoChandra@gmail.com',1008051946,'MG0008'),
('EM0090','Romeo','Chantal','RomeoChantal@gmail.com',1008058946,'MG0010'),
('EM0091','Romualdo','Chiavana','RomualdoChiavana@gmail.com',1008065946,'MG0010'),
('EM0092','Ronja','Cilia','RonjaCilia@gmail.com',1008072946,'MG0010'),
('EM0093','Rosa','Justo','RosaJusto@gmail.com',1008079946,'MG0008'),
('EM0094','Rosalba','Kamala','RosalbaKamala@gmail.com',1008086946,'MG0007'),
('EM0095','Rosalinda','Kaede','RosalindaKaede@gmail.com',1008093946,'MG0005'),
('EM0096','Rosana','Kailash','RosanaKailash@gmail.com',1008100946,'MG0008'),
('EM0097','Rosario','Kali','RosarioKali@gmail.com',1008107946,'MG0006'),
('EM0098','Severo','Kalidasa','SeveroKalidasa@gmail.com',1008114946,'MG0008'),
('EM0099','Shakira','Kamalatmika','ShakiraKamalatmika@gmail.com',1008121946,'MG0001'),
('EM0100','Shakuntala','Kapila','ShakuntalaKapila@gmail.com',1008128946,'MG0001'),
('EM0101','Sheila','Kardama','SheilaKardama@gmail.com',1008135946,'MG0001'),
('EM0102','Shirin','Karen','ShirinKaren@gmail.com',1008142946,'MG0009'),
('EM0103','Shiva','Karina','ShivaKarina@gmail.com',1008149946,'MG0001'),
('EM0104','Sidonio','Karttikeya','SidonioKarttikeya@gmail.com',1008156946,'MG0001'),
('EM0105','Sigfrido','Kavi','SigfridoKavi@gmail.com',1008163946,'MG0007'),
('EM0106','Sigrid','Kedara','SigridKedara@gmail.com',1008170946,'MG0008'),
('EM0107','Silvana','Kedarnath','SilvanaKedarnath@gmail.com',1008177946,'MG0002'),
('EM0108','Silvano','Keiko','SilvanoKeiko@gmail.com',1008184946,'MG0008'),
('EM0109','Silverio','Keila','SilverioKeila@gmail.com',1008191946,'MG0005'),
('EM0110','Silvestre','Kemuel','SilvestreKemuel@gmail.com',1008198946,'MG0005'),
('EM0111','Silvia','Kin','SilviaKin@gmail.com',1008205946,'MG0008'),
('EM0112','Silvio','Kintuillang','SilvioKintuillang@gmail.com',1008212946,'MG0006'),
('EM0113','Severino','Kira','SeverinoKira@gmail.com',1008219946,'MG0006'),
('EM0114','Karina','Kirara','KarinaKirara@gmail.com',1008226946,'MG0006'),
('EM0115','Chiavana','Kumiko','ChiavanaKumiko@gmail.com',1008233946,'MG0008'),
('EM0116','Fatima','Elena','FatimaElena@gmail.com',1008240946,'MG0005'),
('EM0117','Liberata','Faustino','LiberataFaustino@gmail.com',1008247946,'MG0010'),
('EM0118','Licas','Fausto','LicasFausto@gmail.com',1008254946,'MG0010'),
('EM0119','Lidia','Federico','LidiaFederico@gmail.com',1008261946,'MG0010'),
('EM0120','Lila','Feliciano','LilaFeliciano@gmail.com',1008268946,'MG0008'),
('EM0121','Lilian','Felicidad','LilianFelicidad@gmail.com',1008275946,'MG0008'),
('EM0122','Liliana','Felicitas','LilianaFelicitas@gmail.com',1008282946,'MG0005'),
('EM0123','Lina','Felipa','LinaFelipa@gmail.com',1008289946,'MG0008'),
('EM0124','Lino','Felipe','LinoFelipe@gmail.com',1008296946,'MG0002'),
('EM0125','Lionel','Felisa','LionelFelisa@gmail.com',1008303946,'MG0002'),
('EM0126','Lior','Felix','LiorFelix@gmail.com',1008310946,'MG0008'),
('EM0127','Lisa','Ferdinando','LisaFerdinando@gmail.com',1008317946,'MG0008'),
('EM0128','Llacolen','Fermin','LlacolenFermin@gmail.com',1008324946,'MG0008'),
('EM0129','Loac','Fernan','LoacFernan@gmail.com',1008331946,'MG0005'),
('EM0130','Lokapala','Fernanda','LokapalaFernanda@gmail.com',1008338946,'MG0005'),
('EM0131','Lola','Fernando','LolaFernando@gmail.com',1008345946,'MG0005'),
('EM0132','Lorena','Fiodor','LorenaFiodor@gmail.com',1008352946,'MG0008'),
('EM0133','Lorenzo','Fidel','LorenzoFidel@gmail.com',1008359946,'MG0008'),
('EM0134','Lorna','Fidelio','LornaFidelio@gmail.com',1008366946,'MG0006'),
('EM0135','Lourdes','Filemon','LourdesFilemon@gmail.com',1008373946,'MG0008'),
('EM0136','Lubomir','Fileto','LubomirFileto@gmail.com',1008380946,'MG0008'),
('EM0137','Lucia','Finnian','LuciaFinnian@gmail.com',1008387946,'MG0010'),
('EM0138','Luca','Flora','LucaFlora@gmail.com',1008394946,'MG0010'),
('EM0139','Lucas','Florencia','LucasFlorencia@gmail.com',1008401946,'MG0008'),
('EM0140','Lucia','Florencio','LuciaFlorencio@gmail.com',1008408946,'MG0009'),
('EM0141','Luciana','Florentino','LucianaFlorentino@gmail.com',1008415946,'MG0005'),
('EM0142','Luciano','Florian','LucianoFlorian@gmail.com',1008422946,'MG0008'),
('EM0143','Lucila','Floriano','LucilaFloriano@gmail.com',1008429946,'MG0005'),
('EM0144','Lucio','Forrest','LucioForrest@gmail.com',1008436946,'MG0009'),
('EM0145','Onesiforo','Fortunato','OnesiforoFortunato@gmail.com',1008443946,'MG0009'),
('EM0146','Onofre','Francais','OnofreFrancais@gmail.com',1008450946,'MG0008'),
('EM0147','Ophelia','Francoise','OpheliaFrancoise@gmail.com',1008457946,'MG0005'),
('EM0148','Orlando','Francina','OrlandoFrancina@gmail.com',1008464946,'MG0005'),
('EM0149','Orm','Francisca','OrmFrancisca@gmail.com',1008471946,'MG0005'),
('EM0150','Oscar','Francisco','OscarFrancisco@gmail.com',1008478946,'MG0009'),
('EM0151','Osmar','Froilan','OsmarFroilan@gmail.com',1008485946,'MG0005'),
('EM0152','Oswaldo','Fructuoso','OswaldoFructuoso@gmail.com',1008492946,'MG0005'),
('EM0153','Otilia','Frutos','OtiliaFrutos@gmail.com',1008499946,'MG0003'),
('EM0154','Owen','Fulgencio','OwenFulgencio@gmail.com',1008506946,'MG0003'),
('EM0155','Pandava','Gabino','PandavaGabino@gmail.com',1008513946,'MG0007'),
('EM0156','Parvati','Gabriel','ParvatiGabriel@gmail.com',1008520946,'MG0010'),
('EM0157','Pia','Gabriela','PiaGabriela@gmail.com',1008527946,'MG0005'),
('EM0158','Pio','Gamaliel','PioGamaliel@gmail.com',1008534946,'MG0007'),
('EM0159','Paul','Gandharva','PaulGandharva@gmail.com',1008541946,'MG0005'),
('EM0160','Pablo','Ganesha','PabloGanesha@gmail.com',1008548946,'MG0002'),
('EM0161','Paco','Garcia','PacoGarcia@gmail.com',1008555946,'MG0002'),
('EM0162','Paloma','Garuda','PalomaGaruda@gmail.com',1008562946,'MG0008'),
('EM0163','Pamela','Gaspar','PamelaGaspar@gmail.com',1008569946,'MG0005'),
('EM0164','Panagiotis','Gaston','PanagiotisGaston@gmail.com',1008576946,'MG0009'),
('EM0165','Pancracio','Gaudencio','PancracioGaudencio@gmail.com',1008583946,'MG0008'),
('EM0166','Pandu','Gautama','PanduGautama@gmail.com',1008590946,'MG0008'),
('EM0167','Pantaleon','Gedeon','PantaleonGedeon@gmail.com',1008597946,'MG0008'),
('EM0168','Paola','Gelo','PaolaGelo@gmail.com',1008604946,'MG0003'),
('EM0169','Paolo','Gema','PaoloGema@gmail.com',1008611946,'MG0003'),
('EM0170','Pariksit','Genoveva','PariksitGenoveva@gmail.com',1008618946,'MG0005'),
('EM0171','Paryania','George','ParyaniaGeorge@gmail.com',1008625946,'MG0007'),
('EM0172','Pascal','Gerardo','PascalGerardo@gmail.com',1008632946,'MG0007'),
('EM0173','Pascual','German','PascualGerman@gmail.com',1008639946,'MG0008'),
('EM0174','Patricia','Germanico','PatriciaGermanico@gmail.com',1008646946,'MG0005'),
('EM0175','Patricio','Germain','PatricioGermain@gmail.com',1008653946,'MG0005'),
('EM0176','Paula','Germana','PaulaGermana@gmail.com',1008660946,'MG0005'),
('EM0177','Paulina','Germano','PaulinaGermano@gmail.com',1008667946,'MG0006'),
('EM0178','Paulino','Gerson','PaulinoGerson@gmail.com',1008674946,'MG0006'),
('EM0179','Paulo','Gertrudis','PauloGertrudis@gmail.com',1008681946,'MG0006'),
('EM0180','Paz','Gervasio','PazGervasio@gmail.com',1008688946,'MG0008'),
('EM0181','Pedro','Gianni','PedroGianni@gmail.com',1008695946,'MG0009'),
('EM0182','Pelayo','Giannina','PelayoGiannina@gmail.com',1008702946,'MG0008'),
('EM0183','Penelope','Gilberto','PenelopeGilberto@gmail.com',1008709946,'MG0009'),
('EM0184','Petra','Gines','PetraGines@gmail.com',1008716946,'MG0009'),
('EM0185','Philippe','Giovanna','PhilippeGiovanna@gmail.com',1008723946,'MG0008'),
('EM0186','Piera','Gisbert','PieraGisbert@gmail.com',1008730946,'MG0005'),
('EM0187','Pilar','Gisela','PilarGisela@gmail.com',1008737946,'MG0005'),
('EM0188','Pipino','Giselda','PipinoGiselda@gmail.com',1008744946,'MG0008'),
('EM0189','Platon','Gloria','PlatonGloria@gmail.com',1008751946,'MG0003'),
('EM0190','Policarpo','Gobrias','PolicarpoGobrias@gmail.com',1008758946,'MG0008'),
('EM0191','Poncho','Godofredo','PonchoGodofredo@gmail.com',1008765946,'MG0008'),
('EM0192','Ponciano','Goliat','PoncianoGoliat@gmail.com',1008772946,'MG0007'),
('EM0193','Poncio','Gonzalo','PoncioGonzalo@gmail.com',1008779946,'MG0007'),
('EM0194','Praxedes','Gopala','PraxedesGopala@gmail.com',1008786946,'MG0007'),
('EM0195','Pradiumna','Gopi','PradiumnaGopi@gmail.com',1008793946,'MG0008'),
('EM0196','Premislao','Grace','PremislaoGrace@gmail.com',1008800946,'MG0005'),
('EM0197','Primitivo','Gracia','PrimitivoGracia@gmail.com',1008807946,'MG0005'),
('EM0198','Prisca','Graciano','PriscaGraciano@gmail.com',1008814946,'MG0009'),
('EM0199','Priscila','Graciela','PriscilaGraciela@gmail.com',1008821946,'MG0009'),
('EM0200','Prisco','Gregorio','PriscoGregorio@gmail.com',1008828946,'MG0008'),
('EM0201','Pritivi','Griselda','PritiviGriselda@gmail.com',1008835946,'MG0005'),
('EM0202','Prudencio','Guadalupe','PrudencioGuadalupe@gmail.com',1008842946,'MG0007'),
('EM0203','Publio','Gualterio','PublioGualterio@gmail.com',1008849946,'MG0005'),
('EM0204','Pulaja','Guido','PulajaGuido@gmail.com',1008856946,'MG0005'),
('EM0205','Quico','Guillermina','QuicoGuillermina@gmail.com',1008863946,'MG0003'),
('EM0206','Quilen','Guillermo','QuilenGuillermo@gmail.com',1008870946,'MG0003'),
('EM0207','Quin','Gumaro','QuinGumaro@gmail.com',1008877946,'MG0003'),
('EM0208','Quino','Gustavo','QuinoGustavo@gmail.com',1008884946,'MG0007'),
('EM0209','Quintin','Guy','QuintinGuy@gmail.com',1008891946,'MG0010'),
('EM0210','Quique','Hector','QuiqueHector@gmail.com',1008898946,'MG0010'),
('EM0211','Joelly','Benedek','jbenedek0@dagondesign.com',6623136948,'MG0629'),
('EM0212','Artus','Batterham','abatterham1@adobe.com',4558512457,'MG0651'),
('EM0213','Leonardo','Castree','lcastree2@weebly.com',1477394373,'MG0323'),
('EM0214','Dalston','Phelipeaux','dphelipeaux3@blogspot.com',2384231213,'MG0432'),
('EM0215','Reinwald','Lezemore','rlezemore4@thetimes.co.uk',3525175347,'MG0038'),
('EM0216','De witt','MacCracken','dmaccracken5@cloudflare.com',5668142927,'MG0130'),
('EM0217','Briggs','MacKain','bmackain6@themeforest.net',9823985179,'MG0924'),
('EM0218','Tiffy','Goves','tgoves7@opera.com',1753940706,'MG0922'),
('EM0219','Arther','Dwane','adwane8@scientificamerican.com',1833970468,'MG1007'),
('EM0220','Aldus','Dunrige','adunrige9@aol.com',8613619664,'MG0161'),
('EM0221','Edy','McKendry','emckendrya@ft.com',7949481208,'MG0434'),
('EM0222','Felice','Geeve','fgeeveb@multiply.com',6632512156,'MG0343'),
('EM0223','Peter','Coulthart','pcoulthartc@va.gov',5599530002,'MG0805'),
('EM0224','Erastus','Gurg','egurgd@slate.com',8706768113,'MG1009'),
('EM0225','Raymund','Dellenbrook','rdellenbrooke@clickbank.net',2106094811,'MG0355'),
('EM0226','Tana','Akrigg','takriggf@flickr.com',3836131571,'MG0191'),
('EM0227','Dionysus','Phare','dphareg@ovh.net',1281819190,'MG0311'),
('EM0228','Cindi','Castard','ccastardh@twitpic.com',5077680780,'MG0365'),
('EM0229','Kayne','Shaxby','kshaxbyi@mac.com',1264073862,'MG0397'),
('EM0230','Georgette','Mitroshinov','gmitroshinovj@mit.edu',4617665704,'MG0635'),
('EM0231','Ellerey','Adame','eadamek@utexas.edu',1944875830,'MG0315'),
('EM0232','Caldwell','Haselgrove','chaselgrovel@fotki.com',6705407185,'MG0181'),
('EM0233','Tades','Netting','tnettingm@pen.io',5074237518,'MG0794'),
('EM0234','Lucilia','Lesurf','llesurfn@spotify.com',7601379499,'MG0939'),
('EM0235','Carolynn','Villa','cvillao@nba.com',3651249375,'MG0516'),
('EM0236','Josefina','Schlagtmans','jschlagtmansp@cnn.com',5475187416,'MG0368'),
('EM0237','Sukey','La Padula','slapadulaq@google.com.au',4672952796,'MG0274'),
('EM0238','Nickolas','Pocke','npocker@state.gov',7188863877,'MG0132'),
('EM0239','Ilene','Arends','iarendss@dailymotion.com',2669590466,'MG0023'),
('EM0240','Gena','Magnus','gmagnust@ycombinator.com',8481848216,'MG0917'),
('EM0241','Rea','Grenter','rgrenteru@topsy.com',9748108758,'MG0077'),
('EM0242','Tailor','Fosbraey','tfosbraeyv@flavors.me',4519789980,'MG0467'),
('EM0243','Andra','Hair','ahairw@squidoo.com',2812680803,'MG0482'),
('EM0244','Dre','Povlsen','dpovlsenx@mayoclinic.com',2783921828,'MG0901'),
('EM0245','Fidel','Sevior','fseviory@zimbio.com',2036793393,'MG0109'),
('EM0246','Sheppard','Folley','sfolleyz@state.tx.us',9409710888,'MG0158'),
('EM0247','Cathrin','Hiddy','chiddy10@imgur.com',1874054377,'MG0258'),
('EM0248','Aloysia','Keele','akeele11@exblog.jp',8807086528,'MG0089'),
('EM0249','Salaidh','Dupree','sdupree12@omniture.com',6629027362,'MG0524'),
('EM0250','Gradey','Patemore','gpatemore13@comsenz.com',7843017154,'MG0674'),
('EM0251','Flossi','Garnsworth','fgarnsworth14@spotify.com',3174666745,'MG0473'),
('EM0252','Cinnamon','Roycraft','croycraft15@shareasale.com',2339074889,'MG0403'),
('EM0253','Lynnet','Robroe','lrobroe16@phoca.cz',3889309705,'MG0786'),
('EM0254','Sarah','Memory','smemory17@360.cn',7885709734,'MG0343'),
('EM0255','Brigitte','Touzey','btouzey18@bbb.org',3182505704,'MG0061'),
('EM0256','Filberto','Fredy','ffredy19@bandcamp.com',8619772242,'MG0239'),
('EM0257','Moishe','Dibbs','mdibbs1a@etsy.com',1008492538,'MG0512'),
('EM0258','Friedrich','Josephy','fjosephy1b@amazonaws.com',4295070761,'MG0397'),
('EM0259','Karylin','Hritzko','khritzko1c@networkadvertising.org',2164253236,'MG0441'),
('EM0260','Odo','McGragh','omcgragh1d@comsenz.com',7356317742,'MG0788'),
('EM0261','Cathrine','Lydford','clydford1e@dell.com',7141003019,'MG0228'),
('EM0262','Linda','Phair','lphair1f@gmpg.org',9632436084,'MG0621'),
('EM0263','Elise','Kail','ekail1g@diigo.com',5284812855,'MG0832'),
('EM0264','Sebastien','Bracchi','sbracchi1h@nydailynews.com',5816755713,'MG0803'),
('EM0265','Margret','Hartill','mhartill1i@paginegialle.it',4328597265,'MG0482'),
('EM0266','Karleen','Houlden','khoulden1j@surveymonkey.com',4327859597,'MG0701'),
('EM0267','Selena','Tierney','stierney1k@photobucket.com',1018458571,'MG0725'),
('EM0268','Kristin','Bernade','kbernade1l@cam.ac.uk',4954270937,'MG0938'),
('EM0269','Herve','Illiston','hilliston1m@addtoany.com',5883120131,'MG0652'),
('EM0270','Adah','Hinchcliffe','ahinchcliffe1n@webeden.co.uk',7046099724,'MG0986'),
('EM0271','Katti','Overstone','koverstone1o@t-online.de',7583343662,'MG0543'),
('EM0272','Currey','Drynan','cdrynan1p@blinklist.com',1638065766,'MG0691'),
('EM0273','Cornelia','Purviss','cpurviss1q@hostgator.com',1223869244,'MG0163'),
('EM0274','Constancia','Keeting','ckeeting1r@cyberchimps.com',5866559440,'MG0823'),
('EM0275','Harmonie','Callander','hcallander1s@shinystat.com',5322660604,'MG0032'),
('EM0276','Goldia','Elliman','gelliman1t@hubpages.com',1203861236,'MG0197'),
('EM0277','Quentin','Shoebrook','qshoebrook1u@omniture.com',2729467686,'MG0786'),
('EM0278','Steffie','Dorin','sdorin1v@about.com',3531878955,'MG0873'),
('EM0279','Cyndie','Pocknell','cpocknell1w@example.com',4128963222,'MG0528'),
('EM0280','Nestor','McClounan','nmcclounan1x@bandcamp.com',9701457530,'MG0590'),
('EM0281','Rubi','Whorf','rwhorf1y@unc.edu',6378119389,'MG0101'),
('EM0282','Darla','Vaun','dvaun1z@hhs.gov',5059673746,'MG0759'),
('EM0283','Valery','Ceaser','vceaser20@over-blog.com',9848940178,'MG0837'),
('EM0284','Junie','Paynes','jpaynes21@mozilla.com',9042211180,'MG0420'),
('EM0285','Jeniffer','Galbraith','jgalbraith22@utexas.edu',4164866708,'MG0283'),
('EM0286','Dyanne','Assard','dassard23@hud.gov',6248975741,'MG0255'),
('EM0287','Gavrielle','Armin','garmin24@hibu.com',4787925087,'MG0082'),
('EM0288','Ashlie','Binnion','abinnion25@rambler.ru',4817506344,'MG0688'),
('EM0289','Kalinda','Kennelly','kkennelly26@soundcloud.com',2125149278,'MG0799'),
('EM0290','Kalil','Agdahl','kagdahl27@examiner.com',8932621112,'MG0708'),
('EM0291','Carlie','Klimkowski','cklimkowski28@google.ru',2524602014,'MG0574'),
('EM0292','Jana','Fildes','jfildes29@istockphoto.com',6241550277,'MG0337'),
('EM0293','Briano','Huntly','bhuntly2a@statcounter.com',6846534491,'MG0736'),
('EM0294','Lisle','Jakubovits','ljakubovits2b@bizjournals.com',6888429334,'MG0802'),
('EM0295','Hobart','Gridley','hgridley2c@linkedin.com',8465644789,'MG0404'),
('EM0296','Zechariah','Doram','zdoram2d@google.co.jp',5941831335,'MG0704'),
('EM0297','Harli','Buckel','hbuckel2e@youtube.com',4087142256,'MG0034'),
('EM0298','Issiah','Blincoe','iblincoe2f@theatlantic.com',2043952160,'MG0843'),
('EM0299','Abner','Mc Comb','amccomb2g@reference.com',7063821694,'MG0254'),
('EM0300','Myriam','Takle','mtakle2h@friendfeed.com',2698266667,'MG0288'),
('EM0301','Brendon','Stavers','bstavers2i@hexun.com',7278171381,'MG1004'),
('EM0302','Merrie','Corran','mcorran2j@tinyurl.com',6815526167,'MG0694'),
('EM0303','Otho','Laux','olaux2k@auda.org.au',9057081696,'MG0608'),
('EM0304','Rica','Frankish','rfrankish2l@infoseek.co.jp',8606906590,'MG0390'),
('EM0305','Isaak','Buckoke','ibuckoke2m@hud.gov',6001675411,'MG0184'),
('EM0306','Wini','McIntee','wmcintee2n@addthis.com',8215628276,'MG0139'),
('EM0307','Cynthia','Tullett','ctullett2o@forbes.com',5223560454,'MG0385'),
('EM0308','Aurel','Dunbobin','adunbobin2p@guardian.co.uk',2882198511,'MG0607'),
('EM0309','Lyndsey','McLarty','lmclarty2q@fotki.com',2047947056,'MG0784'),
('EM0310','Gay','McBryde','gmcbryde2r@youtu.be',5145885005,'MG0960'),
('EM0311','Caryn','Ashment','cashment2s@bbc.co.uk',4405620841,'MG0830'),
('EM0312','Armin','Steels','asteels2t@imgur.com',2239635684,'MG0929'),
('EM0313','Patience','Vertey','pvertey2u@blogtalkradio.com',9719782590,'MG0599'),
('EM0314','Odelle','Lodin','olodin2v@ebay.com',5089526172,'MG0232'),
('EM0315','Vincenty','Aslin','vaslin2w@weibo.com',1768322301,'MG0318'),
('EM0316','Gerard','Cuttelar','gcuttelar2x@printfriendly.com',8425698130,'MG0182'),
('EM0317','Thorvald','Mennear','tmennear2y@constantcontact.com',1885703248,'MG0636'),
('EM0318','Bone','Mounce','bmounce2z@businessinsider.com',8753891316,'MG0405'),
('EM0319','Jermayne','Wintour','jwintour30@bing.com',8593701437,'MG0668'),
('EM0320','Wally','Parminter','wparminter31@europa.eu',5082470147,'MG0865'),
('EM0321','Sharona','Dyton','sdyton32@japanpost.jp',2395339441,'MG0363'),
('EM0322','Erasmus','Mannooch','emannooch33@un.org',1489604333,'MG0515'),
('EM0323','Gerry','Ivashnikov','givashnikov34@myspace.com',4347417268,'MG0411'),
('EM0324','Conrado','Boal','cboal35@yellowpages.com',6367270497,'MG0999'),
('EM0325','Jaquelyn','Gallandre','jgallandre36@cbsnews.com',3769737409,'MG0868'),
('EM0326','Mata','Gerg','mgerg37@nba.com',3348562873,'MG0504'),
('EM0327','Ellie','Hawksworth','ehawksworth38@cbslocal.com',1947085972,'MG0470'),
('EM0328','Brod','Strelitzer','bstrelitzer39@irs.gov',2007474279,'MG0499'),
('EM0329','Shannon','Darrington','sdarrington3a@tiny.cc',9731401915,'MG1004'),
('EM0330','Raye','Lawlance','rlawlance3b@feedburner.com',8157790868,'MG0969'),
('EM0331','Tally','Brunesco','tbrunesco3c@mozilla.org',5629250835,'MG0626'),
('EM0332','Katerine','Sowten','ksowten3d@auda.org.au',7486645414,'MG0668'),
('EM0333','D''arcy','Juan','djuan3e@smh.com.au',6077564591,'MG1011'),
('EM0334','Carolina','Paskins','cpaskins3f@dailymail.co.uk',8528280141,'MG0841'),
('EM0335','Birch','Bankes','bbankes3g@comcast.net',6155644924,'MG0210'),
('EM0336','Dorella','Rymour','drymour3h@indiegogo.com',5392923776,'MG0891'),
('EM0337','Bryna','Caffrey','bcaffrey3i@over-blog.com',8841916914,'MG0956'),
('EM0338','Elianore','Rubie','erubie3j@123-reg.co.uk',3627808525,'MG0426'),
('EM0339','Hedwig','Moakler','hmoakler3k@omniture.com',7925470534,'MG0446'),
('EM0340','Aindrea','Vaudin','avaudin3l@123-reg.co.uk',8551026492,'MG0261'),
('EM0341','Bailie','Pead','bpead3m@reference.com',9073347145,'MG0802'),
('EM0342','Micheil','Connock','mconnock3n@geocities.jp',9443820586,'MG0951'),
('EM0343','Ermentrude','Durnford','edurnford3o@ft.com',9936394597,'MG0982'),
('EM0344','Arliene','Bevan','abevan3p@ezinearticles.com',7987765473,'MG0898'),
('EM0345','Salomone','Hegdonne','shegdonne3q@livejournal.com',3001057237,'MG0861'),
('EM0346','Cris','Gellately','cgellately3r@hud.gov',3544320238,'MG0266'),
('EM0347','Corrina','MacMeeking','cmacmeeking3s@cnbc.com',8165156788,'MG0238'),
('EM0348','Enrico','Samweyes','esamweyes3t@booking.com',4555054879,'MG0957'),
('EM0349','Jerrold','Kerrane','jkerrane3u@nasa.gov',3343992116,'MG0874'),
('EM0350','Rafe','Tildesley','rtildesley3v@bbc.co.uk',3942877906,'MG0657'),
('EM0351','Gabi','Siddele','gsiddele3w@loc.gov',6422004158,'MG0325'),
('EM0352','Gilberte','Miskin','gmiskin3x@tumblr.com',2835983592,'MG0884'),
('EM0353','Mady','Begwell','mbegwell3y@studiopress.com',9991988231,'MG1007'),
('EM0354','Jaine','Farrimond','jfarrimond3z@storify.com',7104465524,'MG0731'),
('EM0355','Aldrich','Rubinowicz','arubinowicz40@usnews.com',6133451200,'MG0447'),
('EM0356','Loren','Tuckley','ltuckley41@flavors.me',1923465058,'MG0305'),
('EM0357','Roxie','Lingner','rlingner42@networksolutions.com',3109142410,'MG0586'),
('EM0358','Christoper','Keel','ckeel43@wikimedia.org',9243976474,'MG0252'),
('EM0359','Bridie','Hydes','bhydes44@cisco.com',8983296106,'MG0936'),
('EM0360','Lucian','Vawton','lvawton45@tinypic.com',5479187872,'MG0041'),
('EM0361','Hollyanne','Cannicott','hcannicott46@dropbox.com',3629477709,'MG0484'),
('EM0362','Caitrin','Staries','cstaries47@unc.edu',8571640416,'MG0370'),
('EM0363','Ozzy','Hickford','ohickford48@aol.com',5327445035,'MG0236'),
('EM0364','Forrest','McRonald','fmcronald49@people.com.cn',5925568802,'MG0134'),
('EM0365','Dame','Jansie','djansie4a@walmart.com',3828703699,'MG0708'),
('EM0366','Chet','Geare','cgeare4b@aol.com',3818088753,'MG0128'),
('EM0367','Shane','Rodie','srodie4c@mapquest.com',7297438029,'MG0469'),
('EM0368','Meyer','Lingner','mlingner4d@nymag.com',3393656500,'MG0453'),
('EM0369','Chancey','Andreucci','candreucci4e@newyorker.com',4041176804,'MG0864'),
('EM0370','Allina','Wreath','awreath4f@qq.com',8802576725,'MG0314'),
('EM0371','Vance','Knudsen','vknudsen4g@4shared.com',9857752311,'MG0463'),
('EM0372','Evie','Grenshields','egrenshields4h@freewebs.com',8612230422,'MG0380'),
('EM0373','Joli','Jenoure','jjenoure4i@google.de',6767886784,'MG0866'),
('EM0374','Faith','Osmond','fosmond4j@cbc.ca',9349034792,'MG0686'),
('EM0375','Sib','Estoile','sestoile4k@barnesandnoble.com',4261802447,'MG0467'),
('EM0376','Kass','De Benedetti','kdebenedetti4l@tumblr.com',2115730771,'MG0333'),
('EM0377','Gwynne','Dagger','gdagger4m@cbc.ca',5982693068,'MG0474'),
('EM0378','Jean','Camellini','jcamellini4n@tmall.com',8411488965,'MG0352'),
('EM0379','Betsey','Dunican','bdunican4o@com.com',2354189968,'MG0124'),
('EM0380','Ilsa','Guest','iguest4p@phpbb.com',8378183711,'MG0392'),
('EM0381','Hi','Nolot','hnolot4q@parallels.com',1747983599,'MG0972'),
('EM0382','Guglielmo','McGriffin','gmcgriffin4r@t.co',6685321724,'MG0639'),
('EM0383','Candy','Atwood','catwood4s@biglobe.ne.jp',3733727862,'MG0659'),
('EM0384','Jody','Moran','jmoran4t@bbb.org',2242124668,'MG0085'),
('EM0385','Elizabeth','Bunford','ebunford4u@google.fr',4403394930,'MG0588'),
('EM0386','Margarete','Valentinetti','mvalentinetti4v@marketwatch.com',1085231142,'MG0047'),
('EM0387','Currie','Kamien','ckamien4w@washingtonpost.com',3046607864,'MG0637'),
('EM0388','Rich','Paddemore','rpaddemore4x@bandcamp.com',3148282996,'MG0484'),
('EM0389','Silva','Regler','sregler4y@chron.com',9455261275,'MG0060'),
('EM0390','Sybil','Brimilcome','sbrimilcome4z@java.com',8103900926,'MG0057'),
('EM0391','Stormy','Baudinot','sbaudinot50@wikipedia.org',1047562766,'MG0133'),
('EM0392','Janis','Manlow','jmanlow51@cyberchimps.com',7556036077,'MG0103'),
('EM0393','Leeann','Cruft','lcruft52@slate.com',9476652717,'MG0082'),
('EM0394','Ketty','Buttle','kbuttle53@blogger.com',9836197402,'MG0350'),
('EM0395','Darleen','D''Ambrosi','ddambrosi54@yahoo.com',6529633197,'MG0586'),
('EM0396','Lorri','Epgrave','lepgrave55@rediff.com',7561751947,'MG0765'),
('EM0397','Erinn','Spaunton','espaunton56@gizmodo.com',7645499949,'MG0233'),
('EM0398','Rube','Genever','rgenever57@slate.com',8012587285,'MG0732'),
('EM0399','Willard','Greenalf','wgreenalf58@abc.net.au',2258570439,'MG0138'),
('EM0400','Darcey','Jacobson','djacobson59@example.com',7693474297,'MG0464'),
('EM0401','Jessy','McGuirk','jmcguirk5a@zdnet.com',3266790083,'MG0402'),
('EM0402','Dan','Metts','dmetts5b@ucoz.com',6391707466,'MG0435'),
('EM0403','Kimmi','Coggon','kcoggon5c@booking.com',8387656282,'MG0829'),
('EM0404','Omar','Wolfindale','owolfindale5d@time.com',4511948979,'MG0547'),
('EM0405','Fabe','Fennick','ffennick5e@youtube.com',8668248065,'MG0646'),
('EM0406','Corrina','Vardey','cvardey5f@ihg.com',9241502108,'MG0729'),
('EM0407','Aubert','Teesdale','ateesdale5g@google.de',2616550950,'MG0515'),
('EM0408','Norton','Gerrelt','ngerrelt5h@home.pl',1964289496,'MG0926'),
('EM0409','Karl','Snyder','ksnyder5i@utexas.edu',1137126369,'MG0869'),
('EM0410','Layla','Mallebone','lmallebone5j@tinyurl.com',8843625145,'MG0745'),
('EM0411','Nicholas','Seward','nseward5k@vimeo.com',4367903374,'MG0074'),
('EM0412','Ivan','Styche','istyche5l@nhs.uk',9298408955,'MG0863'),
('EM0413','Neal','Mugg','nmugg5m@slideshare.net',3161789503,'MG0730'),
('EM0414','Lita','De la Zenne','ldelazenne5n@ihg.com',1421700976,'MG0224'),
('EM0415','Alphard','Kolodziejski','akolodziejski5o@stanford.edu',6489607662,'MG0016'),
('EM0416','Clarie','Di Nisco','cdinisco5p@who.int',5077279152,'MG0904'),
('EM0417','Perri','Jovey','pjovey5q@nps.gov',7638460196,'MG0679'),
('EM0418','Onofredo','Rush','orush5r@webnode.com',3349591930,'MG0448'),
('EM0419','Kial','Woolmore','kwoolmore5s@friendfeed.com',5137489843,'MG0320'),
('EM0420','Culver','Pischof','cpischof5t@unc.edu',4177497248,'MG0856'),
('EM0421','Eve','Swan','eswan5u@infoseek.co.jp',3405340325,'MG0101'),
('EM0422','Irvine','Lowen','ilowen5v@vinaora.com',7784367102,'MG0955'),
('EM0423','Alexia','Dance','adance5w@pinterest.com',7093920482,'MG0020'),
('EM0424','Alisander','Nudds','anudds5x@dion.ne.jp',9834394707,'MG0309'),
('EM0425','Vitoria','Gehrtz','vgehrtz5y@mit.edu',6211310419,'MG0136'),
('EM0426','Norry','Caroline','ncaroline5z@blinklist.com',9076248266,'MG0788'),
('EM0427','Shaw','Vanichkin','svanichkin60@hostgator.com',9555813181,'MG0771'),
('EM0428','Rozelle','Braine','rbraine61@linkedin.com',7145974786,'MG0121'),
('EM0429','Alard','Darker','adarker62@newyorker.com',8752814400,'MG0829'),
('EM0430','Gabriell','Aslen','gaslen63@trellian.com',9485905211,'MG0901'),
('EM0431','Daffie','Kinnie','dkinnie64@hao123.com',4356927541,'MG0381'),
('EM0432','Roxanna','Arnholtz','rarnholtz65@prweb.com',8432662989,'MG0432'),
('EM0433','Leelah','Danilovich','ldanilovich66@google.com.hk',4115294717,'MG0953'),
('EM0434','Gene','Davidi','gdavidi67@nationalgeographic.com',9024695422,'MG0058'),
('EM0435','Haven','Ceney','hceney68@altervista.org',5407129744,'MG0126'),
('EM0436','Bastien','Sedgman','bsedgman69@hexun.com',8646000049,'MG0235'),
('EM0437','Kassia','Jefferson','kjefferson6a@statcounter.com',2181711426,'MG0016'),
('EM0438','Dorothea','Gilhooley','dgilhooley6b@woothemes.com',2974896426,'MG0036'),
('EM0439','Emelda','Fitkin','efitkin6c@storify.com',1494060740,'MG0428'),
('EM0440','Karisa','Ridgley','kridgley6d@nhs.uk',5197350913,'MG0274'),
('EM0441','Florance','Impey','fimpey6e@w3.org',1161969827,'MG0659'),
('EM0442','Blanch','Orbon','borbon6f@comcast.net',4991253199,'MG0157'),
('EM0443','Neille','Beagan','nbeagan6g@list-manage.com',5764147436,'MG0366'),
('EM0444','Goldarina','Worsam','gworsam6h@mail.ru',1032336758,'MG0045'),
('EM0445','Sadye','Porkiss','sporkiss6i@clickbank.net',6563465843,'MG0897'),
('EM0446','Gerard','Goodlatt','ggoodlatt6j@cocolog-nifty.com',8037655956,'MG0254'),
('EM0447','Shae','Woolam','swoolam6k@gmpg.org',5108051135,'MG0379'),
('EM0448','Nancie','Burleton','nburleton6l@stanford.edu',5974280130,'MG0984'),
('EM0449','Meredith','Stukings','mstukings6m@artisteer.com',5268499554,'MG0476'),
('EM0450','Carey','Emanulsson','cemanulsson6n@flickr.com',9547501887,'MG0959'),
('EM0451','Eudora','Flatman','eflatman6o@bing.com',7398168916,'MG0398'),
('EM0452','Deva','Germaine','dgermaine6p@imgur.com',6138005454,'MG0487'),
('EM0453','Franny','Barnewelle','fbarnewelle6q@thetimes.co.uk',8332016607,'MG0853'),
('EM0454','Jackelyn','Avory','javory6r@intel.com',7378456935,'MG0797'),
('EM0455','Dareen','Narraway','dnarraway6s@cbslocal.com',8063318061,'MG0640'),
('EM0456','Caria','Rendbaek','crendbaek6t@wordpress.org',6995608377,'MG0308'),
('EM0457','Haroun','Romi','hromi6u@pagesperso-orange.fr',9241402826,'MG0184'),
('EM0458','Dilly','Dowty','ddowty6v@latimes.com',7757772152,'MG0967'),
('EM0459','Estrella','Watmough','ewatmough6w@istockphoto.com',6667110199,'MG0215'),
('EM0460','Darin','Shernock','dshernock6x@wired.com',9393620258,'MG0962'),
('EM0461','Milli','Conniam','mconniam6y@geocities.com',3421361745,'MG0089'),
('EM0462','Obed','Hawford','ohawford6z@godaddy.com',2081777419,'MG0813'),
('EM0463','Piotr','Terrington','pterrington70@ucoz.com',6779302617,'MG0780'),
('EM0464','Christie','Plackstone','cplackstone71@unblog.fr',4171604334,'MG0232'),
('EM0465','Kirk','Wiltshear','kwiltshear72@archive.org',6431124574,'MG0814'),
('EM0466','Deva','Caccavella','dcaccavella73@angelfire.com',3659307426,'MG0975'),
('EM0467','Starlene','Glasgow','sglasgow74@bandcamp.com',5446708185,'MG0429'),
('EM0468','Tabbi','Romain','tromain75@hc360.com',1613951321,'MG0578'),
('EM0469','Jamie','Rosenbarg','jrosenbarg76@nationalgeographic.com',4853446162,'MG0874'),
('EM0470','Sim','Probetts','sprobetts77@elpais.com',4597749919,'MG0868'),
('EM0471','Brear','Inett','binett78@freewebs.com',3383916418,'MG0163'),
('EM0472','Kate','Cymper','kcymper79@nih.gov',3079206425,'MG0192'),
('EM0473','Nadine','MacKerley','nmackerley7a@upenn.edu',6466209549,'MG0235'),
('EM0474','Kacie','Prout','kprout7b@xinhuanet.com',4291160372,'MG0708'),
('EM0475','Cesya','Dilleway','cdilleway7c@prlog.org',5001075162,'MG0316'),
('EM0476','Oralle','Verbeke','overbeke7d@epa.gov',7907707769,'MG0768'),
('EM0477','Dee','Seedhouse','dseedhouse7e@ow.ly',6966688210,'MG0543'),
('EM0478','Allison','Kelcher','akelcher7f@wired.com',3164170596,'MG0518'),
('EM0479','Elfrieda','Coan','ecoan7g@yellowbook.com',4879311884,'MG0499'),
('EM0480','Fred','Souza','fsouza7h@nsw.gov.au',9289371800,'MG0549'),
('EM0481','Taite','Axelbee','taxelbee7i@goo.gl',4697517290,'MG0957'),
('EM0482','Bibbie','McDaid','bmcdaid7j@domainmarket.com',6295432724,'MG0666'),
('EM0483','Hobey','Eckhard','heckhard7k@marketwatch.com',1964148417,'MG0752'),
('EM0484','Hollie','Balf','hbalf7l@ox.ac.uk',4505910672,'MG0085'),
('EM0485','Jehanna','Rosenhaupt','jrosenhaupt7m@gravatar.com',5317833456,'MG0728'),
('EM0486','Douglass','Cadman','dcadman7n@bigcartel.com',8137733537,'MG0293'),
('EM0487','Bathsheba','Pilbeam','bpilbeam7o@1688.com',3829236574,'MG0817'),
('EM0488','Starla','Oxberry','soxberry7p@digg.com',4951796486,'MG0214'),
('EM0489','Drusy','Ryal','dryal7q@ebay.com',7887732285,'MG0685'),
('EM0490','Bobbie','de Clerk','bdeclerk7r@creativecommons.org',5646499041,'MG0640'),
('EM0491','Quintilla','Woollard','qwoollard7s@adobe.com',9866307459,'MG0657'),
('EM0492','Fraze','Humbert','fhumbert7t@163.com',3403808802,'MG0199'),
('EM0493','Robbyn','Jorcke','rjorcke7u@cocolog-nifty.com',8573384272,'MG0472'),
('EM0494','Dniren','Eckford','deckford7v@nytimes.com',2803460899,'MG0678'),
('EM0495','Jenine','Eingerfield','jeingerfield7w@loc.gov',6694489925,'MG0608'),
('EM0496','Linn','MacIan','lmacian7x@elpais.com',8901291115,'MG0594'),
('EM0497','Parrnell','Hainsworth','phainsworth7y@craigslist.org',1065929378,'MG0490'),
('EM0498','Hodge','Mannock','hmannock7z@pen.io',5527232234,'MG0628'),
('EM0499','Dolli','Yoxen','dyoxen80@g.co',8212495043,'MG0844'),
('EM0500','Coral','Harding','charding81@census.gov',7224367132,'MG0395'),
('EM0501','Chrissy','Lovick','clovick82@virginia.edu',6783449146,'MG0195'),
('EM0502','Melisenda','Filipponi','mfilipponi83@senate.gov',2735981930,'MG0953'),
('EM0503','Saleem','McDonnell','smcdonnell84@umn.edu',9838130780,'MG0156'),
('EM0504','Franny','Kolakovic','fkolakovic85@reddit.com',2727635180,'MG0261'),
('EM0505','Xaviera','Higgen','xhiggen86@youku.com',6092722964,'MG0618'),
('EM0506','Zaccaria','Kliemke','zkliemke87@dailymail.co.uk',9213463899,'MG0117'),
('EM0507','Abelard','Bowland','abowland88@wisc.edu',1914048864,'MG0392'),
('EM0508','Myra','Edgeon','medgeon89@guardian.co.uk',9187992722,'MG0085'),
('EM0509','Janet','Tomlins','jtomlins8a@cafepress.com',7002968241,'MG0691'),
('EM0510','Vanny','Trees','vtrees8b@discovery.com',6302361577,'MG0982'),
('EM0511','Barret','Sabbin','bsabbin8c@shop-pro.jp',6846829637,'MG0299'),
('EM0512','Jodie','Gout','jgout8d@lulu.com',7191545757,'MG0024'),
('EM0513','Morgan','Tappor','mtappor8e@liveinternet.ru',9832638574,'MG0282'),
('EM0514','Caye','Kleis','ckleis8f@youtube.com',3581495931,'MG0970'),
('EM0515','Neill','Shillabear','nshillabear8g@europa.eu',4954153250,'MG0917'),
('EM0516','Sheff','Petofi','spetofi8h@amazon.com',7693598749,'MG0152'),
('EM0517','Melina','Eaglestone','meaglestone8i@aol.com',7156754812,'MG0597'),
('EM0518','Walther','Faro','wfaro8j@4shared.com',2923024628,'MG0297'),
('EM0519','Nowell','Ivie','nivie8k@ebay.com',2023368566,'MG0120'),
('EM0520','Washington','Le feaver','wlefeaver8l@wufoo.com',8167828474,'MG0282'),
('EM0521','Hugues','Gascoyne','hgascoyne8m@rambler.ru',1825897532,'MG0987'),
('EM0522','Henry','Kenen','hkenen8n@wikispaces.com',3268220524,'MG0358'),
('EM0523','Carolann','Hoyland','choyland8o@bizjournals.com',7275762488,'MG0382'),
('EM0524','Ivette','Eggar','ieggar8p@cbc.ca',3006626253,'MG0119'),
('EM0525','Bentley','Garbett','bgarbett8q@eepurl.com',9873475517,'MG0034'),
('EM0526','Noelle','Trye','ntrye8r@ucoz.ru',7157840118,'MG0085'),
('EM0527','Onfre','Forge','oforge8s@xrea.com',9012650193,'MG0343'),
('EM0528','Christi','Olle','colle8t@cornell.edu',6554151511,'MG0849'),
('EM0529','Buddie','Ivanov','bivanov8u@unicef.org',9413344850,'MG0217'),
('EM0530','Thea','Overill','toverill8v@ycombinator.com',6846582112,'MG0501'),
('EM0531','Janetta','Fenck','jfenck8w@rambler.ru',2072154447,'MG0315'),
('EM0532','Sibylle','Kubczak','skubczak8x@army.mil',6648406434,'MG0469'),
('EM0533','Alicea','Rappaport','arappaport8y@themeforest.net',6427175739,'MG0356'),
('EM0534','Adams','Johnston','ajohnston8z@hugedomains.com',4811583928,'MG0906'),
('EM0535','Bobinette','Ivanitsa','bivanitsa90@theguardian.com',3146905970,'MG0407'),
('EM0536','Legra','Bagnall','lbagnall91@yelp.com',9583906228,'MG0641'),
('EM0537','Berkie','Leftbridge','bleftbridge92@i2i.jp',9522571081,'MG0542'),
('EM0538','Lotti','Skepper','lskepper93@mysql.com',5501364350,'MG0155'),
('EM0539','Donella','McElree','dmcelree94@globo.com',9693042915,'MG0570'),
('EM0540','Janenna','Gatus','jgatus95@twitpic.com',9829901424,'MG0624'),
('EM0541','Fabian','O''Fergus','fofergus96@soundcloud.com',3194384460,'MG0191'),
('EM0542','Siffre','Cousens','scousens97@ocn.ne.jp',3404144712,'MG0261'),
('EM0543','Khalil','Alfwy','kalfwy98@engadget.com',2096189263,'MG0504'),
('EM0544','Austine','Denisovo','adenisovo99@myspace.com',6058444585,'MG0897'),
('EM0545','Linnell','Schneider','lschneider9a@amazon.co.uk',7986858423,'MG0459'),
('EM0546','Alexei','Tschiersch','atschiersch9b@nyu.edu',6636894436,'MG0094'),
('EM0547','Annabal','Goodale','agoodale9c@apache.org',2373714087,'MG1006'),
('EM0548','Sarge','Leacock','sleacock9d@discuz.net',4016253316,'MG0382'),
('EM0549','Selinda','Wanne','swanne9e@livejournal.com',2554168225,'MG0230'),
('EM0550','Ivonne','Klaes','iklaes9f@dion.ne.jp',7231579264,'MG0351'),
('EM0551','Flory','Verson','fverson9g@123-reg.co.uk',1701318192,'MG0062'),
('EM0552','Michelle','Fiddymont','mfiddymont9h@amazon.co.jp',7965450889,'MG0838'),
('EM0553','Winfred','Campbell-Dunlop','wcampbelldunlop9i@jalbum.net',7807469383,'MG0551'),
('EM0554','Christos','Sinden','csinden9j@samsung.com',6248106197,'MG0033'),
('EM0555','Ricky','Deveril','rdeveril9k@csmonitor.com',1775220929,'MG0712'),
('EM0556','Percival','McCalum','pmccalum9l@alexa.com',3183147486,'MG0834'),
('EM0557','Kaila','Binch','kbinch9m@wp.com',4806214583,'MG0448'),
('EM0558','Leoine','Braithwait','lbraithwait9n@domainmarket.com',7376831956,'MG0612'),
('EM0559','Tildi','Amis','tamis9o@mail.ru',1082845722,'MG0436'),
('EM0560','Sephira','Brandli','sbrandli9p@merriam-webster.com',4091918931,'MG0923'),
('EM0561','Karyn','Buzza','kbuzza9q@chronoengine.com',7145110211,'MG0750'),
('EM0562','Thornie','Zannotti','tzannotti9r@cam.ac.uk',3333995149,'MG0749'),
('EM0563','Berna','Hughlin','bhughlin9s@marketwatch.com',8201967842,'MG0668'),
('EM0564','Milton','Lawn','mlawn9t@php.net',4467163022,'MG0067'),
('EM0565','Milli','Greensted','mgreensted9u@adobe.com',1477277863,'MG0692'),
('EM0566','Amii','Scheffler','ascheffler9v@smugmug.com',5713861907,'MG0893'),
('EM0567','Gillian','O''Kuddyhy','gokuddyhy9w@tumblr.com',7957548995,'MG0805'),
('EM0568','Aimee','Beton','abeton9x@cyberchimps.com',8098532616,'MG0119'),
('EM0569','Mollie','Portsmouth','mportsmouth9y@unblog.fr',4413885776,'MG0807'),
('EM0570','Hyacinthe','Deddum','hdeddum9z@dot.gov',2481961012,'MG0336'),
('EM0571','Jillian','Carff','jcarffa0@goodreads.com',3953987260,'MG0951'),
('EM0572','Stephen','Franzke','sfranzkea1@linkedin.com',4653453175,'MG0165'),
('EM0573','Kristina','Paunsford','kpaunsforda2@reference.com',4885018398,'MG0845'),
('EM0574','Dione','Dennerly','ddennerlya3@1und1.de',4718960440,'MG0356'),
('EM0575','Arabele','Brand','abranda4@about.me',4278737430,'MG0543'),
('EM0576','Jodee','Licciardi','jlicciardia5@ibm.com',7822780997,'MG0840'),
('EM0577','Ogdon','Zimmermanns','ozimmermannsa6@pbs.org',8671884359,'MG0247'),
('EM0578','Ermentrude','Cumpsty','ecumpstya7@theatlantic.com',7613642400,'MG0845'),
('EM0579','Dora','Lestrange','dlestrangea8@slashdot.org',6994088699,'MG0882'),
('EM0580','Ros','Comrie','rcomriea9@jugem.jp',1135728126,'MG0308'),
('EM0581','Andy','Landy','alandyaa@howstuffworks.com',4531606670,'MG0982'),
('EM0582','Melvyn','Millea','mmilleaab@yale.edu',4815482929,'MG0472'),
('EM0583','Sibel','Croke','scrokeac@flickr.com',7105678473,'MG0555'),
('EM0584','Guendolen','Streak','gstreakad@wordpress.com',6575702770,'MG0460'),
('EM0585','Gibb','Graves','ggravesae@auda.org.au',1925934480,'MG0415'),
('EM0586','Concettina','Brookson','cbrooksonaf@artisteer.com',3518868504,'MG0767'),
('EM0587','Catha','Banbury','cbanburyag@ebay.co.uk',1054765823,'MG0739'),
('EM0588','Kenneth','Cawthorn','kcawthornah@yandex.ru',1951007162,'MG1002'),
('EM0589','Amory','Cutchie','acutchieai@pen.io',8813364104,'MG0239'),
('EM0590','Robinette','Borrill','rborrillaj@bing.com',2974497319,'MG0673'),
('EM0591','Genvieve','Ivanitsa','givanitsaak@1688.com',8118956654,'MG0325'),
('EM0592','Patty','Chidler','pchidleral@drupal.org',1497514432,'MG0578'),
('EM0593','Rozele','MacKeller','rmackelleram@oracle.com',6315635946,'MG0391'),
('EM0594','Roger','Grimmert','rgrimmertan@alexa.com',6602050934,'MG0082'),
('EM0595','Romeo','Hatton','rhattonao@skyrock.com',8694096339,'MG0909'),
('EM0596','Caril','Allett','callettap@instagram.com',2736079440,'MG0717'),
('EM0597','Clywd','Durban','cdurbanaq@nyu.edu',6757105654,'MG0311'),
('EM0598','Dene','Michell','dmichellar@wikipedia.org',3447097454,'MG0542'),
('EM0599','Raynor','Trusse','rtrusseas@paginegialle.it',2628185429,'MG0707'),
('EM0600','Keeley','Brand-Hardy','kbrandhardyat@spiegel.de',8144442317,'MG0424'),
('EM0601','Bea','Eller','bellerau@amazon.com',8692277612,'MG0871'),
('EM0602','Tracy','Saleway','tsalewayav@vinaora.com',7041243636,'MG0863'),
('EM0603','Ricoriki','Roakes','rroakesaw@china.com.cn',3516144982,'MG0612'),
('EM0604','Benji','Ribbens','bribbensax@sfgate.com',8064621462,'MG0482'),
('EM0605','Tedra','Panchin','tpanchinay@shinystat.com',7236100076,'MG0782'),
('EM0606','Umeko','Chazier','uchazieraz@uol.com.br',3892589280,'MG0622'),
('EM0607','Alys','Climpson','aclimpsonb0@buzzfeed.com',7383600470,'MG0683'),
('EM0608','Valerie','Looney','vlooneyb1@macromedia.com',3361258925,'MG0077'),
('EM0609','Dorey','Size','dsizeb2@boston.com',2284670477,'MG0312'),
('EM0610','Lonee','Berzin','lberzinb3@walmart.com',4616116606,'MG0621'),
('EM0611','Morgan','Donke','mdonkeb4@networkadvertising.org',9696966053,'MG0579'),
('EM0612','Nial','Richard','nrichardb5@house.gov',6935586763,'MG0208'),
('EM0613','Van','Guillem','vguillemb6@reference.com',3848298941,'MG0730'),
('EM0614','Koenraad','Slater','kslaterb7@flickr.com',5507930694,'MG0194'),
('EM0615','Josefa','Burlay','jburlayb8@nature.com',2753222290,'MG0610'),
('EM0616','Fae','Nardi','fnardib9@de.vu',8895941456,'MG0411'),
('EM0617','Felix','Casado','fcasadoba@admin.ch',2813426370,'MG0919'),
('EM0618','Else','MacGorley','emacgorleybb@home.pl',5999358427,'MG0916'),
('EM0619','Reena','Ingrem','ringrembc@jimdo.com',2318454870,'MG0307'),
('EM0620','Desirae','Bris','dbrisbd@rakuten.co.jp',7515842178,'MG0785'),
('EM0621','Michal','Bellini','mbellinibe@aboutads.info',2284461486,'MG0297'),
('EM0622','Israel','Roggerone','iroggeronebf@pagesperso-orange.fr',9944172495,'MG0623'),
('EM0623','Lydie','Sallarie','lsallariebg@epa.gov',9086762262,'MG0705'),
('EM0624','Forester','Mannie','fmanniebh@rakuten.co.jp',1341558904,'MG0907'),
('EM0625','Ram','Rycroft','rrycroftbi@discuz.net',5681396693,'MG0273'),
('EM0626','Marline','Hampton','mhamptonbj@marriott.com',8522246892,'MG0902'),
('EM0627','Elenore','Reace','ereacebk@flavors.me',1856635935,'MG0770'),
('EM0628','Sibylla','Ruddell','sruddellbl@techcrunch.com',2102126102,'MG0229'),
('EM0629','Adina','Goosnell','agoosnellbm@instagram.com',9431030317,'MG0157'),
('EM0630','Leese','Quipp','lquippbn@rakuten.co.jp',2561029171,'MG0115'),
('EM0631','Delilah','Gilmartin','dgilmartinbo@netlog.com',9162455282,'MG0773'),
('EM0632','Margeaux','Kentish','mkentishbp@marketwatch.com',3094665779,'MG0773'),
('EM0633','Bell','Buttery','bbutterybq@howstuffworks.com',2604423764,'MG0697'),
('EM0634','Caresa','Ripley','cripleybr@shutterfly.com',8077040210,'MG0828'),
('EM0635','Bobinette','Pudan','bpudanbs@stanford.edu',3204180362,'MG0727'),
('EM0636','Ryley','Joerning','rjoerningbt@studiopress.com',2917001612,'MG0428'),
('EM0637','Shea','Theaker','stheakerbu@addtoany.com',9274041000,'MG0086'),
('EM0638','Alwin','Guntrip','aguntripbv@miitbeian.gov.cn',9031840333,'MG1002'),
('EM0639','Georgetta','Sabattier','gsabattierbw@cornell.edu',4957656630,'MG0423'),
('EM0640','Adey','Jerisch','ajerischbx@ifeng.com',3496279472,'MG1008'),
('EM0641','Tamara','Benit','tbenitby@prlog.org',9405053822,'MG0639'),
('EM0642','Idelle','Teideman','iteidemanbz@behance.net',5073505390,'MG0670'),
('EM0643','Letisha','Andriveau','landriveauc0@un.org',2775249258,'MG0982'),
('EM0644','Nicolea','Stiller','nstillerc1@storify.com',5309197124,'MG0246'),
('EM0645','Shannan','Conan','sconanc2@virginia.edu',1871111673,'MG0065'),
('EM0646','Ariana','Moncrieffe','amoncrieffec3@example.com',5834293271,'MG0858'),
('EM0647','Lorrayne','Brodeau','lbrodeauc4@blinklist.com',8476915940,'MG0298'),
('EM0648','Hynda','Vaughten','hvaughtenc5@naver.com',8175463756,'MG0318'),
('EM0649','Dredi','Attac','dattacc6@arstechnica.com',7738230581,'MG0670'),
('EM0650','Aarika','Vivash','avivashc7@miibeian.gov.cn',7285962841,'MG0416'),
('EM0651','Nicko','Merman','nmermanc8@diigo.com',3818620400,'MG0254'),
('EM0652','Suzanne','Briatt','sbriattc9@abc.net.au',3804155206,'MG0061'),
('EM0653','Westley','Jouannot','wjouannotca@sakura.ne.jp',4327074601,'MG0622'),
('EM0654','Rubi','Brimming','rbrimmingcb@list-manage.com',9111090309,'MG0108'),
('EM0655','Constantino','Garfitt','cgarfittcc@twitter.com',4943207412,'MG0041'),
('EM0656','Josefa','Jermy','jjermycd@4shared.com',9998493429,'MG0074'),
('EM0657','Weston','MacCollom','wmaccollomce@xinhuanet.com',9748118939,'MG0894'),
('EM0658','Hatti','Hollingshead','hhollingsheadcf@europa.eu',3538650476,'MG0680'),
('EM0659','Joanna','Cleverly','jcleverlycg@php.net',6768988780,'MG0513'),
('EM0660','Bald','Bence','bbencech@theguardian.com',9903360970,'MG0977'),
('EM0661','Sibbie','Klaessen','sklaessenci@addtoany.com',9824980139,'MG0329'),
('EM0662','Udall','Kettlewell','ukettlewellcj@epa.gov',1497344609,'MG0919'),
('EM0663','Courtnay','O''Ferris','coferrisck@addtoany.com',7698305133,'MG0034'),
('EM0664','Gareth','Rude','grudecl@fda.gov',5331917973,'MG0684'),
('EM0665','Eddy','Harnor','eharnorcm@state.tx.us',3251416782,'MG0843'),
('EM0666','Karry','Thomasset','kthomassetcn@geocities.jp',3831321400,'MG0655'),
('EM0667','Lind','Milward','lmilwardco@bluehost.com',2398452385,'MG0917'),
('EM0668','Saundra','McGroarty','smcgroartycp@bluehost.com',2974795689,'MG0273'),
('EM0669','Joana','Dobel','jdobelcq@jugem.jp',3381444549,'MG0674'),
('EM0670','Stevy','Senner','ssennercr@edublogs.org',7582750768,'MG0497'),
('EM0671','Nesta','Rains','nrainscs@nydailynews.com',4867207251,'MG0138'),
('EM0672','Arda','Druce','adrucect@seattletimes.com',7873033183,'MG0061'),
('EM0673','Brandyn','Loachhead','bloachheadcu@prlog.org',4392819473,'MG0181'),
('EM0674','Delinda','Portsmouth','dportsmouthcv@biblegateway.com',6596387279,'MG0600'),
('EM0675','Valera','Scotchmoor','vscotchmoorcw@salon.com',7914028303,'MG0738'),
('EM0676','Glen','Edmeads','gedmeadscx@dailymotion.com',6251120750,'MG0881'),
('EM0677','Bobby','West-Frimley','bwestfrimleycy@hc360.com',2555357298,'MG0731'),
('EM0678','Tally','Perrie','tperriecz@shop-pro.jp',2315434828,'MG0148'),
('EM0679','Agnes','Sartin','asartind0@posterous.com',4269525062,'MG0952'),
('EM0680','Colman','Drexel','cdrexeld1@house.gov',9005969426,'MG0101'),
('EM0681','Libbie','Plascott','lplascottd2@eventbrite.com',5729688982,'MG0765'),
('EM0682','Town','Curedell','tcuredelld3@blogspot.com',6273731405,'MG0356'),
('EM0683','Marianne','Stickney','mstickneyd4@hexun.com',8502592936,'MG0893'),
('EM0684','Dara','Fleetham','dfleethamd5@vkontakte.ru',9041003288,'MG0890'),
('EM0685','Jefferey','Dankov','jdankovd6@soup.io',4531992518,'MG0325'),
('EM0686','Eldridge','Skippen','eskippend7@fastcompany.com',3074699621,'MG0673'),
('EM0687','Riannon','Ivancevic','rivancevicd8@bandcamp.com',1642579817,'MG0339'),
('EM0688','Katha','Philippart','kphilippartd9@mozilla.org',2321438863,'MG0313'),
('EM0689','Rudd','Winridge','rwinridgeda@opera.com',7831642617,'MG0894'),
('EM0690','Jamaal','Napolitano','jnapolitanodb@hud.gov',3458703045,'MG0598'),
('EM0691','Izak','Penning','ipenningdc@amazonaws.com',5128888328,'MG0971'),
('EM0692','Chicky','Baudain','cbaudaindd@nasa.gov',9575911942,'MG0410'),
('EM0693','Reiko','Sollam','rsollamde@thetimes.co.uk',5847906489,'MG0634'),
('EM0694','Lisabeth','Bishell','lbishelldf@wufoo.com',4062013271,'MG0966'),
('EM0695','Erek','Heindl','eheindldg@shop-pro.jp',1935377192,'MG0235'),
('EM0696','Brandais','Cromar','bcromardh@canalblog.com',3942836472,'MG0027'),
('EM0697','Clarine','Eger','cegerdi@businessinsider.com',8217628171,'MG0812'),
('EM0698','Salim','Dibson','sdibsondj@simplemachines.org',9041307307,'MG0799'),
('EM0699','Lexis','Brandreth','lbrandrethdk@kickstarter.com',3888794905,'MG0870'),
('EM0700','Maddi','Girardengo','mgirardengodl@reddit.com',6993156704,'MG0290'),
('EM0701','Sigismund','Stirrup','sstirrupdm@wufoo.com',3174007884,'MG0415'),
('EM0702','Jeffie','Handsheart','jhandsheartdn@sakura.ne.jp',5331890769,'MG0905'),
('EM0703','Kerry','Lascell','klascelldo@washingtonpost.com',9156671627,'MG0968'),
('EM0704','Peyton','Galego','pgalegodp@dmoz.org',5821506123,'MG0832'),
('EM0705','Jermaine','Robertet','jrobertetdq@aboutads.info',1055365106,'MG0778'),
('EM0706','Melitta','Pengelly','mpengellydr@yellowbook.com',2341648268,'MG0134'),
('EM0707','Stacy','Madgwick','smadgwickds@fotki.com',5671917603,'MG0439'),
('EM0708','Feodora','Annies','fanniesdt@flavors.me',5142988141,'MG0504'),
('EM0709','Tonnie','Drackford','tdrackforddu@godaddy.com',1215825006,'MG0306'),
('EM0710','Carney','Fielden','cfieldendv@spotify.com',7045951918,'MG0890'),
('EM0711','Lauren','Benet','lbenetdw@phoca.cz',2731842588,'MG0615'),
('EM0712','April','Uppett','auppettdx@arstechnica.com',3766502930,'MG0159'),
('EM0713','Pierette','Douglass','pdouglassdy@amazon.de',5889321635,'MG0260'),
('EM0714','Florinda','Pass','fpassdz@topsy.com',3404868112,'MG0794'),
('EM0715','Cyndi','Hoggins','chogginse0@theglobeandmail.com',5419365265,'MG0747'),
('EM0716','Cammy','Bahl','cbahle1@de.vu',6532764675,'MG0217'),
('EM0717','Freddie','Dowse','fdowsee2@google.it',4732139467,'MG0882'),
('EM0718','Sumner','Schoenrock','sschoenrocke3@edublogs.org',5986032897,'MG0608'),
('EM0719','Hilary','Schmuhl','hschmuhle4@de.vu',1178091211,'MG0158'),
('EM0720','Alvinia','Goldes','agoldese5@ihg.com',2062271455,'MG0166'),
('EM0721','Flory','Dehmel','fdehmele6@xinhuanet.com',1522406830,'MG0094'),
('EM0722','Forest','Maddison','fmaddisone7@amazon.co.uk',5056378322,'MG0428'),
('EM0723','Chester','Flattman','cflattmane8@freewebs.com',9692193505,'MG0848'),
('EM0724','Sumner','Puckrin','spuckrine9@cafepress.com',4106229877,'MG0843'),
('EM0725','Chilton','Blaza','cblazaea@shutterfly.com',8065099769,'MG0411'),
('EM0726','Persis','Oxx','poxxeb@latimes.com',7327976101,'MG0898'),
('EM0727','Mara','Cestard','mcestardec@nps.gov',9291056184,'MG0402'),
('EM0728','Fons','Jerdan','fjerdaned@youku.com',2544357408,'MG0333'),
('EM0729','Malory','Bold','mboldee@booking.com',7929534740,'MG0643'),
('EM0730','Gayleen','O''Crevy','gocrevyef@netlog.com',8228571873,'MG0692'),
('EM0731','Brennan','Armytage','barmytageeg@opera.com',9598645725,'MG0192'),
('EM0732','Celesta','Scadding','cscaddingeh@taobao.com',2111980171,'MG0594'),
('EM0733','Jinny','Joyson','jjoysonei@deliciousdays.com',8883357577,'MG0515'),
('EM0734','Marilyn','Abbis','mabbisej@sakura.ne.jp',3835497280,'MG0789'),
('EM0735','Fabiano','Trenear','ftrenearek@msu.edu',4465083491,'MG0957'),
('EM0736','Mikel','Scargle','mscargleel@icq.com',7999999555,'MG0435'),
('EM0737','Cazzie','Ranner','crannerem@mayoclinic.com',3952833851,'MG0301'),
('EM0738','Bidget','Burnet','bburneten@blogtalkradio.com',6836623231,'MG0126'),
('EM0739','Rolfe','Goalby','rgoalbyeo@ucsd.edu',5057865475,'MG0042'),
('EM0740','Ellynn','De Cruce','edecruceep@craigslist.org',3532937835,'MG0351'),
('EM0741','Johna','Assiter','jassitereq@com.com',1464324825,'MG0152'),
('EM0742','Wandie','Antic','wanticer@alibaba.com',5475795239,'MG0082'),
('EM0743','Read','Francisco','rfranciscoes@opera.com',7512264378,'MG0756'),
('EM0744','Lorilee','Martinets','lmartinetset@nasa.gov',5618427984,'MG0794'),
('EM0745','Vernon','Boas','vboaseu@theglobeandmail.com',7692375346,'MG0891'),
('EM0746','Sherlock','Payley','spayleyev@is.gd',5236280749,'MG0832'),
('EM0747','Cynthy','Stuckes','cstuckesew@mtv.com',6051376907,'MG0536'),
('EM0748','Marlo','Hollows','mhollowsex@addtoany.com',4145028334,'MG0846'),
('EM0749','Corrina','Hazel','chazeley@redcross.org',4523838922,'MG0630'),
('EM0750','Tommy','Purton','tpurtonez@yandex.ru',3905286680,'MG0056'),
('EM0751','Robbie','Lopes','rlopesf0@meetup.com',5476553970,'MG0880'),
('EM0752','Iver','Brownsmith','ibrownsmithf1@msu.edu',6822664659,'MG0977'),
('EM0753','Kort','Enderle','kenderlef2@google.de',8621816798,'MG0775'),
('EM0754','Matthus','MacAskill','mmacaskillf3@desdev.cn',4092082032,'MG0665'),
('EM0755','Thaxter','Hymor','thymorf4@chronoengine.com',5171667546,'MG0269'),
('EM0756','Carolan','Menear','cmenearf5@xrea.com',9429928180,'MG0466'),
('EM0757','Willow','Kornilyev','wkornilyevf6@deviantart.com',2247915502,'MG0588'),
('EM0758','Cissiee','Klewer','cklewerf7@issuu.com',1219943686,'MG0145'),
('EM0759','Selena','Lyosik','slyosikf8@amazon.com',2993165935,'MG0676'),
('EM0760','Ulises','Purkiss','upurkissf9@baidu.com',9678286537,'MG0347'),
('EM0761','Ichabod','Burrel','iburrelfa@hibu.com',7506378698,'MG0758'),
('EM0762','Stephen','Houldin','shouldinfb@booking.com',8621763431,'MG0935'),
('EM0763','Jania','Neno','jnenofc@sourceforge.net',4367897835,'MG0526'),
('EM0764','Napoleon','Tolcher','ntolcherfd@time.com',5694149518,'MG0224'),
('EM0765','Gisela','Berkelay','gberkelayfe@nba.com',3704668631,'MG0135'),
('EM0766','Paulita','Stainton','pstaintonff@mac.com',2625211472,'MG0706'),
('EM0767','Mitzi','Paolacci','mpaolaccifg@ihg.com',7622866277,'MG0452'),
('EM0768','Morten','Aslen','maslenfh@redcross.org',5354161804,'MG0128'),
('EM0769','Truda','Aulsford','taulsfordfi@squarespace.com',2697265322,'MG0070'),
('EM0770','Tommy','Warbys','twarbysfj@amazon.co.jp',7001806688,'MG0813'),
('EM0771','Osbert','Bexley','obexleyfk@mozilla.com',4251617842,'MG0539'),
('EM0772','Harriott','Calterone','hcalteronefl@naver.com',1101222559,'MG0644'),
('EM0773','Alessandro','Ivins','aivinsfm@aol.com',8332130330,'MG0594'),
('EM0774','Kala','Hackleton','khackletonfn@nymag.com',7802114161,'MG0191'),
('EM0775','Corissa','Harefoot','charefootfo@dailymotion.com',7146793694,'MG0211'),
('EM0776','Zebulon','McGlade','zmcgladefp@xing.com',5289634439,'MG0894'),
('EM0777','Margareta','Reightley','mreightleyfq@linkedin.com',6272166721,'MG0036'),
('EM0778','Danyette','Borless','dborlessfr@howstuffworks.com',8761126987,'MG0934'),
('EM0779','Gawen','Theobald','gtheobaldfs@ebay.com',2052833879,'MG0413'),
('EM0780','Teddie','Ingle','tingleft@ebay.com',1758268360,'MG0638'),
('EM0781','Marylinda','Tuson','mtusonfu@lycos.com',5404624011,'MG0525'),
('EM0782','Arleta','Matzkaitis','amatzkaitisfv@harvard.edu',2179689766,'MG0361'),
('EM0783','Clarabelle','Collicott','ccollicottfw@google.de',9994526670,'MG0222'),
('EM0784','Anton','Priter','apriterfx@multiply.com',5116960852,'MG0635'),
('EM0785','Northrop','Luetkemeyers','nluetkemeyersfy@mail.ru',2875261195,'MG0208'),
('EM0786','Betsey','Ruddiforth','bruddiforthfz@psu.edu',6334158115,'MG0915'),
('EM0787','Minni','Mellings','mmellingsg0@chron.com',6976362374,'MG0578'),
('EM0788','Leelah','McLae','lmclaeg1@mac.com',1012991895,'MG0632'),
('EM0789','Ellene','Hiers','ehiersg2@house.gov',6201235203,'MG0997'),
('EM0790','Aurora','Stiffkins','astiffkinsg3@surveymonkey.com',2517018272,'MG0347'),
('EM0791','Hendrik','Pavlovic','hpavlovicg4@usnews.com',6623361761,'MG0394'),
('EM0792','Morris','Lindback','mlindbackg5@usnews.com',4793117091,'MG0836'),
('EM0793','Lari','Creigan','lcreigang6@blogger.com',6322232325,'MG0053'),
('EM0794','Britni','Piniur','bpiniurg7@cyberchimps.com',5173539698,'MG0749'),
('EM0795','Abie','Delacroux','adelacrouxg8@kickstarter.com',2457118496,'MG0906'),
('EM0796','Pancho','Deboy','pdeboyg9@intel.com',7006261211,'MG0485'),
('EM0797','Matty','Handscomb','mhandscombga@yolasite.com',7873905997,'MG0272'),
('EM0798','Lottie','Dumblton','ldumbltongb@wp.com',5698207150,'MG0689'),
('EM0799','Sidoney','Loyns','sloynsgc@4shared.com',7006709478,'MG0739'),
('EM0800','Egor','Garthshore','egarthshoregd@hugedomains.com',4968980591,'MG0184'),
('EM0801','Simeon','Darwin','sdarwinge@nasa.gov',8718311215,'MG0506'),
('EM0802','Gene','Slott','gslottgf@aol.com',4672512891,'MG0323'),
('EM0803','Beauregard','Beverage','bbeveragegg@istockphoto.com',3224835604,'MG0884'),
('EM0804','Pen','Spieght','pspieghtgh@51.la',2317738491,'MG0991'),
('EM0805','Joelynn','Le Guin','jleguingi@census.gov',5058418234,'MG0361'),
('EM0806','Ely','Polack','epolackgj@wix.com',8395360693,'MG0691'),
('EM0807','Farah','Simoneton','fsimonetongk@gravatar.com',9897678096,'MG0398'),
('EM0808','Wynne','Rafter','wraftergl@reddit.com',1653700562,'MG0867'),
('EM0809','Val','Truggian','vtruggiangm@feedburner.com',7419481085,'MG0950'),
('EM0810','Shirl','Keightley','skeightleygn@cnet.com',7483398475,'MG0502'),
('EM0811','Amble','Angrock','aangrockgo@ibm.com',3164886093,'MG0448'),
('EM0812','Kiele','Carillo','kcarillogp@utexas.edu',6332399429,'MG0987'),
('EM0813','Chrissie','Breadmore','cbreadmoregq@senate.gov',1258220194,'MG0136'),
('EM0814','Clemmy','Jentle','cjentlegr@addthis.com',6812921299,'MG0675'),
('EM0815','Maryann','Tubbles','mtubblesgs@vk.com',8052964323,'MG0675'),
('EM0816','Vivyan','Johnsey','vjohnseygt@hubpages.com',9077334775,'MG0572'),
('EM0817','Gerhardine','Stork','gstorkgu@cocolog-nifty.com',9409244975,'MG0440'),
('EM0818','Kingsley','Tomala','ktomalagv@linkedin.com',6934394483,'MG0524'),
('EM0819','Ennis','Dublin','edublingw@360.cn',8422379346,'MG0379'),
('EM0820','Rheba','Houston','rhoustongx@pagesperso-orange.fr',9671632134,'MG0369'),
('EM0821','Gunner','Tunnacliffe','gtunnacliffegy@oracle.com',6472433509,'MG0940'),
('EM0822','Jamesy','Cogswell','jcogswellgz@yahoo.com',7362921618,'MG1008'),
('EM0823','Jada','Begent','jbegenth0@census.gov',1598056806,'MG0415'),
('EM0824','Valli','Heikkinen','vheikkinenh1@sciencedirect.com',4943751968,'MG0641'),
('EM0825','Cosmo','Barbery','cbarberyh2@bbc.co.uk',5001200489,'MG0250'),
('EM0826','Perle','Mathivon','pmathivonh3@icq.com',4737427136,'MG0672'),
('EM0827','Delora','Ockleshaw','dockleshawh4@eventbrite.com',4891499230,'MG0369'),
('EM0828','Adrianna','Reoch','areochh5@wsj.com',2923425692,'MG0533'),
('EM0829','Cristal','Gavan','cgavanh6@alexa.com',3197275476,'MG0882'),
('EM0830','Shina','Devericks','sdevericksh7@lulu.com',3552079248,'MG0971'),
('EM0831','Sonni','Baison','sbaisonh8@elpais.com',6515953339,'MG0935'),
('EM0832','Eugenio','Milsap','emilsaph9@rambler.ru',5527289076,'MG1001'),
('EM0833','Dewitt','Currum','dcurrumha@free.fr',6065777320,'MG0039'),
('EM0834','Margi','Vigrass','mvigrasshb@opensource.org',9113695787,'MG0444'),
('EM0835','Cesya','Withringten','cwithringtenhc@xinhuanet.com',5548737243,'MG0160'),
('EM0836','Winifield','Bednell','wbednellhd@linkedin.com',2701090511,'MG0036'),
('EM0837','Brigitte','Stean','bsteanhe@reverbnation.com',8437993189,'MG0279'),
('EM0838','Marys','Casine','mcasinehf@prweb.com',6827384972,'MG0849'),
('EM0839','Elke','Readmire','ereadmirehg@bbc.co.uk',3848352556,'MG0763'),
('EM0840','Giff','Vernazza','gvernazzahh@dion.ne.jp',3336509871,'MG0818'),
('EM0841','Der','Kippins','dkippinshi@discuz.net',5331717555,'MG0217'),
('EM0842','Ignace','Hann','ihannhj@hao123.com',3805240043,'MG0694'),
('EM0843','Angus','Overell','aoverellhk@drupal.org',4712736794,'MG0362'),
('EM0844','Boigie','Paolucci','bpaoluccihl@rediff.com',5431358989,'MG0522'),
('EM0845','Anton','Cicchitello','acicchitellohm@hatena.ne.jp',6767530729,'MG0902'),
('EM0846','Donnie','Insley','dinsleyhn@imageshack.us',2117182871,'MG0806'),
('EM0847','Lowell','Avesque','lavesqueho@meetup.com',4128087987,'MG0192'),
('EM0848','Beverie','Courtliff','bcourtliffhp@goo.ne.jp',9965153663,'MG1000'),
('EM0849','Corilla','Sackler','csacklerhq@nydailynews.com',2699856580,'MG0323'),
('EM0850','Babb','Waycot','bwaycothr@mashable.com',2122800956,'MG0466'),
('EM0851','Alfie','Stathor','astathorhs@adobe.com',4449507062,'MG0844'),
('EM0852','Celina','Caps','ccapsht@issuu.com',2735737234,'MG0164'),
('EM0853','Micky','Tungate','mtungatehu@imdb.com',1521561856,'MG0997'),
('EM0854','Gale','Pech','gpechhv@omniture.com',8039067608,'MG0419'),
('EM0855','Ambrose','Weall','aweallhw@cyberchimps.com',7847846445,'MG0701'),
('EM0856','Imogene','Millea','imilleahx@amazon.de',4739536561,'MG0988'),
('EM0857','Locke','Mounch','lmounchhy@posterous.com',6506100045,'MG0485'),
('EM0858','Davine','Carnduff','dcarnduffhz@msu.edu',3354698355,'MG0500'),
('EM0859','Gustavus','McMackin','gmcmackini0@delicious.com',9018768585,'MG0820'),
('EM0860','Alfons','Brobeck','abrobecki1@rakuten.co.jp',1888924508,'MG0211'),
('EM0861','Demetra','MacEvilly','dmacevillyi2@cocolog-nifty.com',6526216000,'MG0258'),
('EM0862','Lettie','Brotherhed','lbrotherhedi3@nih.gov',8093992873,'MG0962'),
('EM0863','Kali','Backler','kbackleri4@twitter.com',6941194465,'MG0130'),
('EM0864','Dareen','Crossan','dcrossani5@gnu.org',2412995670,'MG0477'),
('EM0865','Alyssa','Gaiger','agaigeri6@biglobe.ne.jp',4476327459,'MG0266'),
('EM0866','Annice','Rasper','arasperi7@apache.org',1921489703,'MG0620'),
('EM0867','Gayelord','Bath','gbathi8@un.org',9846390264,'MG0675'),
('EM0868','Wadsworth','Josselson','wjosselsoni9@wikispaces.com',2124845578,'MG0365'),
('EM0869','Bryce','Rheaume','brheaumeia@multiply.com',3642230907,'MG0202'),
('EM0870','Trudie','Parmiter','tparmiterib@prweb.com',9297348536,'MG0772'),
('EM0871','Abbie','Attril','aattrilic@fema.gov',6103604924,'MG0488'),
('EM0872','Malvina','Bellelli','mbellelliid@bbc.co.uk',6008538108,'MG0980'),
('EM0873','Eduino','Scully','escullyie@bloomberg.com',2406159198,'MG0485'),
('EM0874','Austin','Hargrove','ahargroveif@cnbc.com',4935249982,'MG0496'),
('EM0875','Kally','Skyrm','kskyrmig@senate.gov',7045774616,'MG0516'),
('EM0876','Joe','Hindmore','jhindmoreih@shutterfly.com',1185738865,'MG0071'),
('EM0877','Ursala','Firby','ufirbyii@livejournal.com',5886817471,'MG0626'),
('EM0878','Cher','Streat','cstreatij@dagondesign.com',8661110580,'MG0322'),
('EM0879','Devonna','Teodorski','dteodorskiik@sohu.com',4677292948,'MG0100'),
('EM0880','Selie','Palin','spalinil@qq.com',4242867687,'MG0404'),
('EM0881','Normy','Graffham','ngraffhamim@163.com',1357373845,'MG0801'),
('EM0882','Benoit','Tirrey','btirreyin@dailymail.co.uk',3232304505,'MG0475'),
('EM0883','Moina','McAless','mmcalessio@t-online.de',9095398866,'MG0253'),
('EM0884','Quinn','McCowan','qmccowanip@senate.gov',5512806631,'MG0984'),
('EM0885','Cassandra','Gerler','cgerleriq@salon.com',4781105478,'MG0094'),
('EM0886','Denise','Corringham','dcorringhamir@cyberchimps.com',7749055223,'MG0826'),
('EM0887','Bondon','Austin','baustinis@slideshare.net',3091018985,'MG0143'),
('EM0888','Marijn','Erik','merikit@bloomberg.com',3424118192,'MG0039'),
('EM0889','Bone','Aveyard','baveyardiu@slashdot.org',9668784815,'MG0153'),
('EM0890','Jessee','Yeoman','jyeomaniv@sina.com.cn',8309034388,'MG0487'),
('EM0891','Loren','Hartell','lhartelliw@weather.com',7862163286,'MG0133'),
('EM0892','Robers','Cazin','rcazinix@goo.gl',1689358677,'MG0139'),
('EM0893','Jessa','Spittal','jspittaliy@house.gov',7727236008,'MG0655'),
('EM0894','Miranda','Chadbourne','mchadbourneiz@deliciousdays.com',8188950927,'MG0479'),
('EM0895','Aridatha','Dell','adellj0@twitpic.com',4091080964,'MG0783'),
('EM0896','Dinah','Brodeau','dbrodeauj1@comsenz.com',8364383255,'MG0625'),
('EM0897','Beckie','Feeney','bfeeneyj2@umn.edu',2733034740,'MG0356'),
('EM0898','Saw','Mattocks','smattocksj3@apache.org',3541865274,'MG0218'),
('EM0899','Melly','Kuschke','mkuschkej4@geocities.com',4357114822,'MG0307'),
('EM0900','Kris','Brecknock','kbrecknockj5@blogs.com',6657909887,'MG0643'),
('EM0901','Jammie','Maffiotti','jmaffiottij6@mapy.cz',2281479551,'MG0207'),
('EM0902','Barri','Keaton','bkeatonj7@fc2.com',2765861794,'MG0694'),
('EM0903','Ragnar','Cosham','rcoshamj8@twitpic.com',9365160910,'MG0446'),
('EM0904','Annmarie','Kernley','akernleyj9@fc2.com',3928109281,'MG0397'),
('EM0905','Inglis','Doick','idoickja@shop-pro.jp',7426246809,'MG0424'),
('EM0906','Rosemaria','Idel','rideljb@issuu.com',1672111707,'MG0041'),
('EM0907','Rriocard','Dransfield','rdransfieldjc@nydailynews.com',7776508900,'MG0142'),
('EM0908','Sonni','Ovenell','sovenelljd@washingtonpost.com',2789160024,'MG0879'),
('EM0909','Anetta','Chiddy','achiddyje@ezinearticles.com',4736994121,'MG0233'),
('EM0910','Malynda','Nequest','mnequestjf@tiny.cc',5455659395,'MG0909'),
('EM0911','Mattie','Ellicombe','mellicombejg@qq.com',3608230235,'MG0975'),
('EM0912','Guillema','Spaunton','gspauntonjh@yale.edu',2951502335,'MG0292'),
('EM0913','Angeline','Hughf','ahughfji@yahoo.com',4473314648,'MG0434'),
('EM0914','Yolande','Combe','ycombejj@sbwire.com',2347472882,'MG0427'),
('EM0915','Sander','Dodle','sdodlejk@pcworld.com',3391918347,'MG0798'),
('EM0916','Kimbra','Colegate','kcolegatejl@boston.com',2129685284,'MG0545'),
('EM0917','Sebastian','Fansy','sfansyjm@hubpages.com',9141645965,'MG0820'),
('EM0918','Adelbert','Haresign','aharesignjn@whitehouse.gov',5224844926,'MG0834'),
('EM0919','Tore','Pennetti','tpennettijo@netlog.com',1193667801,'MG0647'),
('EM0920','Rees','Scupham','rscuphamjp@last.fm',3362247594,'MG0703'),
('EM0921','Fredia','Lusgdin','flusgdinjq@example.com',4524331385,'MG1008'),
('EM0922','Kurtis','Joskowitz','kjoskowitzjr@wordpress.com',3011899064,'MG0793'),
('EM0923','Bibbye','Huish','bhuishjs@gnu.org',1988014654,'MG0522'),
('EM0924','Isabel','Lankford','ilankfordjt@telegraph.co.uk',9851284730,'MG0046'),
('EM0925','Giacopo','Cardus','gcardusju@pen.io',3235470933,'MG0167'),
('EM0926','Dill','Drever','ddreverjv@vinaora.com',6219448637,'MG0221'),
('EM0927','Lura','De la Yglesia','ldelayglesiajw@virginia.edu',7813680530,'MG0354'),
('EM0928','Adolphus','Edland','aedlandjx@chronoengine.com',8276868528,'MG0442'),
('EM0929','Gabi','Pavolillo','gpavolillojy@cmu.edu',5956514847,'MG0712'),
('EM0930','Joelynn','Bretton','jbrettonjz@europa.eu',3705313098,'MG0033'),
('EM0931','Maren','Haking','mhakingk0@flickr.com',9932771587,'MG0069'),
('EM0932','Gertruda','O''Nion','gonionk1@icio.us',1089142657,'MG0023'),
('EM0933','Constanta','Pervoe','cpervoek2@reverbnation.com',2357157107,'MG0029'),
('EM0934','Maryann','Kennally','mkennallyk3@4shared.com',8288691055,'MG0513'),
('EM0935','Lionello','Draisey','ldraiseyk4@ustream.tv',3026912561,'MG0405'),
('EM0936','Wally','Alwood','walwoodk5@ameblo.jp',7589905488,'MG0852'),
('EM0937','Ardeen','Camble','acamblek6@vkontakte.ru',6825624196,'MG0955'),
('EM0938','Hana','Warbey','hwarbeyk7@exblog.jp',2033718867,'MG0187'),
('EM0939','Tobe','Valencia','tvalenciak8@angelfire.com',9125696927,'MG0835'),
('EM0940','Cleavland','Sheerman','csheermank9@eepurl.com',1714094073,'MG0058'),
('EM0941','Ariana','Renals','arenalska@who.int',6237833342,'MG0769'),
('EM0942','Griff','Benwell','gbenwellkb@google.pl',7218568719,'MG0964'),
('EM0943','Nevsa','Schanke','nschankekc@alibaba.com',3174307076,'MG0723'),
('EM0944','Enrico','Marzellano','emarzellanokd@163.com',1855404153,'MG0182'),
('EM0945','Salvador','MacParlan','smacparlanke@bigcartel.com',9348070203,'MG0190'),
('EM0946','Giselbert','Garratty','ggarrattykf@addthis.com',4745583276,'MG0977'),
('EM0947','Maud','MacGarrity','mmacgarritykg@desdev.cn',7991939877,'MG0622'),
('EM0948','Jeralee','Lefridge','jlefridgekh@macromedia.com',6545411216,'MG0849'),
('EM0949','Billy','Stanes','bstaneski@cmu.edu',6099728569,'MG0979'),
('EM0950','Adina','Hammel','ahammelkj@dell.com',7982433218,'MG0083'),
('EM0951','Alikee','Bleasdille','ableasdillekk@si.edu',4833012069,'MG0452'),
('EM0952','Shari','Eckh','seckhkl@fda.gov',9297338115,'MG0681'),
('EM0953','Mavis','Rankcom','mrankcomkm@myspace.com',5934629693,'MG0502'),
('EM0954','Sarette','Erangy','serangykn@uiuc.edu',2127321879,'MG0174'),
('EM0955','Abran','Mearns','amearnsko@elegantthemes.com',5847195387,'MG0142'),
('EM0956','Eldridge','Eisenberg','eeisenbergkp@vistaprint.com',3023200064,'MG0362'),
('EM0957','Lilia','Doolan','ldoolankq@woothemes.com',5996343232,'MG0853'),
('EM0958','Kenton','Furney','kfurneykr@salon.com',7924809450,'MG0500'),
('EM0959','Duff','Cutchey','dcutcheyks@mediafire.com',1475634648,'MG0206'),
('EM0960','Juanita','Doolan','jdoolankt@printfriendly.com',9093811215,'MG0027'),
('EM0961','Jacinda','Ovesen','jovesenku@wordpress.com',1684713345,'MG0872'),
('EM0962','Marjy','Chappelow','mchappelowkv@sciencedirect.com',7079690836,'MG0049'),
('EM0963','Binky','Veare','bvearekw@wordpress.com',6008879663,'MG0642'),
('EM0964','Byrle','Daid','bdaidkx@naver.com',5643632237,'MG0793'),
('EM0965','Wain','Hark','wharkky@skyrock.com',4595895704,'MG0750'),
('EM0966','Hurleigh','Meneur','hmeneurkz@google.it',6676334358,'MG0586'),
('EM0967','Valerye','Osmint','vosmintl0@imageshack.us',5133861571,'MG0476'),
('EM0968','Eulalie','Tarn','etarnl1@ustream.tv',8142411861,'MG0048'),
('EM0969','Hadley','Shynn','hshynnl2@nih.gov',1894051554,'MG0712'),
('EM0970','Amber','Woodbridge','awoodbridgel3@cloudflare.com',4281557725,'MG0331'),
('EM0971','Gus','Ennals','gennalsl4@businessweek.com',6322377261,'MG0278'),
('EM0972','Alford','Bellocht','abellochtl5@bigcartel.com',4274799491,'MG0313'),
('EM0973','Gareth','Lamblot','glamblotl6@chicagotribune.com',7386101356,'MG0647'),
('EM0974','Haze','Markussen','hmarkussenl7@apache.org',5679871591,'MG0453'),
('EM0975','Myrlene','Gooley','mgooleyl8@umich.edu',8285888012,'MG0945'),
('EM0976','Ericka','Debrick','edebrickl9@topsy.com',5206338185,'MG0848'),
('EM0977','Waneta','Ilyukhov','wilyukhovla@weebly.com',8409841156,'MG0471'),
('EM0978','Pascal','O''Breen','pobreenlb@istockphoto.com',3169044162,'MG0439'),
('EM0979','Nehemiah','Vannar','nvannarlc@aboutads.info',4313433541,'MG0128'),
('EM0980','Orlan','Wackett','owackettld@altervista.org',6516466921,'MG0944'),
('EM0981','Eloisa','Bartoloma','ebartolomale@example.com',2103448083,'MG0413'),
('EM0982','Marielle','Radloff','mradlofflf@ifeng.com',9492310030,'MG0158'),
('EM0983','Rose','Sprowson','rsprowsonlg@alibaba.com',1598617471,'MG0723'),
('EM0984','Cristi','Figgins','cfigginslh@youku.com',7403668827,'MG0786'),
('EM0985','Clovis','Sancto','csanctoli@sina.com.cn',4178813983,'MG0384'),
('EM0986','Mickey','Fausch','mfauschlj@dailymotion.com',6794624041,'MG0938'),
('EM0987','Corrinne','Bainton','cbaintonlk@omniture.com',9799309671,'MG0957'),
('EM0988','Taddeusz','Wakely','twakelyll@artisteer.com',6508857441,'MG0051'),
('EM0989','Horatio','Hentzeler','hhentzelerlm@boston.com',6219233056,'MG0108'),
('EM0990','Terry','Blunt','tbluntln@fastcompany.com',8013548814,'MG0214'),
('EM0991','Travers','Jann','tjannlo@princeton.edu',3969708610,'MG0741'),
('EM0992','Ibrahim','Leverson','ileversonlp@amazon.co.jp',1639740183,'MG0953'),
('EM0993','Owen','Izzard','oizzardlq@parallels.com',4138951202,'MG0670'),
('EM0994','Worden','Ferraro','wferrarolr@mozilla.org',6366316231,'MG0448'),
('EM0995','Seana','Dyter','sdyterls@amazon.co.uk',1116533326,'MG0119'),
('EM0996','Jamesy','Avey','javeylt@list-manage.com',4819312071,'MG0272'),
('EM0997','Killy','Mapledorum','kmapledorumlu@apache.org',5428212554,'MG0737'),
('EM0998','Jennette','Farre','jfarrelv@oaic.gov.au',7698508438,'MG0767'),
('EM0999','Prudence','Heitz','pheitzlw@netvibes.com',5974877321,'MG0827'),
('EM1000','Uta','Dedman','udedmanlx@seesaa.net',2865063986,'MG0041'),
('EM1001','Rodd','Blazdell','rblazdellly@cyberchimps.com',2156954037,'MG0767'),
('EM1002','Alf','Keeri','akeerilz@independent.co.uk',8242460415,'MG0483'),
('EM1003','Louella','Runge','lrungem0@google.ru',9306781214,'MG0238'),
('EM1004','Agustin','Oleksinski','aoleksinskim1@constantcontact.com',9874831206,'MG0891'),
('EM1005','Andrei','Coddington','acoddingtonm2@4shared.com',5905242951,'MG0154'),
('EM1006','Bessy','Ruffy','bruffym3@archive.org',8793917069,'MG0016'),
('EM1007','Merissa','Bingell','mbingellm4@woothemes.com',5741323358,'MG0193'),
('EM1008','Arte','Labadini','alabadinim5@4shared.com',9123599845,'MG0808'),
('EM1009','Robinetta','Toghill','rtoghillm6@cyberchimps.com',8583056213,'MG0396'),
('EM1010','Chlo','Mattke','cmattkem7@hc360.com',1802292676,'MG0925');

INSERT INTO "category" VALUES
('CG001','Furniture'),
('CG002','Office Supplies'),
('CG003','Technology');

INSERT INTO "subcategory" VALUES
('SCR001','Bookcases','CG001'),
('SCR002','Chairs','CG001'),
('SCR003','Labels','CG002'),
('SCR004','Tables','CG001'),
('SCR005','Storage','CG002'),
('SCR006','Furnishings','CG001'),
('SCR007','Art','CG002'),
('SCR008','Phones','CG003'),
('SCR009','Binders','CG002'),
('SCR010','Appliances','CG002'),
('SCR011','Paper','CG002'),
('SCR012','Supplies','CG002'),
('SCR013','Fasteners','CG002'),
('SCR014','Accessories','CG003'),
('SCR015','Machines','CG003'),
('SCR016','Copiers','CG003'),
('SCR017','Envelopes','CG002');

INSERT INTO "product" VALUES
('PR000001','Bush Somerset Collection Bookcase','~/images/image1','Bush',392,'SCR001',5),
('PR000002','Hon Deluxe Fabric Upholstered Stacking Chairs, Rounded Back','~/images/image2','Hon',1096,'SCR002',15),
('PR000003','Self-Adhesive Address Labels for Typewriters by Universal','~/images/image3','Self-Adhesive',22,'SCR003',5),
('PR000004','Bretford CR4500 Series Slim Rectangular Table','~/images/image4','Bretford',1434,'SCR004',11),
('PR000005','Eldon Fold ''N Roll Cart System','~/images/image5','Eldon',33,'SCR005',26),
('PR000006','Eldon Expressions Wood and Plastic Desk Accessories, Cherry Wood','~/images/image6','Eldon',73,'SCR006',17),
('PR000007','Newell 322','~/images/image7','Newell',11,'SCR007',13),
('PR000008','Mitel 5320 IP Phone VoIP phone','~/images/image8','Mitel',1359,'SCR008',17),
('PR000009','DXL Angle-View Binders with Locking Rings by Samsill','~/images/image9','DXL',28,'SCR009',44),
('PR000010','Belkin F5C206VTEL 6 Outlet Surge','~/images/image10','Belkin',172,'SCR010',35),
('PR000011','Chromcraft Rectangular Conference Tables','~/images/image11','Chromcraft',2555,'SCR004',38),
('PR000012','Konftel 250 Conference phone - Charcoal black','~/images/image12','Konftel',1365,'SCR008',35),
('PR000013','Xerox 1967','~/images/image13','Xerox',23,'SCR011',3),
('PR000014','Fellowes PB200 Plastic Comb Binding Machine','~/images/image14','Fellowes',611,'SCR009',29),
('PR000015','Holmes Replacement Filter for HEPA Air Cleaner, Very Large Room, HEPA Filter','~/images/image15','Holmes',103,'SCR010',39),
('PR000016','Storex DuraTech Recycled Plastic Frosted Binders','~/images/image16','Storex',4,'SCR009',15),
('PR000017','Stur-D-Stor Shelving, Vertical 5-Shelf: 72"H x 36"W x 18 1/2"D','~/images/image17','Stur-D-Stor',997,'SCR005',36),
('PR000018','Fellowes Super Stor/Drawer','~/images/image18','Fellowes',83,'SCR005',36),
('PR000019','Newell 341','~/images/image19','Newell',13,'SCR007',25),
('PR000020','Cisco SPA 501G IP Phone','~/images/image20','Cisco',320,'SCR008',34),
('PR000021','Wilson Jones Hanging View Binder, White, 1"','~/images/image21','Wilson',34,'SCR009',28),
('PR000022','Newell 318','~/images/image22','Newell',29,'SCR007',11),
('PR000023','Acco Six-Outlet Power Strip, 4'' Cord Length','~/images/image23','Acco',90,'SCR010',23),
('PR000024','Global Deluxe Stacking Chair, Gray','~/images/image24','Global',107,'SCR002',45),
('PR000025','Bretford CR4500 Series Slim Rectangular Table','~/images/image25','Bretford',1564,'SCR004',13),
('PR000026','Wilson Jones Active Use Binders','~/images/image26','Wilson',17,'SCR009',42),
('PR000027','Imation 8GB Mini TravelDrive USB 2.0 Flash Drive','~/images/image27','Imation',136,'SCR014',40),
('PR000028','Riverside Palais Royal Lawyers Bookcase, Royale Cherry Finish','~/images/image28','Riverside',4618,'SCR001',9),
('PR000029','Avery Recycled Flexi-View Covers for Binding Systems','~/images/image29','Avery',14,'SCR009',30),
('PR000030','Howard Miller 13-3/4" Diameter Brushed Chrome Round Wall Clock','~/images/image30','Howard',186,'SCR006',21),
('PR000031','Poly String Tie Envelopes','~/images/image31','Poly',5,'SCR017',50),
('PR000032','BOSTON Model 1800 Electric Pencil Sharpeners, Putty/Woodgrain','~/images/image32','BOSTON',129,'SCR007',27),
('PR000033','Acco Pressboard Covers with Storage Hooks, 14 7/8" x 11", Executive Red','~/images/image33','Acco',10,'SCR009',40),
('PR000034','Lumber Crayons','~/images/image34','Lumber',24,'SCR007',20),
('PR000035','Easy-staple paper','~/images/image35','Easy-staple',44,'SCR011',20),
('PR000036','GE 30524EE4','~/images/image36','GE',1644,'SCR008',44),
('PR000037','Electrix Architect''s Clamp-On Swing Arm Lamp, Black','~/images/image37','Electrix',286,'SCR006',46),
('PR000038','#10-4 1/8" x 9 1/2" Premium Diagonal Seam Envelopes','~/images/image38','#10-4',170,'SCR017',6),
('PR000039','Atlantic Metals Mobile 3-Shelf Bookcases, Custom Colors','~/images/image39','Atlantic',797,'SCR001',47),
('PR000040','Global Fabric Manager''s Chair, Dark Gray','~/images/image40','Global',318,'SCR002',20),
('PR000041','Plantronics HL10 Handset Lifter','~/images/image41','Plantronics',556,'SCR008',21),
('PR000042','Panasonic Kx-TS550','~/images/image42','Panasonic',220,'SCR008',49),
('PR000043','Eldon Base for stackable storage shelf, platinum','~/images/image43','Eldon',117,'SCR005',7),
('PR000044','Advantus 10-Drawer Portable Organizer, Chrome Metal Frame, Smoke Drawers','~/images/image44','Advantus',143,'SCR005',19),
('PR000045','Verbatim 25 GB 6x Blu-ray Single Layer Recordable Disc, 25/Pack','~/images/image45','Verbatim',69,'SCR014',17),
('PR000046','Wilson Jones Leather-Like Binders with DublLock Round Rings','~/images/image46','Wilson',26,'SCR009',9),
('PR000047','Gould Plastics 9-Pocket Panel Bin, 18-3/8w x 5-1/4d x 20-1/2h, Black','~/images/image47','Gould',317,'SCR005',14),
('PR000048','Imation 8gb Micro Traveldrive Usb 2.0 Flash Drive','~/images/image48','Imation',67,'SCR014',25),
('PR000049','LF Elite 3D Dazzle Designer Hard Case Cover, Lf Stylus Pen and Wiper For Apple Iphone 5c Mini Lite','~/images/image49','LF',33,'SCR008',3),
('PR000050','C-Line Peel & Stick Add-On Filing Pockets, 8-3/4 x 5-1/8, 10/Pack','~/images/image50','C-Line',57,'SCR009',29),
('PR000051','Avery 485','~/images/image51','Avery',113,'SCR003',36),
('PR000052','Longer-Life Soft White Bulbs','~/images/image52','Longer-Life',9,'SCR006',4),
('PR000053','Global Leather Task Chair, Black','~/images/image53','Global',135,'SCR002',8),
('PR000054','Advantus Push Pins','~/images/image54','Advantus',23,'SCR013',6),
('PR000055','AT&T CL83451 4-Handset Telephone','~/images/image55','AT&T',1542,'SCR008',25),
('PR000056','Home/Office Personal File Carts','~/images/image56','Home/Office',312,'SCR005',37),
('PR000057','Xerox 232','~/images/image57','Xerox',49,'SCR011',7),
('PR000058','Novimex Turbo Task Chair','~/images/image58','Novimex',478,'SCR002',12),
('PR000059','Array Parchment Paper, Assorted Colors','~/images/image59','Array',22,'SCR011',21),
('PR000060','Imation 8gb Micro Traveldrive Usb 2.0 Flash Drive','~/images/image60','Imation',45,'SCR014',42),
('PR000061','Plastic Binding Combs','~/images/image61','Plastic',73,'SCR009',40),
('PR000062','Prang Dustless Chalk Sticks','~/images/image62','Prang',3,'SCR007',33),
('PR000063','Verbatim 25 GB 6x Blu-ray Single Layer Recordable Disc, 3/Pack','~/images/image63','Verbatim',21,'SCR014',13),
('PR000064','Acco PRESSTEX Data Binder with Storage Hooks, Dark Blue, 14 7/8" X 11"','~/images/image64','Acco',39,'SCR009',4),
('PR000065','Xerox 1943','~/images/image65','Xerox',220,'SCR011',45),
('PR000066','Luxo Economy Swing Arm Lamp','~/images/image66','Luxo',119,'SCR006',44),
('PR000067','Global Value Mid-Back Manager''s Chair, Gray','~/images/image67','Global',319,'SCR002',26),
('PR000068','Hunt BOSTON Model 1606 High-Volume Electric Pencil Sharpener, Beige','~/images/image68','Hunt',1667,'SCR007',38),
('PR000069','netTALK DUO VoIP Telephone Service','~/images/image69','netTALK',252,'SCR008',8),
('PR000070','Snap-A-Way Black Print Carbonless Ruled Speed Letter, Triplicate','~/images/image70','Snap-A-Way',114,'SCR011',31),
('PR000071','Avery Binding System Hidden Tab Executive Style Index Sets','~/images/image71','Avery',7,'SCR009',44),
('PR000072','Telephone Message Books with Fax/Mobile Section, 5 1/2" x 3 3/16"','~/images/image72','Telephone',29,'SCR011',34),
('PR000073','High-Back Leather Manager''s Chair','~/images/image73','High-Back',1246,'SCR002',33),
('PR000074','Tenex Traditional Chairmats for Medium Pile Carpet, Standard Lip, 36" x 48"','~/images/image74','Tenex',145,'SCR006',38),
('PR000075','Safco Industrial Wire Shelving System','~/images/image75','Safco',109,'SCR005',11),
('PR000076','Economy Binders','~/images/image76','Economy',2,'SCR009',50),
('PR000077','6" Cubicle Wall Clock, Black','~/images/image77','6"',15,'SCR006',34),
('PR000078','SimpliFile Personal File, Black Granite, 15w x 6-15/16d x 11-1/4h','~/images/image78','SimpliFile',41,'SCR005',8),
('PR000079','Eldon Expressions Desk Accessory, Wood Pencil Holder, Oak','~/images/image79','Eldon',29,'SCR006',4),
('PR000080','1.7 Cubic Foot Compact "Cube" Office Refrigerators','~/images/image80','1.7',312,'SCR010',20),
('PR000081','Avery Heavy-Duty EZD Binder With Locking Rings','~/images/image81','Avery',25,'SCR009',26),
('PR000082','Premium Writing Pencils, Soft, #2 by Central Association for the Blind','~/images/image82','Premium',22,'SCR007',45),
('PR000083','Sortfiler Multipurpose Personal File Organizer, Black','~/images/image83','Sortfiler',32,'SCR005',1),
('PR000084','Jet-Pak Recycled Peel ''N'' Seal Padded Mailers','~/images/image84','Jet-Pak',301,'SCR017',26),
('PR000085','Safco Industrial Wire Shelving','~/images/image85','Safco',345,'SCR005',49),
('PR000086','Novimex Swivel Fabric Task Chair','~/images/image86','Novimex',452,'SCR002',50),
('PR000087','Logitech LS21 Speaker System - PC Multimedia - 2.1-CH - Wired','~/images/image87','Logitech',30,'SCR014',20),
('PR000088','Avery 511','~/images/image88','Avery',9,'SCR003',20),
('PR000089','Eldon Portable Mobile Manager','~/images/image89','Eldon',237,'SCR005',7),
('PR000090','Turquoise Lead Holder with Pocket Clip','~/images/image90','Turquoise',30,'SCR007',40),
('PR000091','Panasonic Kx-TS550','~/images/image91','Panasonic',110,'SCR008',43),
('PR000092','Xerox 1995','~/images/image92','Xerox',10,'SCR011',47),
('PR000093','Xerox 1999','~/images/image93','Xerox',19,'SCR011',49),
('PR000094','Seth Thomas 13 1/2" Wall Clock','~/images/image94','Seth',80,'SCR006',13),
('PR000095','Ibico Standard Transparent Covers','~/images/image95','Ibico',49,'SCR009',38),
('PR000096','Flexible Leather- Look Classic Collection Ring Binder','~/images/image96','Flexible',9,'SCR009',29),
('PR000097','9-3/4 Diameter Round Wall Clock','~/images/image97','9-3/4',145,'SCR006',44),
('PR000098','Trimflex Flexible Post Binders','~/images/image98','Trimflex',77,'SCR009',49),
('PR000099','Fellowes Basic Home/Office Series Surge Protectors','~/images/image99','Fellowes',117,'SCR010',47),
('PR000100','Avery Personal Creations Heavyweight Cards','~/images/image100','Avery',97,'SCR011',48),
('PR000101','SanDisk Ultra 64 GB MicroSDHC Class 10 Memory Card','~/images/image101','SanDisk',144,'SCR014',20),
('PR000102','Avery Hidden Tab Dividers for Binding Systems','~/images/image102','Avery',3,'SCR009',18),
('PR000103','Universal Premium White Copier/Laser Paper (20Lb. and 87 Bright)','~/images/image103','Universal',36,'SCR011',43),
('PR000104','Logitech K350 2.4Ghz Wireless Keyboard','~/images/image104','Logitech',358,'SCR014',45),
('PR000105','Deflect-o DuraMat Lighweight, Studded, Beveled Mat for Low Pile Carpeting','~/images/image105','Deflect-o',153,'SCR006',6),
('PR000106','Avery Trapezoid Ring Binder, 3" Capacity, Black, 1040 sheets','~/images/image106','Avery',55,'SCR009',44),
('PR000107','Memorex Mini Travel Drive 8 GB USB 2.0 Flash Drive','~/images/image107','Memorex',111,'SCR014',23),
('PR000108','Speck Products Candyshell Flip Case','~/images/image108','Speck',42,'SCR008',17),
('PR000109','Newell Chalk Holder','~/images/image109','Newell',5,'SCR007',17),
('PR000110','Logitech Gaming G510s - Keyboard','~/images/image110','Logitech',509,'SCR014',33),
('PR000111','Magnifier Swing Arm Lamp','~/images/image111','Magnifier',63,'SCR006',4),
('PR000112','Hunt PowerHouse Electric Pencil Sharpener, Blue','~/images/image112','Hunt',114,'SCR007',4),
('PR000113','Avery Durable Plastic 1" Binders','~/images/image113','Avery',41,'SCR009',42),
('PR000114','OIC Colored Binder Clips, Assorted Sizes','~/images/image114','OIC',60,'SCR013',1),
('PR000115','Redi-Strip #10 Envelopes, 4 1/8 x 9 1/2','~/images/image115','Redi-Strip',7,'SCR017',40),
('PR000116','Xerox 1921','~/images/image116','Xerox',36,'SCR011',44),
('PR000117','Tyvek Top-Opening Peel & Seel Envelopes, Plain White','~/images/image117','Tyvek',195,'SCR017',8),
('PR000118','Hon Racetrack Conference Tables','~/images/image118','Hon',1179,'SCR004',46),
('PR000119','GBC DocuBind 300 Electric Binding Machine','~/images/image119','GBC',236,'SCR009',30),
('PR000120','Artistic Insta-Plaque','~/images/image120','Artistic',70,'SCR006',8),
('PR000121','DXL Angle-View Binders with Locking Rings by Samsill','~/images/image121','DXL',46,'SCR009',25),
('PR000122','Companion Letter/Legal File, Black','~/images/image122','Companion',339,'SCR005',34),
('PR000123','Globe Weis Peel & Seel First Class Envelopes','~/images/image123','Globe',172,'SCR017',14),
('PR000124','KLD Oscar II Style Snap-on Ultra Thin Side Flip Synthetic Leather Cover Case for HTC One HTC M7','~/images/image124','KLD',102,'SCR008',11),
('PR000125','Global Deluxe High-Back Manager''s Chair','~/images/image125','Global',899,'SCR002',48),
('PR000126','Bevis 44 x 96 Conference Tables','~/images/image126','Bevis',925,'SCR004',50),
('PR000127','Avery Durable Slant Ring Binders, No Labels','~/images/image127','Avery',4,'SCR009',30),
('PR000128','Trav-L-File Heavy-Duty Shuttle II, Black','~/images/image128','Trav-L-File',365,'SCR005',37),
('PR000129','Global Task Chair, Black','~/images/image129','Global',122,'SCR002',2),
('PR000130','Eldon Cleatmat Plus Chair Mats for High Pile Carpets','~/images/image130','Eldon',357,'SCR006',20),
('PR000131','Anker 36W 4-Port USB Wall Charger Travel Power Adapter for iPhone 5s 5c 5','~/images/image131','Anker',90,'SCR008',7),
('PR000132','Xerox 1916','~/images/image132','Xerox',117,'SCR011',24),
('PR000133','Staples','~/images/image133','Staples',32,'SCR013',31),
('PR000134','Xerox 195','~/images/image134','Xerox',30,'SCR011',8),
('PR000135','Xerox 1880','~/images/image135','Xerox',53,'SCR011',37),
('PR000136','Sanford Colorific Colored Pencils, 12/Box','~/images/image136','Sanford',17,'SCR007',11),
('PR000137','Ideal Clamps','~/images/image137','Ideal',6,'SCR013',22),
('PR000138','GBC Wire Binding Strips','~/images/image138','GBC',114,'SCR009',1),
('PR000139','Fiskars Softgrip Scissors','~/images/image139','Fiskars',99,'SCR012',21),
('PR000140','Longer-Life Soft White Bulbs','~/images/image140','Longer-Life',65,'SCR006',38),
('PR000141','Howard Miller 13-3/4" Diameter Brushed Chrome Round Wall Clock','~/images/image141','Howard',124,'SCR006',26),
('PR000142','Newell 343','~/images/image142','Newell',13,'SCR007',39),
('PR000143','Convenience Packs of Business Envelopes','~/images/image143','Convenience',16,'SCR017',22),
('PR000144','Xerox 1911','~/images/image144','Xerox',215,'SCR011',5),
('PR000145','Sanyo 2.5 Cubic Foot Mid-Size Office Refrigerators','~/images/image145','Sanyo',1257,'SCR010',50),
('PR000146','Safco Industrial Wire Shelving','~/images/image146','Safco',1006,'SCR005',9),
('PR000147','Seth Thomas 14" Putty-Colored Wall Clock','~/images/image147','Seth',141,'SCR006',47),
('PR000148','Plantronics Cordless Phone Headset with In-line Volume - M214C','~/images/image148','Plantronics',576,'SCR008',7),
('PR000149','Anker Astro 15000mAh USB Portable Charger','~/images/image149','Anker',225,'SCR008',8),
('PR000150','Hon Deluxe Fabric Upholstered Stacking Chairs, Rounded Back','~/images/image150','Hon',2923,'SCR002',33),
('PR000151','GBC Prestige Therm-A-Bind Covers','~/images/image151','GBC',257,'SCR009',24),
('PR000152','Belkin 7 Outlet SurgeMaster Surge Protector with Phone Protection','~/images/image152','Belkin',237,'SCR010',1),
('PR000153','Jabra BIZ 2300 Duo QD Duo Corded Headset','~/images/image153','Jabra',304,'SCR008',37),
('PR000154','Southworth 25% Cotton Antique Laid Paper & Envelopes','~/images/image154','Southworth',87,'SCR011',21),
('PR000155','Xerox 1883','~/images/image155','Xerox',158,'SCR011',33),
('PR000156','Tenex Personal Project File with Scoop Front Design, Black','~/images/image156','Tenex',121,'SCR005',45),
('PR000157','Newell 311','~/images/image157','Newell',10,'SCR007',41),
('PR000158','Global Deluxe High-Back Manager''s Chair','~/images/image158','Global',685,'SCR002',1),
('PR000159','Avery 519','~/images/image159','Avery',22,'SCR003',7),
('PR000160','Avaya 5420 Digital phone','~/images/image160','Avaya',1415,'SCR008',32),
('PR000161','Xerox 1920','~/images/image161','Xerox',9,'SCR011',47),
('PR000162','Lenovo 17-Key USB Numeric Keypad','~/images/image162','Lenovo',81,'SCR014',11),
('PR000163','Staple envelope','~/images/image163','Staple',43,'SCR017',50),
('PR000164','Wilson Jones International Size A4 Ring Binders','~/images/image164','Wilson',41,'SCR009',43),
('PR000165','BIC Brite Liner Highlighters','~/images/image165','BIC',15,'SCR007',9),
('PR000166','Lexmark MX611dhe Monochrome Laser Printer','~/images/image166','Lexmark',12220,'SCR015',43),
('PR000167','Space Solutions HD Industrial Steel Shelving.','~/images/image167','Space',413,'SCR005',35),
('PR000168','SAFCO Arco Folding Chair','~/images/image168','SAFCO',2606,'SCR002',1),
('PR000169','Sanford Liquid Accent Highlighters','~/images/image169','Sanford',48,'SCR007',12),
('PR000170','Kensington 7 Outlet MasterPiece Power Center','~/images/image170','Kensington',267,'SCR010',43),
('PR000171','JBL Micro Wireless Portable Bluetooth Speaker','~/images/image171','JBL',216,'SCR008',38),
('PR000172','Adams Phone Message Book, Professional, 400 Message Capacity, 5 3/6 x 11','~/images/image172','Adams',31,'SCR011',3),
('PR000173','Xerox 1913','~/images/image173','Xerox',166,'SCR011',23),
('PR000174','Global Value Steno Chair, Gray','~/images/image174','Global',509,'SCR002',16),
('PR000175','Kensington 7 Outlet MasterPiece HOMEOFFICE Power Control Center','~/images/image175','Kensington',79,'SCR010',10),
('PR000176','Avery 51','~/images/image176','Avery',30,'SCR003',13),
('PR000177','Acco 7-Outlet Masterpiece Power Center, Wihtout Fax/Phone Line Protection','~/images/image177','Acco',146,'SCR010',37),
('PR000178','Padded Folding Chairs, Black, 4/Carton','~/images/image178','Padded',594,'SCR002',34),
('PR000179','Acme Rosewood Handle Letter Opener','~/images/image179','Acme',24,'SCR012',11),
('PR000180','Sanford Colorific Eraseable Coloring Pencils, 12 Count','~/images/image180','Sanford',5,'SCR007',18),
('PR000181','Tenex File Box, Personal Filing Tote with Lid, Black','~/images/image181','Tenex',37,'SCR005',27),
('PR000182','Imation Secure+ Hardware Encrypted USB 2.0 Flash Drive; 16GB','~/images/image182','Imation',612,'SCR014',16),
('PR000183','AT&T TR1909W','~/images/image183','AT&T',755,'SCR008',29),
('PR000184','Nokia Lumia 521 (T-Mobile)','~/images/image184','Nokia',225,'SCR008',35),
('PR000185','HP Standard 104 key PS/2 Keyboard','~/images/image185','HP',43,'SCR014',33),
('PR000186','Avery Poly Binder Pockets','~/images/image186','Avery',11,'SCR009',9),
('PR000187','SanDisk Ultra 32 GB MicroSDHC Class 10 Memory Card','~/images/image187','SanDisk',265,'SCR014',44),
('PR000188','Personal Filing Tote with Lid, Black/Gray','~/images/image188','Personal',56,'SCR005',29),
('PR000189','Southworth 25% Cotton Antique Laid Paper & Envelopes','~/images/image189','Southworth',30,'SCR011',6),
('PR000190','Atlantic Metals Mobile 4-Shelf Bookcases, Custom Colors','~/images/image190','Atlantic',1347,'SCR001',24),
('PR000191','I Need''s 3d Hello Kitty Hybrid Silicone Case Cover for HTC One X 4g with 3d Hello Kitty Stylus Pen Green/pink','~/images/image191','I',107,'SCR008',41),
('PR000192','Xerox 205','~/images/image192','Xerox',78,'SCR011',32),
('PR000193','Atlantic Metals Mobile 3-Shelf Bookcases, Custom Colors','~/images/image193','Atlantic',938,'SCR001',43),
('PR000194','4009 Highlighters by Sanford','~/images/image194','4009',30,'SCR007',15),
('PR000195','Poly String Tie Envelopes','~/images/image195','Poly',21,'SCR017',16),
('PR000196','Binney & Smith Crayola Metallic Colored Pencils, 8-Color Set','~/images/image196','Binney',11,'SCR007',5),
('PR000197','Binney & Smith inkTank Erasable Desk Highlighter, Chisel Tip, Yellow, 12/Box','~/images/image197','Binney',9,'SCR007',40),
('PR000198','Decoflex Hanging Personal Folder File','~/images/image198','Decoflex',69,'SCR005',3),
('PR000199','Pressboard Covers with Storage Hooks, 9 1/2" x 11", Light Blue','~/images/image199','Pressboard',4,'SCR009',27),
('PR000200','Wirebound Message Books, 5-1/2 x 4 Forms, 2 or 4 Forms per Page','~/images/image200','Wirebound',24,'SCR011',42),
('PR000201','Southworth 25% Cotton Linen-Finish Paper & Envelopes','~/images/image201','Southworth',33,'SCR011',17),
('PR000202','BoxOffice By Design Rectangular and Half-Moon Meeting Room Tables','~/images/image202','BoxOffice',328,'SCR004',24),
('PR000203','Bravo II Megaboss 12-Amp Hard Body Upright, Replacement Belts, 2 Belts per Pack','~/images/image203','Bravo',4,'SCR010',19),
('PR000204','Eureka Sanitaire Commercial Upright','~/images/image204','Eureka',99,'SCR010',20),
('PR000205','Eldon 200 Class Desk Accessories, Burgundy','~/images/image205','Eldon',53,'SCR006',45),
('PR000206','Nortel Business Series Terminal T7208 Digital phone','~/images/image206','Nortel',666,'SCR008',30),
('PR000207','Tennsco Lockers, Gray','~/images/image207','Tennsco',126,'SCR005',11),
('PR000208','Panasonic KX-TG6844B Expandable Digital Cordless Telephone','~/images/image208','Panasonic',198,'SCR008',39),
('PR000209','Avery Durable Slant Ring Binders, No Labels','~/images/image209','Avery',24,'SCR009',8),
('PR000210','Advantus Push Pins, Aluminum Head','~/images/image210','Advantus',78,'SCR013',15),
('PR000211','Gould Plastics 18-Pocket Panel Bin, 34w x 5-1/4d x 20-1/2h','~/images/image211','Gould',138,'SCR005',1),
('PR000212','Memorex Micro Travel Drive 8 GB','~/images/image212','Memorex',31,'SCR014',32),
('PR000213','Avery 505','~/images/image213','Avery',35,'SCR003',46),
('PR000214','O''Sullivan 2-Door Barrister Bookcase in Odessa Pine','~/images/image214','O''Sullivan',678,'SCR001',16),
('PR000215','Speck Products Candyshell Flip Case','~/images/image215','Speck',94,'SCR008',6),
('PR000216','Cisco 9971 IP Video Phone Charcoal','~/images/image216','Cisco',1779,'SCR015',31),
('PR000217','Sony Micro Vault Click 16 GB USB 2.0 Flash Drive','~/images/image217','Sony',134,'SCR014',31),
('PR000218','Personal Filing Tote with Lid, Black/Gray','~/images/image218','Personal',139,'SCR005',15),
('PR000219','Adtran 1202752G1','~/images/image219','Adtran',453,'SCR008',45),
('PR000220','OIC Bulk Pack Metal Binder Clips','~/images/image220','OIC',8,'SCR013',17),
('PR000221','While You Were Out Pads, 50 per Pad, 4 x 5 1/4, Green Cycle','~/images/image221','While',34,'SCR011',21),
('PR000222','Ibico Standard Transparent Covers','~/images/image222','Ibico',30,'SCR009',33),
('PR000223','Executive Impressions 14" Two-Color Numerals Wall Clock','~/images/image223','Executive',109,'SCR006',12),
('PR000224','Swingline SM12-08 MicroCut Jam Free Shredder','~/images/image224','Swingline',719,'SCR015',28),
('PR000225','Stanley Bostitch Contemporary Electric Pencil Sharpeners','~/images/image225','Stanley',41,'SCR007',37),
('PR000226','Sanford Uni-Blazer View Highlighters, Chisel Tip, Yellow','~/images/image226','Sanford',3,'SCR007',40),
('PR000227','Bevis 36 x 72 Conference Tables','~/images/image227','Bevis',932,'SCR004',39),
('PR000228','Rogers Deluxe File Chest','~/images/image228','Rogers',33,'SCR005',49),
('PR000229','Global Low Back Tilter Chair','~/images/image229','Global',242,'SCR002',30),
('PR000230','Global Push Button Manager''s Chair, Indigo','~/images/image230','Global',584,'SCR002',16),
('PR000231','GBC Instant Index System for Binding Systems','~/images/image231','GBC',28,'SCR009',16),
('PR000232','Bush Advantage Collection Round Conference Table','~/images/image232','Bush',350,'SCR004',31),
('PR000233','Bretford Rectangular Conference Table Tops','~/images/image233','Bretford',929,'SCR004',3),
('PR000234','GBC Instant Index System for Binding Systems','~/images/image234','GBC',8,'SCR009',44),
('PR000235','Tenex Contemporary Contur Chairmats for Low and Medium Pile Carpet, Computer, 39" x 49"','~/images/image235','Tenex',386,'SCR006',38),
('PR000236','Logitech P710e Mobile Speakerphone','~/images/image236','Logitech',925,'SCR014',32),
('PR000237','Xerox 4200 Series MultiUse Premium Copy Paper (20Lb. and 84 Bright)','~/images/image237','Xerox',16,'SCR011',36),
('PR000238','Xerox 1957','~/images/image238','Xerox',39,'SCR011',32),
('PR000239','Luxo Professional Fluorescent Magnifier Lamp with Clamp-Mount Base','~/images/image239','Luxo',629,'SCR006',21),
('PR000240','Staple-based wall hangings','~/images/image240','Staple-based',18,'SCR006',21),
('PR000241','PureGear Roll-On Screen Protector','~/images/image241','PureGear',48,'SCR008',38),
('PR000242','KI Conference Tables','~/images/image242','KI',265,'SCR004',1),
('PR000243','Eldon 100 Class Desk Accessories','~/images/image243','Eldon',6,'SCR006',13),
('PR000244','Binney & Smith Crayola Metallic Colored Pencils, 8-Color Set','~/images/image244','Binney',11,'SCR007',22),
('PR000245','Global Deluxe High-Back Manager''s Chair','~/images/image245','Global',2998,'SCR002',10),
('PR000246','Safco Steel Mobile File Cart','~/images/image246','Safco',250,'SCR005',30),
('PR000247','Adams Telephone Message Book w/Frequently-Called Numbers Space, 400 Messages per Book','~/images/image247','Adams',72,'SCR011',36),
('PR000248','Honeywell Enviracaire Portable HEPA Air Cleaner for 17'' x 22'' Room','~/images/image248','Honeywell',2251,'SCR010',18),
('PR000249','Xerox 205','~/images/image249','Xerox',39,'SCR011',7),
('PR000250','Global Leather Highback Executive Chair with Pneumatic Height Adjustment, Black','~/images/image250','Global',482,'SCR002',50),
('PR000251','Wirebound Message Books, Two 4 1/4" x 5" Forms per Page','~/images/image251','Wirebound',11,'SCR011',21),
('PR000252','Logitech P710e Mobile Speakerphone','~/images/image252','Logitech',5013,'SCR014',9),
('PR000253','Fellowes Personal Hanging Folder Files, Navy','~/images/image253','Fellowes',121,'SCR005',7),
('PR000254','Tyvek Side-Opening Peel & Seel Expanding Envelopes','~/images/image254','Tyvek',542,'SCR017',10),
('PR000255','Eldon 100 Class Desk Accessories','~/images/image255','Eldon',18,'SCR006',23),
('PR000256','Belkin 19" Vented Equipment Shelf, Black','~/images/image256','Belkin',123,'SCR005',2),
('PR000257','Tenex Personal Project File with Scoop Front Design, Black','~/images/image257','Tenex',81,'SCR005',9),
('PR000258','Logitech Mobile Speakerphone P710e - speaker phone','~/images/image258','Logitech',970,'SCR008',50),
('PR000259','Sabrent 4-Port USB 2.0 Hub','~/images/image259','Sabrent',31,'SCR014',47),
('PR000260','Safco Industrial Shelving','~/images/image260','Safco',332,'SCR005',18),
('PR000261','Acco 3-Hole Punch','~/images/image261','Acco',26,'SCR009',20),
('PR000262','Eureka Disposable Bags for Sanitaire Vibra Groomer I Upright Vac','~/images/image262','Eureka',2,'SCR010',17),
('PR000263','Lexmark MX611dhe Monochrome Laser Printer','~/images/image263','Lexmark',4583,'SCR015',11),
('PR000264','Xerox WorkCentre 6505DN Laser Multifunction Printer','~/images/image264','Xerox',3774,'SCR015',8),
('PR000265','Cisco Small Business SPA 502G VoIP phone','~/images/image265','Cisco',492,'SCR008',48),
('PR000266','Microsoft Sculpt Comfort Mouse','~/images/image266','Microsoft',120,'SCR014',49),
('PR000267','Quartet Omega Colored Chalk, 12/Pack','~/images/image267','Quartet',21,'SCR007',34),
('PR000268','Bagged Rubber Bands','~/images/image268','Bagged',11,'SCR013',41),
('PR000269','Safco Commercial Shelving','~/images/image269','Safco',56,'SCR005',45),
('PR000270','Recycled Interoffice Envelopes with String and Button Closure, 10 x 13','~/images/image270','Recycled',86,'SCR017',31),
('PR000271','Adjustable Depth Letter/Legal Cart','~/images/image271','Adjustable',1087,'SCR005',7),
('PR000272','Logitech 910-002974 M325 Wireless Mouse for Web Scrolling','~/images/image272','Logitech',314,'SCR014',7),
('PR000273','Regeneration Desk Collection','~/images/image273','Regeneration',8,'SCR006',30),
('PR000274','Presstex Flexible Ring Binders','~/images/image274','Presstex',16,'SCR009',46),
('PR000275','Ampad Gold Fibre Wirebound Steno Books, 6" x 9", Gregg Ruled','~/images/image275','Ampad',13,'SCR011',36),
('PR000276','Newell 330','~/images/image276','Newell',9,'SCR007',12),
('PR000277','Post-it Important Message Note Pad, Neon Colors, 50 Sheets/Pad','~/images/image277','Post-it',17,'SCR011',7),
('PR000278','Adams Write n'' Stick Phone Message Book, 11" X 5 1/4", 200 Messages','~/images/image278','Adams',27,'SCR011',6),
('PR000279','Eldon Simplefile Box Office','~/images/image279','Eldon',89,'SCR005',22),
('PR000280','Avery 489','~/images/image280','Avery',37,'SCR003',9),
('PR000281','Round Ring Binders','~/images/image281','Round',3,'SCR009',24),
('PR000282','Bose SoundLink Bluetooth Speaker','~/images/image282','Bose',1669,'SCR008',18),
('PR000283','Bevis Round Bullnose 29" High Table Top','~/images/image283','Bevis',1556,'SCR004',28),
('PR000284','Easy-staple paper','~/images/image284','Easy-staple',212,'SCR011',28),
('PR000285','Microsoft Arc Touch Mouse','~/images/image285','Microsoft',359,'SCR014',30),
('PR000286','Xerox 216','~/images/image286','Xerox',47,'SCR011',31),
('PR000287','GBC VeloBinder Electric Binding Machine','~/images/image287','GBC',380,'SCR009',28),
('PR000288','Acco 7-Outlet Masterpiece Power Center, Wihtout Fax/Phone Line Protection','~/images/image288','Acco',291,'SCR010',14),
('PR000289','Premier Automatic Letter Opener','~/images/image289','Premier',1440,'SCR012',41),
('PR000290','Advantus SlideClip Paper Clips','~/images/image290','Advantus',29,'SCR013',15),
('PR000291','Avery 512','~/images/image291','Avery',28,'SCR003',31),
('PR000292','Logitech Wireless Gaming Headset G930','~/images/image292','Logitech',383,'SCR014',48),
('PR000293','Bush Westfield Collection Bookcases, Medium Cherry Finish','~/images/image293','Bush',130,'SCR001',24),
('PR000294','Howard Miller 13" Diameter Goldtone Round Wall Clock','~/images/image294','Howard',450,'SCR006',36),
('PR000295','Global Deluxe Office Fabric Chairs','~/images/image295','Global',345,'SCR002',38),
('PR000296','Eldon ClusterMat Chair Mat with Cordless Antistatic Protection','~/images/image296','Eldon',327,'SCR006',44),
('PR000297','Ibico Laser Imprintable Binding System Covers','~/images/image297','Ibico',118,'SCR009',31),
('PR000298','Vinyl Coated Wire Paper Clips in Organizer Box, 800/Box','~/images/image298','Vinyl',41,'SCR013',31),
('PR000299','Xerox 223','~/images/image299','Xerox',49,'SCR011',6),
('PR000300','Tennsco Stur-D-Stor Boltless Shelving, 5 Shelves, 24" Deep, Sand','~/images/image300','Tennsco',1621,'SCR005',42),
('PR000301','Xerox 1939','~/images/image301','Xerox',85,'SCR011',32),
('PR000302','Floodlight Indoor Halogen Bulbs, 1 Bulb per Pack, 60 Watts','~/images/image302','Floodlight',116,'SCR006',19),
('PR000303','Avery Premier Heavy-Duty Binder with Round Locking Rings','~/images/image303','Avery',21,'SCR009',45),
('PR000304','BPI Conference Tables','~/images/image304','BPI',328,'SCR004',43),
('PR000305','Electrix 20W Halogen Replacement Bulb for Zoom-In Desk Lamp','~/images/image305','Electrix',40,'SCR006',38),
('PR000306','Newell 350','~/images/image306','Newell',15,'SCR007',19),
('PR000307','GBC Clear Cover, 8-1/2 x 11, unpunched, 25 covers per pack','~/images/image307','GBC',68,'SCR009',20),
('PR000308','Boston Heavy-Duty Trimline Electric Pencil Sharpeners','~/images/image308','Boston',433,'SCR007',13),
('PR000309','Faber Castell Col-Erase Pencils','~/images/image309','Faber',7,'SCR007',46),
('PR000310','C-Line Cubicle Keepers Polyproplyene Holder With Velcro Backings','~/images/image310','C-Line',23,'SCR006',25),
('PR000311','Hon 4070 Series Pagoda Armless Upholstered Stacking Chairs','~/images/image311','Hon',699,'SCR002',2),
('PR000312','Eldon Expressions Desk Accessory, Wood Photo Frame, Mahogany','~/images/image312','Eldon',23,'SCR006',44),
('PR000313','Avery 509','~/images/image313','Avery',9,'SCR003',43),
('PR000314','Deflect-o SuperTray Unbreakable Stackable Tray, Letter, Black','~/images/image314','Deflect-o',131,'SCR006',30),
('PR000315','AT&T 1070 Corded Phone','~/images/image315','AT&T',267,'SCR008',47),
('PR000316','Xerox 21','~/images/image316','Xerox',23,'SCR011',21),
('PR000317','Boston School Pro Electric Pencil Sharpener, 1670','~/images/image317','Boston',148,'SCR007',14),
('PR000318','DMI Arturo Collection Mission-style Design Wood Chair','~/images/image318','DMI',203,'SCR002',9),
('PR000319','Canon imageCLASS MF7460 Monochrome Digital Laser Multifunction Copier','~/images/image319','Canon',5978,'SCR015',24),
('PR000320','Panasonic Kx-TS550','~/images/image320','Panasonic',413,'SCR008',46),
('PR000321','NETGEAR N750 Dual Band Wi-Fi Gigabit Router','~/images/image321','NETGEAR',539,'SCR014',45),
('PR000322','Trav-L-File Heavy-Duty Shuttle II, Black','~/images/image322','Trav-L-File',65,'SCR005',31),
('PR000323','OIC Binder Clips','~/images/image323','OIC',11,'SCR013',23),
('PR000324','Ibico Laser Imprintable Binding System Covers','~/images/image324','Ibico',377,'SCR009',16),
('PR000325','Logitech Wireless Headset h800','~/images/image325','Logitech',150,'SCR014',15),
('PR000326','Telescoping Adjustable Floor Lamp','~/images/image326','Telescoping',24,'SCR006',33),
('PR000327','Aastra 57i VoIP phone','~/images/image327','Aastra',436,'SCR008',1),
('PR000328','File Shuttle II and Handi-File, Black','~/images/image328','File',81,'SCR005',40),
('PR000329','Hon 2090 Pillow Soft Series Mid Back Swivel/Tilt Chairs','~/images/image329','Hon',1178,'SCR002',44),
('PR000330','Round Specialty Laser Printer Labels','~/images/image330','Round',150,'SCR003',50),
('PR000331','GBC Premium Transparent Covers with Diagonal Lined Pattern','~/images/image331','GBC',57,'SCR009',21),
('PR000332','AT&T 841000 Phone','~/images/image332','AT&T',124,'SCR008',32),
('PR000333','Ibico Recycled Grain-Textured Covers','~/images/image333','Ibico',31,'SCR009',42),
('PR000334','Wilson Jones Custom Binder Spines & Labels','~/images/image334','Wilson',7,'SCR009',24),
('PR000335','Storex Dura Pro Binders','~/images/image335','Storex',7,'SCR009',16),
('PR000336','Hewlett Packard LaserJet 3310 Copier','~/images/image336','Hewlett',1438,'SCR016',21),
('PR000337','Avery Non-Stick Binders','~/images/image337','Avery',22,'SCR009',5),
('PR000338','Tuff Stuff Recycled Round Ring Binders','~/images/image338','Tuff',12,'SCR009',23),
('PR000339','Hon 5100 Series Wood Tables','~/images/image339','Hon',1046,'SCR004',18),
('PR000340','OIC Binder Clips, Mini, 1/4" Capacity, Black','~/images/image340','OIC',7,'SCR013',30),
('PR000341','Newell 314','~/images/image341','Newell',27,'SCR007',16),
('PR000342','Fellowes PB200 Plastic Comb Binding Machine','~/images/image342','Fellowes',764,'SCR009',3),
('PR000343','Staples','~/images/image343','Staples',46,'SCR013',20),
('PR000344','Square Credit Card Reader, 4 1/2" x 4 1/2" x 1", White','~/images/image344','Square',108,'SCR008',47),
('PR000345','Fellowes Super Stor/Drawer','~/images/image345','Fellowes',133,'SCR005',30),
('PR000346','Anker 36W 4-Port USB Wall Charger Travel Power Adapter for iPhone 5s 5c 5','~/images/image346','Anker',72,'SCR008',27),
('PR000347','Binney & Smith inkTank Erasable Desk Highlighter, Chisel Tip, Yellow, 12/Box','~/images/image347','Binney',11,'SCR007',48),
('PR000348','Easy-staple paper','~/images/image348','Easy-staple',37,'SCR011',10),
('PR000349','BIC Brite Liner Highlighters, Chisel Tip','~/images/image349','BIC',19,'SCR007',21),
('PR000350','Sabrent 4-Port USB 2.0 Hub','~/images/image350','Sabrent',10,'SCR014',37),
('PR000351','Xerox 1881','~/images/image351','Xerox',37,'SCR011',2),
('PR000352','Acco Hanging Data Binders','~/images/image352','Acco',5,'SCR009',7),
('PR000353','Xerox 1881','~/images/image353','Xerox',74,'SCR011',3),
('PR000354','GBC DocuBind P400 Electric Binding System','~/images/image354','GBC',6522,'SCR009',46),
('PR000355','Sauder Barrister Bookcases','~/images/image355','Sauder',582,'SCR001',43),
('PR000356','#10 Gummed Flap White Envelopes, 100/Box','~/images/image356','#10',12,'SCR017',45),
('PR000357','Dixon Prang Watercolor Pencils, 10-Color Set with Brush','~/images/image357','Dixon',26,'SCR007',34),
('PR000358','Adams Phone Message Book, 200 Message Capacity, 8 1/16 x 11','~/images/image358','Adams',52,'SCR011',6),
('PR000359','Southworth 25% Cotton Linen-Finish Paper & Envelopes','~/images/image359','Southworth',54,'SCR011',21),
('PR000360','Belkin 8 Outlet SurgeMaster II Gold Surge Protector with Phone Protection','~/images/image360','Belkin',970,'SCR010',36),
('PR000361','Avery Address/Shipping Labels for Typewriters, 4" x 2"','~/images/image361','Avery',31,'SCR003',9),
('PR000362','Avery Address/Shipping Labels for Typewriters, 4" x 2"','~/images/image362','Avery',31,'SCR003',14),
('PR000363','Global Ergonomic Managers Chair','~/images/image363','Global',732,'SCR002',34),
('PR000364','Newell 333','~/images/image364','Newell',8,'SCR007',13),
('PR000365','Eldon Wave Desk Accessories','~/images/image365','Eldon',71,'SCR006',39),
('PR000366','Gould Plastics 9-Pocket Panel Bin, 18-3/8w x 5-1/4d x 20-1/2h, Black','~/images/image366','Gould',317,'SCR005',14),
('PR000367','Wilson Jones Snap Scratch Pad Binder Tool for Ring Binders','~/images/image367','Wilson',35,'SCR009',13),
('PR000368','Staple remover','~/images/image368','Staple',11,'SCR012',1),
('PR000369','Pizazz Global Quick File','~/images/image369','Pizazz',157,'SCR005',5),
('PR000370','Atlantic Metals Mobile 3-Shelf Bookcases, Custom Colors','~/images/image370','Atlantic',1563,'SCR001',33),
('PR000371','Xerox 1930','~/images/image371','Xerox',39,'SCR011',28),
('PR000372','File Shuttle I and Handi-File','~/images/image372','File',80,'SCR005',26),
('PR000373','Wilson Jones Custom Binder Spines & Labels','~/images/image373','Wilson',12,'SCR009',40),
('PR000374','NETGEAR AC1750 Dual Band Gigabit Smart WiFi Router','~/images/image374','NETGEAR',1533,'SCR014',50),
('PR000375','Newell 324','~/images/image375','Newell',14,'SCR007',19),
('PR000376','Microsoft Natural Keyboard Elite','~/images/image376','Microsoft',717,'SCR014',44),
('PR000377','Xerox 1960','~/images/image377','Xerox',148,'SCR011',32),
('PR000378','Office Impressions End Table, 20-1/2"H x 24"W x 20"D','~/images/image378','Office',2229,'SCR004',20),
('PR000379','Holmes Odor Grabber','~/images/image379','Holmes',13,'SCR010',15),
('PR000380','Akro-Mils 12-Gallon Tote','~/images/image380','Akro-Mils',36,'SCR005',11),
('PR000381','GBC Twin Loop Wire Binding Elements, 9/16" Spine, Black','~/images/image381','GBC',18,'SCR009',39),
('PR000382','Southworth Structures Collection','~/images/image382','Southworth',76,'SCR011',9),
('PR000383','Square Ring Data Binders, Rigid 75 Pt. Covers, 11" x 14-7/8"','~/images/image383','Square',74,'SCR009',15),
('PR000384','Sony 32GB Class 10 Micro SDHC R40 Memory Card','~/images/image384','Sony',63,'SCR014',11),
('PR000385','Hon Practical Foundations 30 x 60 Training Table, Light Gray/Charcoal','~/images/image385','Hon',562,'SCR004',24),
('PR000386','Logitech Media Keyboard K200','~/images/image386','Logitech',126,'SCR014',47),
('PR000387','Lexmark MarkNet N8150 Wireless Print Server','~/images/image387','Lexmark',722,'SCR015',48),
('PR000388','3M Hangers With Command Adhesive','~/images/image388','3M',4,'SCR006',33),
('PR000389','Crayola Colored Pencils','~/images/image389','Crayola',4,'SCR007',7),
('PR000390','Angle-D Binders with Locking Rings, Label Holders','~/images/image390','Angle-D',35,'SCR009',6),
('PR000391','Logitech LS21 Speaker System - PC Multimedia - 2.1-CH - Wired','~/images/image391','Logitech',60,'SCR014',25),
('PR000392','Nortel Meridian M3904 Professional Digital phone','~/images/image392','Nortel',369,'SCR008',36),
('PR000393','Canon PC1080F Personal Copier','~/images/image393','Canon',2696,'SCR016',11),
('PR000394','Wilson Jones Century Plastic Molded Ring Binders','~/images/image394','Wilson',19,'SCR009',21),
('PR000395','Tuf-Vin Binders','~/images/image395','Tuf-Vin',114,'SCR009',20),
('PR000396','2300 Heavy-Duty Transfer File Systems by Perma','~/images/image396','2300',75,'SCR005',26),
('PR000397','Xerox 1958','~/images/image397','Xerox',19,'SCR011',49),
('PR000398','Acme 10" Easy Grip Assistive Scissors','~/images/image398','Acme',105,'SCR012',14),
('PR000399','Super Decoflex Portable Personal File','~/images/image399','Super',54,'SCR005',17);

INSERT INTO "store_location" values
('ST0001', 'Lake View Park', 9607443381, 'MG0001'),
('ST0002', 'Nevada Crossing', 6095469250, 'MG0002'),
('ST0003', 'Crowley Lane', 3189847203, 'MG0003'),
('ST0004', 'Ludington Plaza', 5369053693, 'MG0004'),
('ST0005', 'Arizona Street',  4076991240, 'MG0005'),
('ST0006','Clark',1123333385,'MG0007'),
('ST0007','St. Louis',1123333386,'MG0008'),
('ST0008','Riverside',1123333387,'MG0009'),
('ST0009','Multnomah',1123333388,'MG0010'),
('ST0010','Bexar',1123333389,'MG0006'),
('ST0011','Sacramento',1123333390,'MG0007'),
('ST0012','San Juan',1123333391,'MG0008'),
('ST0013','Santa Clara',1123333392,'MG0009'),
('ST0014','Orange',1123333393,'MG0010'),
('ST0015','Cuyahoga',1123333394,'MG0006'),
('ST0016','Allegheny',1123333395,'MG0007'),
('ST0017','New York',1123333396,'MG0008'),
('ST0018','Travis',1123333397,'MG0009'),
('ST0019','Hamilton',1123333398,'MG0010'),
('ST0020','Marion',1123333399,'MG0006'),
('ST0021','Jackson',1123333400,'MG0007'),
('ST0022','Franklin',1123333401,'MG0008'),
('ST0023','Mecklenburg',1123333402,'MG0009'),
('ST0024','Virginia Beach',1123333403,'MG0010'),
('ST0025','Bronx',1123333404,'MG0006'),
('ST0026','Milwaukee',1123333405,'MG0007'),
('ST0027','Providence',1123333406,'MG0008'),
('ST0028','Duval',1123333407,'MG0009'),
('ST0029','Salt Lake',1123333408,'MG0010'),
('ST0030','Davidson',1123333409,'MG0006'),
('ST0031','Wake',1123333410,'MG0007'),
('ST0032','Shelby',1123333411,'MG0008'),
('ST0033','Richmond',1123333412,'MG0009'),
('ST0034','Jefferson',1123333413,'MG0010'),
('ST0035','Orleans',1123333414,'MG0006'),
('ST0036','Fairfield',1123333415,'MG0007'),
('ST0037','Oklahoma',1123333416,'MG0008'),
('ST0038','Erie',1123333417,'MG0009'),
('ST0039','Hartford',1123333418,'MG0010'),
('ST0040','Tarrant',1123333419,'MG0006'),
('ST0041','Pima',1123333420,'MG0007'),
('ST0042','Honolulu',1123333421,'MG0008'),
('ST0043','Hidalgo',1123333422,'MG0009'),
('ST0044','El Paso',1123333423,'MG0010'),
('ST0045','Douglas',1123333424,'MG0006'),
('ST0046','Bernalillo',1123333425,'MG0007'),
('ST0047','Jefferson',1123333426,'MG0008'),
('ST0048','Sarasota',1123333427,'MG0009'),
('ST0049','Montgomery',1123333428,'MG0010'),
('ST0050','Monroe',1123333429,'MG0006'),
('ST0051','Fresno',1123333430,'MG0007'),
('ST0052','Tulsa',1123333431,'MG0008'),
('ST0053','Lehigh',1123333432,'MG0009'),
('ST0054','Contra Costa',1123333433,'MG0010'),
('ST0055','Lee',1123333434,'MG0006'),
('ST0056','Charleston',1123333435,'MG0007'),
('ST0057','El Paso',1123333436,'MG0008'),
('ST0058','Hampden',1123333437,'MG0009'),
('ST0059','Kent',1123333438,'MG0010'),
('ST0060','Weber',1123333439,'MG0006'),
('ST0061','Richland',1123333440,'MG0007'),
('ST0062','East Baton Rouge',1123333441,'MG0008'),
('ST0063','Knox',1123333442,'MG0009'),
('ST0064','Orange',1123333443,'MG0010'),
('ST0065','Albany',1123333444,'MG0006'),
('ST0066','Summit',1123333445,'MG0007'),
('ST0067','New Haven',1123333446,'MG0008'),
('ST0068','Utah',1123333447,'MG0009'),
('ST0069','Flagler',1123333448,'MG0010'),
('ST0070','Lackawanna',1123333449,'MG0006'),
('ST0071','Arapahoe',1123333450,'MG0007'),
('ST0072','Ventura',1123333451,'MG0008'),
('ST0073','Stanislaus',1123333452,'MG0009');

INSERT INTO "customer" VALUES
('CS0001','Georgi','Facello','Georgi.Facello@gmail.com','5757806421'),
('CS0002','Bezalel','Simmel','Bezalel.Simmel@gmail.com','5266913663'),
('CS0003','Parto','Bamford','Parto.Bamford@gmail.com','4703477202'),
('CS0004','Chirstian','Koblick','Chirstian.Koblick@gmail.com','4703477203'),
('CS0005','Kyoichi','Maliniak','Kyoichi.Maliniak@gmail.com','6726435210'),
('CS0006','Anneke','Preusig','Anneke.Preusig@gmail.com','9352214565'),
('CS0007','Tzvetan','Zielinski','Tzvetan.Zielinski@gmail.com','9352214566'),
('CS0008','Saniya','Kalloufi','Saniya.Kalloufi@gmail.com','4209028960'),
('CS0009','Sumant','Peac','Sumant.Peac@gmail.com','5365968574'),
('CS0010','Duangkaew','Piveteau','Duangkaew.Piveteau@gmail.com','4057466553'),
('CS0011','Mary','Sluis','Mary.Sluis@gmail.com','4057466554'),
('CS0012','Patricio','Bridgland','Patricio.Bridgland@gmail.com','9743988066'),
('CS0013','Eberhardt','Terkki','Eberhardt.Terkki@gmail.com','9743988067'),
('CS0014','Berni','Genin','Berni.Genin@gmail.com','9743988068'),
('CS0015','Guoxiang','Nooteboom','Guoxiang.Nooteboom@gmail.com','9441466149'),
('CS0016','Kazuhito','Cappelletti','Kazuhito.Cappelletti@gmail.com','1007183343'),
('CS0017','Cristinel','Bouloucos','Cristinel.Bouloucos@gmail.com','1007183344'),
('CS0018','Kazuhide','Peha','Kazuhide.Peha@gmail.com','7251357813'),
('CS0019','Lillian','Haddadi','Lillian.Haddadi@gmail.com','3738296128'),
('CS0020','Mayuko','Warwick','Mayuko.Warwick@gmail.com','2058677790'),
('CS0021','Ramzi','Erde','Ramzi.Erde@gmail.com','1362099292'),
('CS0022','Shahaf','Famili','Shahaf.Famili@gmail.com','7327358158'),
('CS0023','Bojan','Montemayor','Bojan.Montemayor@gmail.com','7327358159'),
('CS0024','Suzette','Pettey','Suzette.Pettey@gmail.com','3648397318'),
('CS0025','Prasadram','Heyers','Prasadram.Heyers@gmail.com','7548152133'),
('CS0026','Yongqiao','Berztiss','Yongqiao.Berztiss@gmail.com','7548152134'),
('CS0027','Divier','Reistad','Divier.Reistad@gmail.com','2053245139'),
('CS0028','Domenick','Tempesti','Domenick.Tempesti@gmail.com','7423399060'),
('CS0029','Otmar','Herbst','Otmar.Herbst@gmail.com','5708959983'),
('CS0030','Elvis','Demeyer','Elvis.Demeyer@gmail.com','5708959984'),
('CS0031','Karsten','Joslin','Karsten.Joslin@gmail.com','6122229943'),
('CS0032','Jeong','Reistad','Jeong.Reistad@gmail.com','6122229944'),
('CS0033','Arif','Merlo','Arif.Merlo@gmail.com','5559966608'),
('CS0034','Bader','Swan','Bader.Swan@gmail.com','9552587776'),
('CS0035','Alain','Chappelet','Alain.Chappelet@gmail.com','9552587777'),
('CS0036','Adamantios','Portugali','Adamantios.Portugali@gmail.com','8444427505'),
('CS0037','Pradeep','Makrucki','Pradeep.Makrucki@gmail.com','2228342561'),
('CS0038','Huan','Lortz','Huan.Lortz@gmail.com','2772757948'),
('CS0039','Alejandro','Brender','Alejandro.Brender@gmail.com','3375870981'),
('CS0040','Weiyi','Meriste','Weiyi.Meriste@gmail.com','1478875649'),
('CS0041','Uri','Lenart','Uri.Lenart@gmail.com','1478875650'),
('CS0042','Magy','Stamatiou','Magy.Stamatiou@gmail.com','1478875651'),
('CS0043','Yishay','Tzvieli','Yishay.Tzvieli@gmail.com','3461772480'),
('CS0044','Mingsen','Casley','Mingsen.Casley@gmail.com','5047025753'),
('CS0045','Moss','Shanbhogue','Moss.Shanbhogue@gmail.com','3358293422'),
('CS0046','Lucien','Rosenbaum','Lucien.Rosenbaum@gmail.com','3102760552'),
('CS0047','Zvonko','Nyanchama','Zvonko.Nyanchama@gmail.com','6197062111'),
('CS0048','Florian','Syrotiuk','Florian.Syrotiuk@gmail.com','7671028784'),
('CS0049','Basil','Tramer','Basil.Tramer@gmail.com','7671028785'),
('CS0050','Yinghua','Dredge','Yinghua.Dredge@gmail.com','3952883413'),
('CS0051','Hidefumi','Caine','Hidefumi.Caine@gmail.com','4112059343'),
('CS0052','Heping','Nitsch','Heping.Nitsch@gmail.com','7097450219'),
('CS0053','Sanjiv','Zschoche','Sanjiv.Zschoche@gmail.com','5757013295'),
('CS0054','Mayumi','Schueller','Mayumi.Schueller@gmail.com','5757013296'),
('CS0055','Georgy','Dredge','Georgy.Dredge@gmail.com','7492968636'),
('CS0056','Brendon','Bernini','Brendon.Bernini@gmail.com','9203294108'),
('CS0057','Ebbe','Callaway','Ebbe.Callaway@gmail.com','9203294109'),
('CS0058','Berhard','McFarlin','Berhard.McFarlin@gmail.com','7555341340'),
('CS0059','Alejandro','McAlpine','Alejandro.McAlpine@gmail.com','7753912049'),
('CS0060','Breannda','Billingsley','Breannda.Billingsley@gmail.com','9922798238'),
('CS0061','Tse','Herber','Tse.Herber@gmail.com','6854810478'),
('CS0062','Anoosh','Peyn','Anoosh.Peyn@gmail.com','6854810479'),
('CS0063','Gino','Leonhardt','Gino.Leonhardt@gmail.com','6854810480'),
('CS0064','Udi','Jansch','Udi.Jansch@gmail.com','8349091478'),
('CS0065','Satosi','Awdeh','Satosi.Awdeh@gmail.com','8349091479'),
('CS0066','Kwee','Schusler','Kwee.Schusler@gmail.com','7122042142'),
('CS0067','Claudi','Stavenow','Claudi.Stavenow@gmail.com','5698282353'),
('CS0068','Charlene','Brattka','Charlene.Brattka@gmail.com','3659279690'),
('CS0069','Margareta','Bierman','Margareta.Bierman@gmail.com','2842340042'),
('CS0070','Reuven','Garigliano','Reuven.Garigliano@gmail.com','2842340043'),
('CS0071','Hisao','Lipner','Hisao.Lipner@gmail.com','6892336414'),
('CS0072','Hironoby','Sidou','Hironoby.Sidou@gmail.com','6892336415'),
('CS0073','Shir','McClurg','Shir.McClurg@gmail.com','6892336416'),
('CS0074','Mokhtar','Bernatsky','Mokhtar.Bernatsky@gmail.com','4421440201'),
('CS0075','Gao','Dolinsky','Gao.Dolinsky@gmail.com','4421440202'),
('CS0076','Erez','Ritzmann','Erez.Ritzmann@gmail.com','5352388833'),
('CS0077','Mona','Azuma','Mona.Azuma@gmail.com','5352388834'),
('CS0078','Danel','Mondadori','Danel.Mondadori@gmail.com','1467782020'),
('CS0079','Kshitij','Gils','Kshitij.Gils@gmail.com','4631834657'),
('CS0080','Premal','Baek','Premal.Baek@gmail.com','7412745179'),
('CS0081','Zhongwei','Rosen','Zhongwei.Rosen@gmail.com','9286798594'),
('CS0082','Parviz','Lortz','Parviz.Lortz@gmail.com','9286798595'),
('CS0083','Vishv','Zockler','Vishv.Zockler@gmail.com','8123903318'),
('CS0084','Tuval','Kalloufi','Tuval.Kalloufi@gmail.com','8123903319'),
('CS0085','Kenroku','Malabarba','Kenroku.Malabarba@gmail.com','1851912451'),
('CS0086','Somnath','Foote','Somnath.Foote@gmail.com','9969851004'),
('CS0087','Xinglin','Eugenio','Xinglin.Eugenio@gmail.com','9722457747'),
('CS0088','Jungsoon','Syrzycki','Jungsoon.Syrzycki@gmail.com','7122704972'),
('CS0089','Sudharsan','Flasterstein','Sudharsan.Flasterstein@gmail.com','7122704973'),
('CS0090','Kendra','Hofting','Kendra.Hofting@gmail.com','9513076358'),
('CS0091','Amabile','Gomatam','Amabile.Gomatam@gmail.com','9513076359'),
('CS0092','Valdiodio','Niizuma','Valdiodio.Niizuma@gmail.com','9513076360'),
('CS0093','Sailaja','Desikan','Sailaja.Desikan@gmail.com','2754596375'),
('CS0094','Arumugam','Ossenbruggen','Arumugam.Ossenbruggen@gmail.com','8456679320'),
('CS0095','Hilari','Morton','Hilari.Morton@gmail.com','6103940372'),
('CS0096','Jayson','Mandell','Jayson.Mandell@gmail.com','6103940373'),
('CS0097','Remzi','Waschkowski','Remzi.Waschkowski@gmail.com','3749278236'),
('CS0098','Sreekrishna','Servieres','Sreekrishna.Servieres@gmail.com','4971612807'),
('CS0099','Valter','Sullins','Valter.Sullins@gmail.com','4971612808'),
('CS0100','Hironobu','Haraldson','Hironobu.Haraldson@gmail.com','4469713511'),
('CS0101','Perla','Heyers','Perla.Heyers@gmail.com','5604278364'),
('CS0102','Paraskevi','Luby','Paraskevi.Luby@gmail.com','5604278365'),
('CS0103','Akemi','Birch','Akemi.Birch@gmail.com','6446970806'),
('CS0104','Xinyu','Warwick','Xinyu.Warwick@gmail.com','9037238229'),
('CS0105','Hironoby','Piveteau','Hironoby.Piveteau@gmail.com','9037238230'),
('CS0106','Eben','Aingworth','Eben.Aingworth@gmail.com','5758318442'),
('CS0107','Dung','Baca','Dung.Baca@gmail.com','1715869880'),
('CS0108','Lunjin','Giveon','Lunjin.Giveon@gmail.com','3555634878'),
('CS0109','Mariusz','Prampolini','Mariusz.Prampolini@gmail.com','6654313941'),
('CS0110','Xuejia','Ullian','Xuejia.Ullian@gmail.com','1358204074'),
('CS0111','Hugo','Rosis','Hugo.Rosis@gmail.com','3845669537'),
('CS0112','Yuichiro','Swick','Yuichiro.Swick@gmail.com','3845669538'),
('CS0113','Jaewon','Syrzycki','Jaewon.Syrzycki@gmail.com','1261845686'),
('CS0114','Munir','Demeyer','Munir.Demeyer@gmail.com','3192159511'),
('CS0115','Chikara','Rissland','Chikara.Rissland@gmail.com','4256496990'),
('CS0116','Dayanand','Czap','Dayanand.Czap@gmail.com','4256496991'),
('CS0117','Kiyotoshi','Blokdijk','Kiyotoshi.Blokdijk@gmail.com','4565743483'),
('CS0118','Zhonghui','Zyda','Zhonghui.Zyda@gmail.com','4565743484'),
('CS0119','Domenick','Peltason','Domenick.Peltason@gmail.com','4565743485'),
('CS0120','Armond','Fairtlough','Armond.Fairtlough@gmail.com','1758969473'),
('CS0121','Guoxiang','Ramsay','Guoxiang.Ramsay@gmail.com','1758969474'),
('CS0122','Ohad','Esposito','Ohad.Esposito@gmail.com','1758969475'),
('CS0123','Hinrich','Randi','Hinrich.Randi@gmail.com','6608617324'),
('CS0124','Geraldo','Marwedel','Geraldo.Marwedel@gmail.com','6608617325'),
('CS0125','Syozo','Hiltgen','Syozo.Hiltgen@gmail.com','8856142560'),
('CS0126','Kayoko','Valtorta','Kayoko.Valtorta@gmail.com','6014645787'),
('CS0127','Subir','Baja','Subir.Baja@gmail.com','6014645788'),
('CS0128','Babette','Lamba','Babette.Lamba@gmail.com','5337396596'),
('CS0129','Armond','Peir','Armond.Peir@gmail.com','4707664449'),
('CS0130','Nishit','Casperson','Nishit.Casperson@gmail.com','8786488002'),
('CS0131','Magdalena','Eldridge','Magdalena.Eldridge@gmail.com','3201445636'),
('CS0132','Ayakannu','Skrikant','Ayakannu.Skrikant@gmail.com','4405496823'),
('CS0133','Giri','Isaak','Giri.Isaak@gmail.com','9591186515'),
('CS0134','Diederik','Siprelle','Diederik.Siprelle@gmail.com','9591186516'),
('CS0135','Nathan','Monkewich','Nathan.Monkewich@gmail.com','8518107191'),
('CS0136','Zissis','Pintelas','Zissis.Pintelas@gmail.com','8518107192'),
('CS0137','Maren','Hutton','Maren.Hutton@gmail.com','8021734188'),
('CS0138','Perry','Shimshoni','Perry.Shimshoni@gmail.com','3115599990'),
('CS0139','Ewing','Foong','Ewing.Foong@gmail.com','5963354027'),
('CS0140','Yucel','Auria','Yucel.Auria@gmail.com','9981024319'),
('CS0141','Shahaf','Ishibashi','Shahaf.Ishibashi@gmail.com','9981024320'),
('CS0142','Tzvetan','Hettesheimer','Tzvetan.Hettesheimer@gmail.com','5232841173'),
('CS0143','Sakthirel','Bakhtari','Sakthirel.Bakhtari@gmail.com','6827880921'),
('CS0144','Marla','Brendel','Marla.Brendel@gmail.com','6827880922'),
('CS0145','Akemi','Esposito','Akemi.Esposito@gmail.com','9409161708'),
('CS0146','Chenyi','Syang','Chenyi.Syang@gmail.com','5994797143'),
('CS0147','Kazuhito','Encarnacion','Kazuhito.Encarnacion@gmail.com','1945146250'),
('CS0148','Douadi','Azumi','Douadi.Azumi@gmail.com','6054621975'),
('CS0149','Xiadong','Perry','Xiadong.Perry@gmail.com','8002189724'),
('CS0150','Zhenbing','Perng','Zhenbing.Perng@gmail.com','8002189725'),
('CS0151','Itzchak','Lichtner','Itzchak.Lichtner@gmail.com','1305751451'),
('CS0152','Jaques','Munro','Jaques.Munro@gmail.com','7807290513'),
('CS0153','Heekeun','Majewski','Heekeun.Majewski@gmail.com','2709361024'),
('CS0154','Abdulah','Thibadeau','Abdulah.Thibadeau@gmail.com','2123575802'),
('CS0155','Adas','Nastansky','Adas.Nastansky@gmail.com','3635919833'),
('CS0156','Sumali','Fargier','Sumali.Fargier@gmail.com','3088535308'),
('CS0157','Nigel','Aloisi','Nigel.Aloisi@gmail.com','5055312951'),
('CS0158','Khedija','Mitsuhashi','Khedija.Mitsuhashi@gmail.com','5835060181'),
('CS0159','Serif','Buescher','Serif.Buescher@gmail.com','5835060182'),
('CS0160','Debatosh','Khasidashvili','Debatosh.Khasidashvili@gmail.com','2724757047'),
('CS0161','Hairong','Mellouli','Hairong.Mellouli@gmail.com','2724757048'),
('CS0162','Florina','Eugenio','Florina.Eugenio@gmail.com','8715255326'),
('CS0163','Karsten','Szmurlo','Karsten.Szmurlo@gmail.com','9062873813'),
('CS0164','Jagoda','Braunmuhl','Jagoda.Braunmuhl@gmail.com','5195396640'),
('CS0165','Miyeon','Macedo','Miyeon.Macedo@gmail.com','5195396641'),
('CS0166','Samphel','Siegrist','Samphel.Siegrist@gmail.com','2993923863'),
('CS0167','Duangkaew','Rassart','Duangkaew.Rassart@gmail.com','7744676424'),
('CS0168','Dharmaraja','Stassinopoulos','Dharmaraja.Stassinopoulos@gmail.com','1381933944'),
('CS0169','Sampalli','Snedden','Sampalli.Snedden@gmail.com','9226563574'),
('CS0170','Kasturi','Jenevein','Kasturi.Jenevein@gmail.com','1798467624'),
('CS0171','Herbert','Trachtenberg','Herbert.Trachtenberg@gmail.com','3168102478'),
('CS0172','Shigeu','Matzen','Shigeu.Matzen@gmail.com','4295642215'),
('CS0173','Shrikanth','Mahmud','Shrikanth.Mahmud@gmail.com','4295642216'),
('CS0174','Badri','Furudate','Badri.Furudate@gmail.com','7032596053'),
('CS0175','Aleksandar','Ananiadou','Aleksandar.Ananiadou@gmail.com','7032596054'),
('CS0176','Brendon','Lenart','Brendon.Lenart@gmail.com','7032596055'),
('CS0177','Pragnesh','Iisaka','Pragnesh.Iisaka@gmail.com','2388547937'),
('CS0178','Valery','Litvinov','Valery.Litvinov@gmail.com','2388547938'),
('CS0179','Deniz','Duclos','Deniz.Duclos@gmail.com','5037316441'),
('CS0180','Shaw','Wendorf','Shaw.Wendorf@gmail.com','5037316442'),
('CS0181','Sibyl','Nooteboom','Sibyl.Nooteboom@gmail.com','6778018753'),
('CS0182','Moriyoshi','Merey','Moriyoshi.Merey@gmail.com','5084810030'),
('CS0183','Mechthild','Bonifati','Mechthild.Bonifati@gmail.com','5801586597'),
('CS0184','Mihalis','Lowrie','Mihalis.Lowrie@gmail.com','2921161054'),
('CS0185','Duro','Sidhu','Duro.Sidhu@gmail.com','4755047773'),
('CS0186','Shigehito','Kropatsch','Shigehito.Kropatsch@gmail.com','2011567465'),
('CS0187','Tommaso','Narwekar','Tommaso.Narwekar@gmail.com','1615170954'),
('CS0188','Christ','Muchinsky','Christ.Muchinsky@gmail.com','3646508064'),
('CS0189','Khalid','Erva','Khalid.Erva@gmail.com','7326641953'),
('CS0190','Arve','Fairtlough','Arve.Fairtlough@gmail.com','6696225273'),
('CS0191','Zdislav','Nastansky','Zdislav.Nastansky@gmail.com','6696225274'),
('CS0192','Mohua','Falck','Mohua.Falck@gmail.com','1626608196'),
('CS0193','Masaru','Cheshire','Masaru.Cheshire@gmail.com','1626608197'),
('CS0194','Josyula','Hofmeyr','Josyula.Hofmeyr@gmail.com','9278248433'),
('CS0195','Annemarie','Redmiles','Annemarie.Redmiles@gmail.com','9359719145'),
('CS0196','Marc','Hellwagner','Marc.Hellwagner@gmail.com','3067482425'),
('CS0197','Kasidit','Krzyzanowski','Kasidit.Krzyzanowski@gmail.com','7845241493'),
('CS0198','Pranav','Furedi','Pranav.Furedi@gmail.com','5285559675'),
('CS0199','Kazuhisa','Ranta','Kazuhisa.Ranta@gmail.com','5285559676'),
('CS0200','Vidya','Awdeh','Vidya.Awdeh@gmail.com','2219046119'),
('CS0201','Idoia','Kavraki','Idoia.Kavraki@gmail.com','2219046120'),
('CS0202','Greger','Lichtner','Greger.Lichtner@gmail.com','4188756866'),
('CS0203','Steen','Escriba','Steen.Escriba@gmail.com','4188756867'),
('CS0204','Nevio','Ritcey','Nevio.Ritcey@gmail.com','7134809106'),
('CS0205','Mabhin','Leijenhorst','Mabhin.Leijenhorst@gmail.com','7464105130'),
('CS0206','Alassane','Iwayama','Alassane.Iwayama@gmail.com','2443572839'),
('CS0207','Girolamo','Anandan','Girolamo.Anandan@gmail.com','2443572840'),
('CS0208','Xiping','Klerer','Xiping.Klerer@gmail.com','6776093277'),
('CS0209','Yolla','Ellozy','Yolla.Ellozy@gmail.com','6776093278'),
('CS0210','Yuping','Alpin','Yuping.Alpin@gmail.com','5505707649'),
('CS0211','Vishu','Strehl','Vishu.Strehl@gmail.com','5505707650'),
('CS0212','Divier','Esteva','Divier.Esteva@gmail.com','5773860520'),
('CS0213','Jackson','Kakkad','Jackson.Kakkad@gmail.com','1379986889'),
('CS0214','Tadahiko','Ciolek','Tadahiko.Ciolek@gmail.com','1379986890'),
('CS0215','Xiaobin','Duclos','Xiaobin.Duclos@gmail.com','5858847792'),
('CS0216','Amstein','Ghemri','Amstein.Ghemri@gmail.com','7705783527'),
('CS0217','Yongmin','Roison','Yongmin.Roison@gmail.com','7247777402'),
('CS0218','Zhenhua','Magalhaes','Zhenhua.Magalhaes@gmail.com','7247777403'),
('CS0219','Genta','Kolvik','Genta.Kolvik@gmail.com','3912349493'),
('CS0220','Kish','Fasbender','Kish.Fasbender@gmail.com','3912349494'),
('CS0221','Yucai','Granlund','Yucai.Granlund@gmail.com','2976627653'),
('CS0222','Tze','Nourani','Tze.Nourani@gmail.com','2976627654'),
('CS0223','Carrsten','Schmiedel','Carrsten.Schmiedel@gmail.com','8615276830'),
('CS0224','Leon','Trogemann','Leon.Trogemann@gmail.com','8554601939'),
('CS0225','Kellie','Chinen','Kellie.Chinen@gmail.com','8554601940'),
('CS0226','Xinglin','Plessier','Xinglin.Plessier@gmail.com','7029202292'),
('CS0227','Anneli','Kaiser','Anneli.Kaiser@gmail.com','7029202293'),
('CS0228','Karoline','Cesareni','Karoline.Cesareni@gmail.com','8945070455'),
('CS0229','Ulises','Takanami','Ulises.Takanami@gmail.com','8945070456'),
('CS0230','Clyde','Vernadat','Clyde.Vernadat@gmail.com','6404277474'),
('CS0231','Shaowen','Desikan','Shaowen.Desikan@gmail.com','9398578068'),
('CS0232','Marko','Auria','Marko.Auria@gmail.com','5177335398'),
('CS0233','Lein','Vendrig','Lein.Vendrig@gmail.com','9574697349'),
('CS0234','Arunachalam','Bakhtari','Arunachalam.Bakhtari@gmail.com','7377345439'),
('CS0235','Susanta','Roccetti','Susanta.Roccetti@gmail.com','7858186829'),
('CS0236','Susumu','Bade','Susumu.Bade@gmail.com','6919607950'),
('CS0237','Yannis','Mandell','Yannis.Mandell@gmail.com','1413630839'),
('CS0238','Mototsugu','Gire','Mototsugu.Gire@gmail.com','6154087705'),
('CS0239','Nikolaos','Llado','Nikolaos.Llado@gmail.com','6154087706'),
('CS0240','Remko','Maccarone','Remko.Maccarone@gmail.com','9436585772'),
('CS0241','Ortrud','Murillo','Ortrud.Murillo@gmail.com','9436585773'),
('CS0242','Lunjin','Ozeri','Lunjin.Ozeri@gmail.com','6926107219'),
('CS0243','Wonhee','Pouyioutas','Wonhee.Pouyioutas@gmail.com','6926107220'),
('CS0244','Foong','Flasterstein','Foong.Flasterstein@gmail.com','6926107221'),
('CS0245','Ramalingam','Gente','Ramalingam.Gente@gmail.com','1777121163'),
('CS0246','Basem','Teitelbaum','Basem.Teitelbaum@gmail.com','5155983351'),
('CS0247','Heon','Riefers','Heon.Riefers@gmail.com','9096577010'),
('CS0248','Frederique','Tempesti','Frederique.Tempesti@gmail.com','6212824315'),
('CS0249','Marie','Boreale','Marie.Boreale@gmail.com','5655301901'),
('CS0250','Serap','Etalle','Serap.Etalle@gmail.com','5655301902'),
('CS0251','Alair','Rosenbaum','Alair.Rosenbaum@gmail.com','2211537818'),
('CS0252','Shirish','Wegerle','Shirish.Wegerle@gmail.com','5672428553'),
('CS0253','Zsolt','Salinas','Zsolt.Salinas@gmail.com','5672428554'),
('CS0254','Shen','Brattka','Shen.Brattka@gmail.com','2269908334'),
('CS0255','Roddy','Garnick','Roddy.Garnick@gmail.com','9636183936'),
('CS0256','Irene','Radhakrishnan','Irene.Radhakrishnan@gmail.com','9636183937'),
('CS0257','Aiman','Riexinger','Aiman.Riexinger@gmail.com','5605333577'),
('CS0258','Basil','Ishibashi','Basil.Ishibashi@gmail.com','5605333578'),
('CS0259','Susanna','Vesel','Susanna.Vesel@gmail.com','6782789609'),
('CS0260','Alper','Suomi','Alper.Suomi@gmail.com','6782789610'),
('CS0261','Mang','Erie','Mang.Erie@gmail.com','1596807921'),
('CS0262','Mahendra','Maraist','Mahendra.Maraist@gmail.com','1596807922'),
('CS0263','Takahiro','Waterhouse','Takahiro.Waterhouse@gmail.com','6654718093'),
('CS0264','Nalini','Kawashimo','Nalini.Kawashimo@gmail.com','6152912936'),
('CS0265','Ramalingam','Muniz','Ramalingam.Muniz@gmail.com','6152912937'),
('CS0266','Sukumar','Rassart','Sukumar.Rassart@gmail.com','1339474353'),
('CS0267','Shaunak','Cullers','Shaunak.Cullers@gmail.com','1339474354'),
('CS0268','Nishit','Siochi','Nishit.Siochi@gmail.com','4544882347'),
('CS0269','Taizo','Oxman','Taizo.Oxman@gmail.com','4544882348'),
('CS0270','Bedir','Hartvigsen','Bedir.Hartvigsen@gmail.com','6712601052'),
('CS0271','Sham','Eastman','Sham.Eastman@gmail.com','9957181899'),
('CS0272','Yishai','Cannane','Yishai.Cannane@gmail.com','3307929306'),
('CS0273','Baocai','Lieblein','Baocai.Lieblein@gmail.com','3307929307'),
('CS0274','Dmitri','Pearson','Dmitri.Pearson@gmail.com','8224046599'),
('CS0275','Marek','Luck','Marek.Luck@gmail.com','8224046600'),
('CS0276','Xuejun','Hempstead','Xuejun.Hempstead@gmail.com','3045531314'),
('CS0277','Isaac','Schwartzbauer','Isaac.Schwartzbauer@gmail.com','8498781350'),
('CS0278','Lubomir','Nitsch','Lubomir.Nitsch@gmail.com','6519545706'),
('CS0279','Barton','Jumpertz','Barton.Jumpertz@gmail.com','9751863275'),
('CS0280','Stabislas','Delgrange','Stabislas.Delgrange@gmail.com','2598377467'),
('CS0281','Moty','Kusakari','Moty.Kusakari@gmail.com','9552546266'),
('CS0282','Hercules','Benzmuller','Hercules.Benzmuller@gmail.com','5108812776'),
('CS0283','Kauko','Birjandi','Kauko.Birjandi@gmail.com','5108812777'),
('CS0284','Masali','Murrill','Masali.Murrill@gmail.com','3036872112'),
('CS0285','Zhonghui','Preusig','Zhonghui.Preusig@gmail.com','1191424923'),
('CS0286','Saddek','Gopalakrishnan','Saddek.Gopalakrishnan@gmail.com','3618419483'),
('CS0287','Marie','Pietracaprina','Marie.Pietracaprina@gmail.com','4454632036'),
('CS0288','Selwyn','Perri','Selwyn.Perri@gmail.com','9402832494'),
('CS0289','Shay','Poulakidas','Shay.Poulakidas@gmail.com','9402832495'),
('CS0290','Yongmao','Pleszkun','Yongmao.Pleszkun@gmail.com','6093978181'),
('CS0291','Dipayan','Seghrouchni','Dipayan.Seghrouchni@gmail.com','6093978182'),
('CS0292','Yucel','Ghelli','Yucel.Ghelli@gmail.com','4153918622'),
('CS0293','Mihalis','Avouris','Mihalis.Avouris@gmail.com','4153918623'),
('CS0294','Rutger','Miara','Rutger.Miara@gmail.com','4153918624'),
('CS0295','Kristine','Velardi','Kristine.Velardi@gmail.com','6208468310'),
('CS0296','Petter','Lorho','Petter.Lorho@gmail.com','2467518770'),
('CS0297','Narain','Oaver','Narain.Oaver@gmail.com','1312744339'),
('CS0298','Dietrich','DuCasse','Dietrich.DuCasse@gmail.com','7689433582'),
('CS0299','Ipke','Stentiford','Ipke.Stentiford@gmail.com','3963789449'),
('CS0300','Tadahiko','Ulupinar','Tadahiko.Ulupinar@gmail.com','6857807436'),
('CS0301','Lucien','Staudhammer','Lucien.Staudhammer@gmail.com','1094412458'),
('CS0302','Faiza','Baer','Faiza.Baer@gmail.com','9139068441'),
('CS0303','Marlo','Zschoche','Marlo.Zschoche@gmail.com','9139068442'),
('CS0304','Bernt','Erie','Bernt.Erie@gmail.com','1704430516'),
('CS0305','Hirochika','Piancastelli','Hirochika.Piancastelli@gmail.com','8979249172'),
('CS0306','Heng','Kilgour','Heng.Kilgour@gmail.com','9627698706'),
('CS0307','Nikolaos','Leaver','Nikolaos.Leaver@gmail.com','1581409215'),
('CS0308','Dzung','Holburn','Dzung.Holburn@gmail.com','1581409216'),
('CS0309','Prodip','Schusler','Prodip.Schusler@gmail.com','2304175878'),
('CS0310','Aksel','Alencar','Aksel.Alencar@gmail.com','6071150976'),
('CS0311','Hsiangchu','Molenkamp','Hsiangchu.Molenkamp@gmail.com','6071150977'),
('CS0312','Rasiah','Deyuan','Rasiah.Deyuan@gmail.com','9799412866'),
('CS0313','Subbu','Riexinger','Subbu.Riexinger@gmail.com','9799412867'),
('CS0314','Christfried','Apsitis','Christfried.Apsitis@gmail.com','9799412868'),
('CS0315','Maris','Angelopoulos','Maris.Angelopoulos@gmail.com','3987374831'),
('CS0316','Christoper','Schwaller','Christoper.Schwaller@gmail.com','3987374832'),
('CS0317','Arie','Birge','Arie.Birge@gmail.com','3987374833'),
('CS0318','Mototsugu','Beilner','Mototsugu.Beilner@gmail.com','4433346477'),
('CS0319','Mechthild','Miyakawa','Mechthild.Miyakawa@gmail.com','4433346478'),
('CS0320','Uinam','Stasinski','Uinam.Stasinski@gmail.com','3908426160'),
('CS0321','Guenter','Ravishankar','Guenter.Ravishankar@gmail.com','9585207861'),
('CS0322','Isamu','Dahlbom','Isamu.Dahlbom@gmail.com','9585207862'),
('CS0323','Kankanahalli','Hinsberger','Kankanahalli.Hinsberger@gmail.com','9585207863'),
('CS0324','Bernardo','Rouquie','Bernardo.Rouquie@gmail.com','4743458268'),
('CS0325','Arunachalam','Badr','Arunachalam.Badr@gmail.com','4743458269'),
('CS0326','Masali','Czap','Masali.Czap@gmail.com','6362152441'),
('CS0327','Roded','Facello','Roded.Facello@gmail.com','6362152442'),
('CS0328','Serenella','Kawashima','Serenella.Kawashima@gmail.com','2185668321'),
('CS0329','Remko','Shigei','Remko.Shigei@gmail.com','2185668322'),
('CS0330','Kasturi','Bellmore','Kasturi.Bellmore@gmail.com','7807665194'),
('CS0331','Arto','Binkley','Arto.Binkley@gmail.com','7807665195'),
('CS0332','Masanao','Bain','Masanao.Bain@gmail.com','3179037791'),
('CS0333','Snehasis','Dymetman','Snehasis.Dymetman@gmail.com','3179037792'),
('CS0334','Falguni','Erie','Falguni.Erie@gmail.com','6859678364'),
('CS0335','Toshimori','Bahi','Toshimori.Bahi@gmail.com','6859678365'),
('CS0336','Goa','Rothe','Goa.Rothe@gmail.com','9709880877'),
('CS0337','Jeong','Sadowsky','Jeong.Sadowsky@gmail.com','4275392916'),
('CS0338','Heon','Ranai','Heon.Ranai@gmail.com','2013984375'),
('CS0339','Teunis','Liedekerke','Teunis.Liedekerke@gmail.com','2013984376'),
('CS0340','Djelloul','Laventhal','Djelloul.Laventhal@gmail.com','3259438881'),
('CS0341','Wilmer','Greenaway','Wilmer.Greenaway@gmail.com','3259438882'),
('CS0342','Stella','Hiroyama','Stella.Hiroyama@gmail.com','6814002720'),
('CS0343','Dinah','Syrzycki','Dinah.Syrzycki@gmail.com','3702025960'),
('CS0344','Gamaliel','Budgett','gbudgett1@reddit.com',1186315050),
('CS0345','Bentley','Batkin','bbatkin2@discuz.net',6259493516),
('CS0346','Addia','Jacquemard','ajacquemard3@weather.com',5959313483),
('CS0347','Ketti','Gifkins','kgifkins4@google.ca',9082961094),
('CS0348','Emmalee','Quernel','equernel5@google.com.au',2279290055),
('CS0349','Alfredo','Guard','aguard6@1688.com',2878090177),
('CS0350','Dolf','Rubinshtein','drubinshtein7@flavors.me',4229735909),
('CS0351','Mallory','Blincoe','mblincoe8@ucsd.edu',4843045945),
('CS0352','Dallon','Bulfoot','dbulfoot9@nsw.gov.au',2729509916),
('CS0353','Timothee','Burtonshaw','tburtonshawa@mlb.com',3626912491),
('CS0354','Desmund','Leek','dleekb@sina.com.cn',4979257976),
('CS0355','Bron','Sewell','bsewellc@msn.com',8123106133),
('CS0356','Dian','Broxap','dbroxapd@spotify.com',6611381878),
('CS0357','Giff','Evreux','gevreuxe@vkontakte.ru',7145337640),
('CS0358','Lana','Handford','lhandfordf@jalbum.net',5393708250),
('CS0359','Giff','Coult','gcoultg@si.edu',6636092910),
('CS0360','Hillary','Kenninghan','hkenninghanh@nature.com',4911749852),
('CS0361','Spense','De Vile','sdevilei@engadget.com',3647101473),
('CS0362','Noni','Caras','ncarasj@delicious.com',9725838305),
('CS0363','Hort','Cluckie','hcluckiek@creativecommons.org',3241501298),
('CS0364','Suzanne','Budgeon','sbudgeonl@technorati.com',9143235599),
('CS0365','Wells','Cosby','wcosbym@diigo.com',8593498873),
('CS0366','Haily','Radley','hradleyn@biblegateway.com',7213395855),
('CS0367','Creigh','Follows','cfollowso@engadget.com',4581742975),
('CS0368','Caryn','Templar','ctemplarp@netlog.com',4938670074),
('CS0369','Thane','Sign','tsignq@wordpress.com',3886691055),
('CS0370','Jenelle','Loughney','jloughneyr@vimeo.com',9468522052),
('CS0371','Alexandrina','Cannell','acannells@youku.com',8458546445),
('CS0372','Gypsy','Baldung','gbaldungt@pagesperso-orange.fr',8441137723),
('CS0373','Kendell','Crossdale','kcrossdaleu@hao123.com',1053766011),
('CS0374','Alfredo','Warbys','awarbysv@google.co.uk',1628106552),
('CS0375','Sib','Crawforth','scrawforthw@ebay.com',2286837265),
('CS0376','Hendrika','Colkett','hcolkettx@about.me',5082461254),
('CS0377','Valma','de Villier','vdevilliery@myspace.com',8698264934),
('CS0378','Adrea','Fanthome','afanthomez@ftc.gov',9175941282),
('CS0379','Jonell','Revans','jrevans10@washington.edu',1203395793),
('CS0380','Kaitlin','Wilkins','kwilkins11@youku.com',7702527304),
('CS0381','Wynne','Baudet','wbaudet12@youku.com',6271232408),
('CS0382','Jo-anne','Salt','jsalt13@toplist.cz',3596561568),
('CS0383','Diana','Cliburn','dcliburn14@paypal.com',7378404552),
('CS0384','Paola','Lerwill','plerwill15@apple.com',5368678706),
('CS0385','Neddie','Ogilby','nogilby16@geocities.com',9023904312),
('CS0386','Regine','MacCafferky','rmaccafferky17@over-blog.com',9779840585),
('CS0387','Sebastien','Otto','sotto18@privacy.gov.au',3532040056),
('CS0388','Olav','Thomassen','othomassen19@chicagotribune.com',1199870173),
('CS0389','Delila','Grabiec','dgrabiec1a@illinois.edu',3824532393),
('CS0390','Bernetta','Habron','bhabron1b@wunderground.com',4026355887),
('CS0391','Waylon','Filoniere','wfiloniere1c@jalbum.net',2577828640),
('CS0392','Stefanie','Fonteyne','sfonteyne1d@wsj.com',9756927061),
('CS0393','Constancia','Croasdale','ccroasdale1e@fastcompany.com',7516712731),
('CS0394','Shoshana','Hatrey','shatrey1f@angelfire.com',6851922654),
('CS0395','Netta','Kestian','nkestian1g@gmpg.org',1477204061),
('CS0396','Ozzy','Esselen','oesselen1h@unblog.fr',7095582382),
('CS0397','Cori','Downage','cdownage1i@homestead.com',7771214506),
('CS0398','Bernetta','Shulem','bshulem1j@ezinearticles.com',2675331781),
('CS0399','Ichabod','Collocott','icollocott1k@merriam-webster.com',5423719912),
('CS0400','Quintana','Kembley','qkembley1l@shutterfly.com',3022771354),
('CS0401','Cindy','Mumbray','cmumbray1m@artisteer.com',5846094913),
('CS0402','Kissie','Elder','kelder1n@webnode.com',8055630196),
('CS0403','Agata','Mulcahy','amulcahy1o@360.cn',2837133051),
('CS0404','Alan','Walklate','awalklate1p@usa.gov',1412579429),
('CS0405','Sterling','Christophe','schristophe1q@ed.gov',4584395789),
('CS0406','Una','Cowley','ucowley1r@ca.gov',5848587789),
('CS0407','Aloisia','Preston','apreston1s@istockphoto.com',9395782372),
('CS0408','Josi','Antony','jantony1t@chicagotribune.com',2054850713),
('CS0409','Gabriell','Prahm','gprahm1u@huffingtonpost.com',4105231807),
('CS0410','Cherida','Heinrich','cheinrich1v@blogtalkradio.com',3483762313),
('CS0411','Fifine','Whiles','fwhiles1w@columbia.edu',8563776363),
('CS0412','Corine','Pomphrett','cpomphrett1x@npr.org',4663681262),
('CS0413','Marlin','Favel','mfavel1y@seesaa.net',9249282909),
('CS0414','Lurette','Rodway','lrodway1z@cargocollective.com',6877314203),
('CS0415','Ingemar','Briars','ibriars20@webmd.com',6091104626),
('CS0416','Wallis','Cathenod','wcathenod21@macromedia.com',1062772168),
('CS0417','Pincus','Fassbender','pfassbender22@timesonline.co.uk',2665346804),
('CS0418','Loni','Lipscombe','llipscombe23@alibaba.com',7931766013),
('CS0419','Godard','Landeaux','glandeaux24@issuu.com',9565314219),
('CS0420','Ezechiel','Braemer','ebraemer25@quantcast.com',2072753411),
('CS0421','Shelby','Jeskins','sjeskins26@youtu.be',1578194882),
('CS0422','Heida','Ellor','hellor27@uiuc.edu',1534017199),
('CS0423','Onofredo','Kemmis','okemmis28@ask.com',1494702524),
('CS0424','Kalina','Thickett','kthickett29@disqus.com',2722603817),
('CS0425','Reade','Sparry','rsparry2a@sakura.ne.jp',6808307443),
('CS0426','Prudence','Petherick','ppetherick2b@theatlantic.com',9957025332),
('CS0427','Thorin','Elstone','telstone2c@opensource.org',5738819251),
('CS0428','Mathilda','Damato','mdamato2d@linkedin.com',6266146732),
('CS0429','Revkah','Discombe','rdiscombe2e@creativecommons.org',5662909763),
('CS0430','Bartolemo','Rolance','brolance2f@wix.com',8691176184),
('CS0431','Elysha','Housby','ehousby2g@yolasite.com',8173680281),
('CS0432','Lars','Featherbie','lfeatherbie2h@naver.com',9966960456),
('CS0433','Audy','Berlin','aberlin2i@histats.com',9899659814),
('CS0434','Bondie','Nern','bnern2j@godaddy.com',5069842105),
('CS0435','Mayne','Relph','mrelph2k@twitpic.com',5786978054),
('CS0436','Gabriel','Possek','gpossek2l@ed.gov',6211367089),
('CS0437','Bowie','Heliot','bheliot2m@youtu.be',9379140096),
('CS0438','Phillie','Dusting','pdusting2n@sina.com.cn',3196182567),
('CS0439','Cyndia','Reddel','creddel2o@vkontakte.ru',7134057305),
('CS0440','Timmie','Aynsley','taynsley2p@usatoday.com',2229114538),
('CS0441','Mano','Beeken','mbeeken2q@un.org',7739565158),
('CS0442','Lynnell','Posner','lposner2r@dell.com',4024941385),
('CS0443','Leonelle','Kirsche','lkirsche2s@e-recht24.de',9529866494),
('CS0444','Rivkah','Shuard','rshuard2t@techcrunch.com',8486986377),
('CS0445','Diann','Munkley','dmunkley2u@amazon.com',9439889353),
('CS0446','Luci','Ambrosoli','lambrosoli2v@microsoft.com',4913404631),
('CS0447','Hillel','Cantua','hcantua2w@networkadvertising.org',9599466829),
('CS0448','Joelle','Ofield','jofield2x@google.es',1231537059),
('CS0449','Shoshanna','Buller','sbuller2y@dot.gov',4553361743),
('CS0450','Harmonia','Silcock','hsilcock2z@angelfire.com',7357172289),
('CS0451','Sebastiano','Legerwood','slegerwood30@home.pl',2188133053),
('CS0452','Amabel','Webermann','awebermann31@ifeng.com',2725117917),
('CS0453','Haven','Dicks','hdicks32@ucoz.ru',7086059191),
('CS0454','Danica','Dedden','ddedden33@gravatar.com',7327020921),
('CS0455','Tedie','O''Shea','toshea34@weather.com',5762762884),
('CS0456','Haskell','Hards','hhards35@mapquest.com',7516292373),
('CS0457','Rosina','Hurdman','rhurdman36@cbc.ca',2262947809),
('CS0458','Bartholomeus','Cockram','bcockram37@washingtonpost.com',5349189115),
('CS0459','Chrissie','Di Maggio','cdimaggio38@illinois.edu',1626077219),
('CS0460','Blinny','Jaegar','bjaegar39@statcounter.com',5878163328),
('CS0461','Wolfgang','Hasely','whasely3a@blogger.com',8121657680),
('CS0462','Margalit','Rogge','mrogge3b@un.org',8705468434),
('CS0463','Les','Bladder','lbladder3c@dedecms.com',4037632514),
('CS0464','Elsbeth','Hinrich','ehinrich3d@cocolog-nifty.com',7154672986),
('CS0465','Klement','Pawlata','kpawlata3e@163.com',9778355631),
('CS0466','Parsifal','Punt','ppunt3f@epa.gov',1204528420),
('CS0467','Gabbie','Saffe','gsaffe3g@indiatimes.com',2767166879),
('CS0468','Hirsch','Maudling','hmaudling3h@1und1.de',4019026149),
('CS0469','Nathanael','McFayden','nmcfayden3i@weebly.com',8713099267),
('CS0470','Forbes','Kuhle','fkuhle3j@youku.com',8985991818),
('CS0471','Christiana','Burgisi','cburgisi3k@rambler.ru',8721645630),
('CS0472','Rip','Driussi','rdriussi3l@webnode.com',5629823051),
('CS0473','Cristal','Murra','cmurra3m@csmonitor.com',2512648913),
('CS0474','Hamish','Riddich','hriddich3n@newyorker.com',5987444564),
('CS0475','Terrance','Girardet','tgirardet3o@weibo.com',2255057756),
('CS0476','Valle','Healings','vhealings3p@amazon.com',9326463494),
('CS0477','Jonah','Haime','jhaime3q@geocities.com',3365312063),
('CS0478','Rogerio','Hinks','rhinks3r@gizmodo.com',8418261025),
('CS0479','Afton','Flanaghan','aflanaghan3s@1688.com',3091080800),
('CS0480','Sal','Lackie','slackie3t@drupal.org',4432867733),
('CS0481','Emery','Dorling','edorling3u@msn.com',5988175970),
('CS0482','Michale','Draaisma','mdraaisma3v@hubpages.com',3657127191),
('CS0483','Gael','Bartot','gbartot3w@sfgate.com',9019944450),
('CS0484','Tracie','Pembry','tpembry3x@dyndns.org',3391664738),
('CS0485','Nana','Rusted','nrusted3y@list-manage.com',8071678931),
('CS0486','Goddart','Pretorius','gpretorius3z@dion.ne.jp',6063181980),
('CS0487','Rog','Willimot','rwillimot40@hatena.ne.jp',9119152500),
('CS0488','Karrah','Swinerd','kswinerd41@timesonline.co.uk',5164024034),
('CS0489','Alphard','Houndson','ahoundson42@mit.edu',1865390581),
('CS0490','Shelden','Beston','sbeston43@a8.net',7688698797),
('CS0491','Cati','Minchenton','cminchenton44@tinypic.com',3361179117),
('CS0492','Eleonore','Benditt','ebenditt45@rambler.ru',6638387451),
('CS0493','Cyndi','Fairpo','cfairpo46@foxnews.com',8722767271),
('CS0494','Georgeta','Moring','gmoring47@macromedia.com',7158934233),
('CS0495','Ysabel','Spellissy','yspellissy48@qq.com',4754806894),
('CS0496','Caril','Bestwall','cbestwall49@intel.com',8695372725),
('CS0497','Sanderson','Windress','swindress4a@diigo.com',3516722213),
('CS0498','Sergei','Crevagh','screvagh4b@devhub.com',8299448977),
('CS0499','Shepard','Cowtherd','scowtherd4c@bing.com',3467557060),
('CS0500','Sheffield','Lambillion','slambillion4d@storify.com',5618996803),
('CS0501','Tiff','Shayes','tshayes4e@1688.com',7439795073),
('CS0502','Martino','Paulon','mpaulon4f@mozilla.com',9672285963),
('CS0503','Chrysler','Avey','cavey4g@nature.com',6573465945),
('CS0504','Amargo','Ozanne','aozanne4h@paginegialle.it',9396465720),
('CS0505','Abner','Kirmond','akirmond4i@dion.ne.jp',3033828297),
('CS0506','Teador','Sorey','tsorey4j@unc.edu',7021850435),
('CS0507','Iris','Klimaszewski','iklimaszewski4k@gmpg.org',7652990260),
('CS0508','Van','Brearley','vbrearley4l@i2i.jp',8941952185),
('CS0509','Marinna','Perassi','mperassi4m@t-online.de',9841923811),
('CS0510','Towny','Tregear','ttregear4n@themeforest.net',6333382695),
('CS0511','Gerick','McRorie','gmcrorie4o@indiegogo.com',8413066607),
('CS0512','Brenden','Biddell','bbiddell4p@creativecommons.org',2059911497),
('CS0513','Leontine','Bellas','lbellas4q@chron.com',8359620202),
('CS0514','Ambrosi','Braddock','abraddock4r@google.it',8358125234),
('CS0515','Devon','Bruntjen','dbruntjen4s@redcross.org',5755102915),
('CS0516','Carita','Conochie','cconochie4t@bbb.org',4487189150),
('CS0517','Elberta','Janman','ejanman4u@wisc.edu',6707957807),
('CS0518','Allx','Pegram','apegram4v@lulu.com',9564756816),
('CS0519','Stephine','Noblet','snoblet4w@toplist.cz',7962696687),
('CS0520','Nelle','Lorenzo','nlorenzo4x@si.edu',1898856096),
('CS0521','Pattie','Doylend','pdoylend4y@wiley.com',9359247361),
('CS0522','Lana','Airs','lairs4z@wsj.com',5608521610),
('CS0523','Emmalynn','Izkovici','eizkovici50@timesonline.co.uk',1495673011),
('CS0524','Tye','Smissen','tsmissen51@list-manage.com',5136689629),
('CS0525','Lora','Cordner','lcordner52@mail.ru',5983234882),
('CS0526','Grete','Connor','gconnor53@reddit.com',4974849501),
('CS0527','Morgan','Radke','mradke54@house.gov',7493485804),
('CS0528','Fania','Couch','fcouch55@miitbeian.gov.cn',7712089427),
('CS0529','Aridatha','Ismead','aismead56@about.com',8279309136),
('CS0530','Nelson','Denington','ndenington57@foxnews.com',8065258139),
('CS0531','Brunhilda','Vernalls','bvernalls58@baidu.com',5022677112),
('CS0532','Gaspar','Cops','gcops59@wikipedia.org',6922260962),
('CS0533','Reese','Tumini','rtumini5a@godaddy.com',8775036500),
('CS0534','Melania','Hughlock','mhughlock5b@digg.com',9982593536),
('CS0535','Felic','Caroline','fcaroline5c@meetup.com',9946115400),
('CS0536','Galven','Gounet','ggounet5d@wikimedia.org',6755857233),
('CS0537','Nananne','Swynley','nswynley5e@ted.com',8649473916),
('CS0538','Marc','Mariot','mmariot5f@japanpost.jp',3128483139),
('CS0539','Mischa','Cripps','mcripps5g@123-reg.co.uk',2517168074),
('CS0540','Sayers','Meharg','smeharg5h@wordpress.org',1506857736),
('CS0541','Gaby','Hairyes','ghairyes5i@vinaora.com',3365025890),
('CS0542','Guglielmo','Braam','gbraam5j@state.tx.us',2425745580),
('CS0543','Shina','Prescote','sprescote5k@mayoclinic.com',7129392442),
('CS0544','Pierette','Theml','ptheml5l@privacy.gov.au',2323261987),
('CS0545','Daniella','Bottomore','dbottomore5m@mac.com',3983518618),
('CS0546','Wang','Ruckhard','wruckhard5n@biglobe.ne.jp',9721688224),
('CS0547','Nan','Mundwell','nmundwell5o@apple.com',4228288494),
('CS0548','Nelia','Skeel','nskeel5p@drupal.org',2584429784),
('CS0549','Joella','Bolger','jbolger5q@wired.com',4782877221),
('CS0550','Murial','Warby','mwarby5r@aboutads.info',4433382658),
('CS0551','Barb','Brake','bbrake5s@yelp.com',3067973223),
('CS0552','Beaufort','Pancast','bpancast5t@time.com',9109458493),
('CS0553','Arvie','Spellacey','aspellacey5u@yolasite.com',5789405489),
('CS0554','Kelley','Tyrie','ktyrie5v@cornell.edu',1938363560),
('CS0555','Jephthah','Tiler','jtiler5w@com.com',3217578268),
('CS0556','Sterne','Brandi','sbrandi5x@berkeley.edu',4836407813),
('CS0557','Caitrin','Citrine','ccitrine5y@liveinternet.ru',9022156944),
('CS0558','Gray','Hurlin','ghurlin5z@aol.com',7881253457),
('CS0559','Florie','Crake','fcrake60@ox.ac.uk',9221479244),
('CS0560','Anya','Obbard','aobbard61@redcross.org',3394284205),
('CS0561','Otho','Harrop','oharrop62@youku.com',1349208557),
('CS0562','Brynne','Byllam','bbyllam63@google.ca',4524475060),
('CS0563','Kris','Croisdall','kcroisdall64@cpanel.net',9186919149),
('CS0564','Aksel','Hiscoke','ahiscoke65@cpanel.net',3554609911),
('CS0565','Barthel','Carrabott','bcarrabott66@apple.com',2864233068),
('CS0566','Nicki','Betonia','nbetonia67@phpbb.com',5509299930),
('CS0567','Hedy','Leask','hleask68@foxnews.com',7001680537),
('CS0568','Christy','Kleewein','ckleewein69@meetup.com',7871586168),
('CS0569','Britteny','Kittless','bkittless6a@prlog.org',5707514970),
('CS0570','Reggis','Mair','rmair6b@prnewswire.com',2101834419),
('CS0571','Babs','Edgeson','bedgeson6c@java.com',7091184166),
('CS0572','Derward','McHarry','dmcharry6d@newyorker.com',2949052858),
('CS0573','Obediah','Dolton','odolton6e@google.nl',5927765463),
('CS0574','Alia','Chismon','achismon6f@discuz.net',7055047918),
('CS0575','Jamil','Darkott','jdarkott6g@liveinternet.ru',2466478082),
('CS0576','Rivalee','McPaik','rmcpaik6h@nhs.uk',2108625902),
('CS0577','Charity','Greguoli','cgreguoli6i@baidu.com',1496834363),
('CS0578','Bernadine','Heater','bheater6j@themeforest.net',7685671747),
('CS0579','Ruperto','Hallgalley','rhallgalley6k@nbcnews.com',2722337351),
('CS0580','Brandise','Chezelle','bchezelle6l@about.com',2539705962),
('CS0581','Cynthy','McCartan','cmccartan6m@so-net.ne.jp',3183825234),
('CS0582','Moshe','Castree','mcastree6n@paginegialle.it',4327383936),
('CS0583','Ryan','Baitey','rbaitey6o@narod.ru',5843893387),
('CS0584','Betta','Rego','brego6p@dropbox.com',2357795858),
('CS0585','Marcello','Shurville','mshurville6q@state.gov',9429419987),
('CS0586','Orville','Whittick','owhittick6r@etsy.com',7258917890),
('CS0587','Kaye','MacNelly','kmacnelly6s@drupal.org',6543170976),
('CS0588','Goober','Drissell','gdrissell6t@craigslist.org',5019095961),
('CS0589','Brooks','Matis','bmatis6u@google.com.au',9121060837),
('CS0590','Ben','Mansell','bmansell6v@icq.com',5569348831),
('CS0591','David','Rist','drist6w@weebly.com',9972972752),
('CS0592','Omero','McEvilly','omcevilly6x@joomla.org',9638648197),
('CS0593','Elena','Longbottom','elongbottom6y@nbcnews.com',1827947106),
('CS0594','Celestyn','Clemintoni','cclemintoni6z@edublogs.org',4886242429),
('CS0595','Joli','Hanlon','jhanlon70@gmpg.org',1683137590),
('CS0596','Taddeo','holmes','tholmes71@pcworld.com',7825685504),
('CS0597','Camala','Willment','cwillment72@examiner.com',4548727941),
('CS0598','Desmund','Geggie','dgeggie73@upenn.edu',7018093948),
('CS0599','Kevan','Cheverton','kcheverton74@boston.com',4075501586),
('CS0600','Ripley','Mapstone','rmapstone75@yolasite.com',7726392054),
('CS0601','Tersina','Yurygyn','tyurygyn76@uiuc.edu',7373967290),
('CS0602','Cristen','MacTeggart','cmacteggart77@eepurl.com',3626361599),
('CS0603','Matty','Trengove','mtrengove78@wisc.edu',9349531104),
('CS0604','Archibold','Filov','afilov79@ovh.net',4678822392),
('CS0605','Ray','Bairnsfather','rbairnsfather7a@moonfruit.com',4242650568),
('CS0606','Flin','Wyre','fwyre7b@canalblog.com',5416610928),
('CS0607','Kalindi','Trubshawe','ktrubshawe7c@timesonline.co.uk',3582095904),
('CS0608','Kevina','Ciementini','kciementini7d@ow.ly',3014778530),
('CS0609','Alanna','Simoncelli','asimoncelli7e@php.net',9623947381),
('CS0610','Joey','Hurburt','jhurburt7f@army.mil',5627155287),
('CS0611','Fidelity','Hairon','fhairon7g@blogs.com',3735619963),
('CS0612','Arlee','Shillinglaw','ashillinglaw7h@hugedomains.com',9703937290),
('CS0613','Sella','Cockshtt','scockshtt7i@mashable.com',3992979905),
('CS0614','Vivian','Juris','vjuris7j@wikimedia.org',2135884384),
('CS0615','Erskine','Hovee','ehovee7k@blogger.com',3511683523),
('CS0616','Melvin','Ballantyne','mballantyne7l@dot.gov',6515031130),
('CS0617','Torrey','Lesper','tlesper7m@wisc.edu',2404995534),
('CS0618','Wilden','De Bruijne','wdebruijne7n@quantcast.com',7999621927),
('CS0619','Julie','MacDunleavy','jmacdunleavy7o@sbwire.com',4236126920),
('CS0620','Hyacinth','Farnon','hfarnon7p@scribd.com',3711686812),
('CS0621','Jody','McClarence','jmcclarence7q@meetup.com',9783116601),
('CS0622','Fae','Sivorn','fsivorn7r@usatoday.com',8945967952),
('CS0623','Marietta','Whight','mwhight7s@bravesites.com',6185063179),
('CS0624','Cesya','St. Quentin','cstquentin7t@list-manage.com',2059436715),
('CS0625','Rora','Musprat','rmusprat7u@webnode.com',6582580335),
('CS0626','Persis','Rhule','prhule7v@dropbox.com',3178212265),
('CS0627','Kettie','Newsome','knewsome7w@tumblr.com',6711602944),
('CS0628','Bobette','Aherne','baherne7x@com.com',9677434984),
('CS0629','Alyson','Smallacombe','asmallacombe7y@shutterfly.com',4326540790),
('CS0630','Pavlov','Bannister','pbannister7z@theatlantic.com',8893194485),
('CS0631','Way','Allender','wallender80@bloglovin.com',4809018414),
('CS0632','Carlyn','Gowenlock','cgowenlock81@sphinn.com',6385960121),
('CS0633','Farlee','Fealy','ffealy82@free.fr',7083411892),
('CS0634','Dasi','Machans','dmachans83@go.com',7482936792),
('CS0635','Alley','Sollis','asollis84@usda.gov',3298215848),
('CS0636','Ginnifer','Gowry','ggowry85@bizjournals.com',1839838486),
('CS0637','Melly','Poyzer','mpoyzer86@youtube.com',5412775398),
('CS0638','Janith','Vallens','jvallens87@technorati.com',6287236489),
('CS0639','Roanna','Brinkman','rbrinkman88@gnu.org',6349683175),
('CS0640','Gage','Williamson','gwilliamson89@howstuffworks.com',7068413101),
('CS0641','Lisbeth','Klimas','lklimas8a@exblog.jp',2008843122),
('CS0642','Desi','Swire','dswire8b@prlog.org',6938287125),
('CS0643','Merla','Girth','mgirth8c@slate.com',7592853643),
('CS0644','Amalee','Mellanby','amellanby8d@github.com',4588952695),
('CS0645','Alvinia','Kroin','akroin8e@so-net.ne.jp',7429783054),
('CS0646','Locke','Welbelove','lwelbelove8f@purevolume.com',2022260821),
('CS0647','Saudra','Abbay','sabbay8g@godaddy.com',5153849034),
('CS0648','Allard','Seivertsen','aseivertsen8h@mail.ru',7841005328),
('CS0649','Isabelle','Ironside','iironside8i@odnoklassniki.ru',1733732273),
('CS0650','Piotr','Bushen','pbushen8j@wix.com',8416544289),
('CS0651','Kesley','Belding','kbelding8k@eventbrite.com',6846916518),
('CS0652','Cory','Spat','cspat8l@samsung.com',8078931860),
('CS0653','Gerti','Breede','gbreede8m@icq.com',4488752050),
('CS0654','Hamlen','Teager','hteager8n@nationalgeographic.com',3108918068),
('CS0655','Patsy','Kesper','pkesper8o@wordpress.org',6519851487),
('CS0656','Jaquenetta','Baume','jbaume8p@tripod.com',1956370150),
('CS0657','Tammie','Di Biaggi','tdibiaggi8q@ebay.com',8841185332),
('CS0658','Ogden','Whitefoot','owhitefoot8r@wired.com',9843420827),
('CS0659','Emelda','Thornewell','ethornewell8s@umich.edu',8238144977),
('CS0660','Sophronia','Boyett','sboyett8t@washingtonpost.com',1895423468),
('CS0661','Lorain','Keilloh','lkeilloh8u@alexa.com',1549908566),
('CS0662','Obie','O''Brian','oobrian8v@toplist.cz',2325577556),
('CS0663','Dru','Garrould','dgarrould8w@meetup.com',1257924153),
('CS0664','Dicky','Maasz','dmaasz8x@cdbaby.com',7137853220),
('CS0665','Zebedee','Jaine','zjaine8y@berkeley.edu',8079677277),
('CS0666','Eveline','Posselwhite','eposselwhite8z@imgur.com',4388370919),
('CS0667','Gwen','Tabard','gtabard90@meetup.com',3353012052),
('CS0668','Boonie','Scarlin','bscarlin91@unesco.org',7787326073),
('CS0669','Wyatan','Haug','whaug92@google.com.au',5139921199),
('CS0670','Hayyim','Hannabus','hhannabus93@cdc.gov',5913683249),
('CS0671','Kippy','Lynnett','klynnett94@sun.com',6822812976),
('CS0672','Korella','Ibbott','kibbott95@arstechnica.com',6242124110),
('CS0673','Aguistin','Titchen','atitchen96@sakura.ne.jp',8446552874),
('CS0674','Rip','Stroban','rstroban97@cnbc.com',2505840123),
('CS0675','Sianna','Stonelake','sstonelake98@mlb.com',4528285934),
('CS0676','Franchot','Pidcock','fpidcock99@upenn.edu',1763073272),
('CS0677','Ivy','Burkin','iburkin9a@printfriendly.com',7572164803),
('CS0678','Darin','Copley','dcopley9b@taobao.com',9773697355),
('CS0679','Neill','Mannock','nmannock9c@gravatar.com',5912165166),
('CS0680','Meg','D''Alesio','mdalesio9d@gizmodo.com',9875195446),
('CS0681','Templeton','Dragonette','tdragonette9e@barnesandnoble.com',2106767150),
('CS0682','Rubi','Charkham','rcharkham9f@prnewswire.com',3457234406),
('CS0683','Yance','Franceschelli','yfranceschelli9g@yolasite.com',6801424627),
('CS0684','Othilie','Offner','ooffner9h@cbsnews.com',6468813437),
('CS0685','Leroi','Varcoe','lvarcoe9i@usgs.gov',3082847722),
('CS0686','Hope','Hoogendorp','hhoogendorp9j@ted.com',8149798241),
('CS0687','Esme','Charge','echarge9k@cnn.com',2386876430),
('CS0688','Eleonora','Greve','egreve9l@bbc.co.uk',6324949230),
('CS0689','Cheslie','Pre','cpre9m@senate.gov',3548044606),
('CS0690','Alisander','Eckh','aeckh9n@ox.ac.uk',6475492429),
('CS0691','Ramsey','Doll','rdoll9o@theguardian.com',7896555216),
('CS0692','Marianne','Fuge','mfuge9p@tinyurl.com',7234059022),
('CS0693','Mureil','Syred','msyred9q@slideshare.net',8928664525),
('CS0694','Anthiathia','Farmar','afarmar9r@si.edu',4001040818),
('CS0695','Kristofer','Chagg','kchagg9s@aol.com',3072895817),
('CS0696','Deonne','Roberson','droberson9t@twitter.com',9193896713),
('CS0697','Chicky','Capner','ccapner9u@google.de',9418260320),
('CS0698','Karole','Penny','kpenny9v@archive.org',2099890100),
('CS0699','Chet','McPhaden','cmcphaden9w@networksolutions.com',6784657952),
('CS0700','Ferdie','Done','fdone9x@arizona.edu',9209769819),
('CS0701','Hinda','Derisly','hderisly9y@nationalgeographic.com',9824691857),
('CS0702','Anya','Casella','acasella9z@nifty.com',2032938446),
('CS0703','Aprilette','Seer','aseera0@technorati.com',5728920054),
('CS0704','Ronica','Hasted','rhasteda1@mtv.com',8828309022),
('CS0705','Maximo','Uman','mumana2@wufoo.com',9009810631),
('CS0706','Nathanial','McArley','nmcarleya3@printfriendly.com',5808636618),
('CS0707','Kit','Fyldes','kfyldesa4@skyrock.com',4489767484),
('CS0708','Carlyn','Foyston','cfoystona5@oaic.gov.au',9315597318),
('CS0709','Ulla','Giraudel','ugiraudela6@twitpic.com',1539237988),
('CS0710','Catherina','Fishleigh','cfishleigha7@wordpress.org',7393914754),
('CS0711','Persis','Stairmond','pstairmonda8@dailymail.co.uk',1513443211),
('CS0712','Brittne','Sheard','bshearda9@springer.com',6283002744),
('CS0713','Ricky','Wilks','rwilksaa@cnn.com',6629069283),
('CS0714','Cynde','Jandl','cjandlab@tamu.edu',9582382764),
('CS0715','Jodie','Rickasse','jrickasseac@vistaprint.com',3953625002),
('CS0716','Emmerich','Puller','epullerad@howstuffworks.com',6285396269),
('CS0717','Tulley','Frangione','tfrangioneae@walmart.com',5196426110),
('CS0718','Blithe','Cordaroy','bcordaroyaf@mapquest.com',7309126404),
('CS0719','Lyndell','Chippendale','lchippendaleag@netlog.com',6184947850),
('CS0720','Heidi','Kubicek','hkubicekah@harvard.edu',7021139476),
('CS0721','Kai','Ticksall','kticksallai@webeden.co.uk',8453389169),
('CS0722','Lane','Jaskiewicz','ljaskiewiczaj@addthis.com',7148579471),
('CS0723','Alexandra','Mudle','amudleak@rambler.ru',1879023252),
('CS0724','Mercie','Lamperd','mlamperdal@last.fm',6334843085),
('CS0725','Reinold','Ludlamme','rludlammeam@toplist.cz',6035469087),
('CS0726','Ailyn','Mennithorp','amennithorpan@yolasite.com',8999456051),
('CS0727','Marchelle','Wellard','mwellardao@seesaa.net',1017985902),
('CS0728','Margeaux','Gludor','mgludorap@ask.com',7671521389),
('CS0729','Lita','Force','lforceaq@google.nl',8236803496),
('CS0730','Guenevere','Childers','gchildersar@bizjournals.com',9049713676),
('CS0731','Elton','Scawton','escawtonas@whitehouse.gov',8249822495),
('CS0732','Lianne','Corro','lcorroat@samsung.com',8021995501),
('CS0733','Aurie','Copestake','acopestakeau@ed.gov',1624573015),
('CS0734','Aida','De Lascy','adelascyav@privacy.gov.au',1342475848),
('CS0735','Laure','Curryer','lcurryeraw@blogger.com',9008615206),
('CS0736','Burg','Sollas','bsollasax@theglobeandmail.com',7108666657),
('CS0737','Bald','Coen','bcoenay@ifeng.com',7983526034),
('CS0738','Ulrika','Behnecken','ubehneckenaz@list-manage.com',8328193095),
('CS0739','Rosalynd','Humpage','rhumpageb0@wikipedia.org',8711435087),
('CS0740','Emmi','Toplin','etoplinb1@yandex.ru',1821616544),
('CS0741','Nelson','Armsden','narmsdenb2@businesswire.com',5423064424),
('CS0742','Erinna','Streader','estreaderb3@umich.edu',7931246435),
('CS0743','Korella','Palke','kpalkeb4@fotki.com',8571610236),
('CS0744','Vinnie','Girodon','vgirodonb5@vimeo.com',3516538141),
('CS0745','Robinet','Ondrak','rondrakb6@loc.gov',2051305970),
('CS0746','Hayyim','Chaunce','hchaunceb7@bigcartel.com',9985938386),
('CS0747','Luciano','Pulman','lpulmanb8@hatena.ne.jp',7306101253),
('CS0748','Monica','Hellin','mhellinb9@reuters.com',1309235459),
('CS0749','Nicolea','Channer','nchannerba@businessinsider.com',4945476742),
('CS0750','Bessy','Evershed','bevershedbb@buzzfeed.com',7748709428),
('CS0751','Lorelei','Songhurst','lsonghurstbc@posterous.com',1711733495),
('CS0752','Gregory','Blaxeland','gblaxelandbd@liveinternet.ru',9113649130),
('CS0753','Dulcia','Sictornes','dsictornesbe@shinystat.com',5427500019),
('CS0754','Cosmo','Crux','ccruxbf@kickstarter.com',8534253643),
('CS0755','Sisely','Covill','scovillbg@nyu.edu',8269522625),
('CS0756','Keith','Murra','kmurrabh@vinaora.com',3137796501),
('CS0757','Malory','Oldacre','moldacrebi@dedecms.com',3243909646),
('CS0758','Stevana','Delagnes','sdelagnesbj@ihg.com',4641098035),
('CS0759','Cleve','Vannuccini','cvannuccinibk@epa.gov',4128828204),
('CS0760','Nickie','Laundon','nlaundonbl@mozilla.org',1688574602),
('CS0761','Royce','Mapother','rmapotherbm@pagesperso-orange.fr',9457254613),
('CS0762','Baillie','Butler','bbutlerbn@marriott.com',4833293820),
('CS0763','Brice','Durrad','bdurradbo@ustream.tv',8291007554),
('CS0764','Garland','Ullyott','gullyottbp@geocities.jp',7657901541),
('CS0765','Dierdre','MacLoughlin','dmacloughlinbq@eventbrite.com',4159063038),
('CS0766','Annamarie','Ghiriardelli','aghiriardellibr@pagesperso-orange.fr',6505251521),
('CS0767','Dyanne','Lawry','dlawrybs@flickr.com',4034876235),
('CS0768','Norene','Gredden','ngreddenbt@japanpost.jp',5051493438),
('CS0769','Burlie','Romeuf','bromeufbu@unblog.fr',6399729090),
('CS0770','Miof mela','Hansford','mhansfordbv@rakuten.co.jp',3928931697),
('CS0771','Durand','Mullen','dmullenbw@nationalgeographic.com',8536016319),
('CS0772','Melissa','Roland','mrolandbx@lulu.com',6133369453),
('CS0773','Amaleta','Scanderet','ascanderetby@4shared.com',8351120183),
('CS0774','Murvyn','Joskovitch','mjoskovitchbz@cbc.ca',8076213298),
('CS0775','Sheri','Cholton','scholtonc0@businessweek.com',7825236365),
('CS0776','Deanne','Nannoni','dnannonic1@mapy.cz',3551755602),
('CS0777','Blondy','Briscow','bbriscowc2@buzzfeed.com',9016734442),
('CS0778','Brittney','Giovanazzi','bgiovanazzic3@reverbnation.com',2723157719),
('CS0779','Otes','Stoffersen','ostoffersenc4@rambler.ru',5436661923),
('CS0780','Keriann','Dunsleve','kdunslevec5@ebay.co.uk',9832793024),
('CS0781','Halsey','Sherston','hsherstonc6@yelp.com',2224554246),
('CS0782','Gustavus','Matthiesen','gmatthiesenc7@google.ca',6444313768),
('CS0783','Perry','Devin','pdevinc8@msn.com',8221445906),
('CS0784','Roarke','Tomik','rtomikc9@scientificamerican.com',7672242081),
('CS0785','Camala','Lockett','clockettca@cnet.com',7069512910),
('CS0786','Barret','Bundock','bbundockcb@disqus.com',3943114015),
('CS0787','Norrie','Wagg','nwaggcc@usda.gov',3283502057),
('CS0788','Janet','Laxon','jlaxoncd@hp.com',9535868777),
('CS0789','Myra','O'' Faherty','mofahertyce@smugmug.com',3952227172),
('CS0790','Andriette','Douch','adouchcf@wikia.com',3986409896),
('CS0791','Geneva','Bass','gbasscg@icq.com',8517369072),
('CS0792','Terrie','Cluley','tcluleych@fastcompany.com',1674408870),
('CS0793','Townie','Isakovitch','tisakovitchci@instagram.com',2365714586),
('CS0794','Pearle','Puttan','pputtancj@fastcompany.com',1233706097),
('CS0795','Ashby','Aingell','aaingellck@intel.com',2664379148),
('CS0796','Dasha','Mankor','dmankorcl@goo.gl',4255581336),
('CS0797','Sophi','Wallage','swallagecm@cnbc.com',4572630875),
('CS0798','Inglebert','McMains','imcmainscn@g.co',6682831004),
('CS0799','Margarete','Trowbridge','mtrowbridgeco@g.co',7023611692),
('CS0800','Emylee','Brunstan','ebrunstancp@huffingtonpost.com',4666367598),
('CS0801','Ryann','Cassley','rcassleycq@howstuffworks.com',5074649504),
('CS0802','Lexie','Hampshire','lhampshirecr@github.io',7082066677),
('CS0803','Joya','Bendare','jbendarecs@columbia.edu',3437911088),
('CS0804','Coretta','Geekie','cgeekiect@unicef.org',3285828804),
('CS0805','Adey','Heathcote','aheathcotecu@ft.com',5075154766),
('CS0806','Cassius','Sawday','csawdaycv@goo.gl',9941860377),
('CS0807','Alexandrina','Shearmer','ashearmercw@storify.com',5352087876),
('CS0808','Damian','Ebbetts','debbettscx@intel.com',2443206001),
('CS0809','Justin','Mishaw','jmishawcy@free.fr',3972896716),
('CS0810','Happy','Sheber','hshebercz@goo.gl',7915287337),
('CS0811','Billie','Ganforthe','bganforthed0@disqus.com',4165687791),
('CS0812','Lamar','Wrathmall','lwrathmalld1@nhs.uk',3373916915),
('CS0813','Donnie','Redon','dredond2@typepad.com',3873343011),
('CS0814','Celestyna','Swapp','cswappd3@bbc.co.uk',3482969595),
('CS0815','Carina','Ellul','celluld4@cyberchimps.com',2758881517),
('CS0816','Vidovik','Duckhouse','vduckhoused5@rakuten.co.jp',2004186192),
('CS0817','Yorker','Thurlow','ythurlowd6@ning.com',6115520013),
('CS0818','Griff','Okeshott','gokeshottd7@virginia.edu',9655832331),
('CS0819','Miles','Rosenbloom','mrosenbloomd8@diigo.com',4501078628),
('CS0820','Stern','Maes','smaesd9@irs.gov',4635162881),
('CS0821','Norene','Fortnon','nfortnonda@bloglovin.com',1292590595),
('CS0822','Barde','Tribble','btribbledb@ox.ac.uk',9752145382),
('CS0823','Noell','Padbery','npadberydc@google.de',1874525883),
('CS0824','Henryetta','Roches','hrochesdd@1688.com',5998655584),
('CS0825','Gordan','Toffler','gtofflerde@tinypic.com',4176847839),
('CS0826','Cathy','Tremaine','ctremainedf@archive.org',8906669912),
('CS0827','Ariella','Fyall','afyalldg@yellowbook.com',1157884487),
('CS0828','Othella','Brunroth','obrunrothdh@mail.ru',9477259316),
('CS0829','Giralda','Kmiec','gkmiecdi@ft.com',8559108709),
('CS0830','Giacobo','Renwick','grenwickdj@clickbank.net',5954281011),
('CS0831','Miner','Stoad','mstoaddk@kickstarter.com',5032260000),
('CS0832','Cacilie','Geaveny','cgeavenydl@loc.gov',9649132401),
('CS0833','Wilt','Damrell','wdamrelldm@flickr.com',9611834590),
('CS0834','Maye','Langstrath','mlangstrathdn@cyberchimps.com',5375070728),
('CS0835','Rossie','Elnaugh','relnaughdo@artisteer.com',3064794886),
('CS0836','Link','Gerrard','lgerrarddp@mashable.com',3896685189),
('CS0837','Tripp','Webley','twebleydq@mediafire.com',1309668387),
('CS0838','Pip','O'' Cuolahan','pocuolahandr@pen.io',8039854487),
('CS0839','Guthry','Greiswood','ggreiswoodds@globo.com',4916969590),
('CS0840','Sven','Riha','srihadt@cbslocal.com',5221962434),
('CS0841','Xavier','Estevez','xestevezdu@hp.com',1337529515),
('CS0842','Jodee','Padrick','jpadrickdv@macromedia.com',6987601100),
('CS0843','Tristam','Rubertis','trubertisdw@artisteer.com',4251208003),
('CS0844','Leonora','Scallon','lscallondx@thetimes.co.uk',5359319192),
('CS0845','Bord','Whiteoak','bwhiteoakdy@nymag.com',5506417941),
('CS0846','Guthry','Scollard','gscollarddz@altervista.org',9606523639),
('CS0847','Meagan','Munt','mmunte0@networksolutions.com',5686847809),
('CS0848','Kimberly','Melledy','kmelledye1@reverbnation.com',7022121631),
('CS0849','Marijo','Nesfield','mnesfielde2@symantec.com',1088412461),
('CS0850','Joelle','Charters','jcharterse3@youtu.be',6305235401),
('CS0851','Blinnie','De Zuani','bdezuanie4@sciencedirect.com',7615237436),
('CS0852','Darrin','Kinane','dkinanee5@so-net.ne.jp',2421967587),
('CS0853','Taddeo','Wasbrough','twasbroughe6@deliciousdays.com',5536500807),
('CS0854','Lucina','Elcott','lelcotte7@japanpost.jp',1203849219),
('CS0855','Levi','Thorndycraft','lthorndycrafte8@angelfire.com',7545381275),
('CS0856','Wesley','Prudence','wprudencee9@amazon.co.jp',7914274989),
('CS0857','Ileane','Dandison','idandisonea@studiopress.com',6518787274),
('CS0858','Cristian','Stucke','cstuckeeb@edublogs.org',1462560637),
('CS0859','Dulcia','Gobert','dgobertec@nsw.gov.au',9723693998),
('CS0860','Myrilla','Attack','mattacked@bizjournals.com',8449031409),
('CS0861','Adrien','Adamkiewicz','aadamkiewiczee@tumblr.com',1099410139),
('CS0862','Gay','Thomesson','gthomessonef@ehow.com',4865509521),
('CS0863','Ade','Haggett','ahaggetteg@msn.com',8366362301),
('CS0864','Angeline','Benger','abengereh@amazon.de',8596319957),
('CS0865','Borden','DeSousa','bdesousaei@wikipedia.org',5639886518),
('CS0866','Joseph','Ilyushkin','jilyushkinej@xinhuanet.com',4735696876),
('CS0867','Edythe','Grigoryev','egrigoryevek@amazonaws.com',8763978911),
('CS0868','Amalita','Amerighi','aamerighiel@techcrunch.com',9908940786),
('CS0869','Ofella','Gilman','ogilmanem@simplemachines.org',9727847812),
('CS0870','Rodolph','Harcourt','rharcourten@techcrunch.com',6926011232),
('CS0871','Granthem','Gully','ggullyeo@patch.com',1347817769),
('CS0872','Anastassia','Demelt','ademeltep@gmpg.org',8757656356),
('CS0873','Toby','Radnedge','tradnedgeeq@webeden.co.uk',9504566704),
('CS0874','Tiebout','Daughtery','tdaughteryer@flavors.me',7476391229),
('CS0875','Raymund','Donnan','rdonnanes@qq.com',1201931853),
('CS0876','Brook','Congreave','bcongreaveet@deliciousdays.com',7134655442),
('CS0877','Gussie','Arundell','garundelleu@ox.ac.uk',5399218265),
('CS0878','Drucill','Ruggieri','druggieriev@linkedin.com',9294222090),
('CS0879','Hamnet','Willan','hwillanew@jigsy.com',5377055721),
('CS0880','Ron','Dodshon','rdodshonex@barnesandnoble.com',2108550411),
('CS0881','Bridget','Gatherell','bgatherelley@123-reg.co.uk',9588593434),
('CS0882','Erin','Bealing','ebealingez@howstuffworks.com',5133020195),
('CS0883','Bertina','Vinker','bvinkerf0@who.int',2596553363),
('CS0884','Dimitry','Seagrave','dseagravef1@123-reg.co.uk',7022949873),
('CS0885','Eddi','Ronchi','eronchif2@networkadvertising.org',6853924736),
('CS0886','Pauly','Corcut','pcorcutf3@cnn.com',8744590219),
('CS0887','Jacynth','Neill','jneillf4@flickr.com',7674538345),
('CS0888','Gasper','Grancher','ggrancherf5@timesonline.co.uk',3115030068),
('CS0889','Kimbra','Blaby','kblabyf6@squarespace.com',4077259406),
('CS0890','Tamara','de Chastelain','tdechastelainf7@bigcartel.com',7855244373),
('CS0891','Yoshi','Gabbot','ygabbotf8@webmd.com',5437504908),
('CS0892','Lisabeth','Gerhts','lgerhtsf9@mlb.com',9698521731),
('CS0893','Susy','Pedden','speddenfa@smh.com.au',3573996059),
('CS0894','Kerry','Sproson','ksprosonfb@craigslist.org',2272374540),
('CS0895','Kerry','Brinkler','kbrinklerfc@oaic.gov.au',5876500038),
('CS0896','Zacharias','Landell','zlandellfd@bbb.org',6567249064),
('CS0897','Willis','Burel','wburelfe@seesaa.net',6818501003),
('CS0898','Kizzie','Makiver','kmakiverff@histats.com',7871580132),
('CS0899','Suki','Temple','stemplefg@devhub.com',3433280897),
('CS0900','Alaine','Wivell','awivellfh@usda.gov',8245664316),
('CS0901','Dulcie','MacGowan','dmacgowanfi@baidu.com',4065216408),
('CS0902','Nils','Croci','ncrocifj@myspace.com',4687445908),
('CS0903','Mei','Clawsley','mclawsleyfk@bloomberg.com',4312745018),
('CS0904','Orelie','Bullimore','obullimorefl@illinois.edu',3337731704),
('CS0905','Marlena','Orehead','moreheadfm@last.fm',6854599972),
('CS0906','Janie','Goatman','jgoatmanfn@yelp.com',9011821072),
('CS0907','Clarine','Barwell','cbarwellfo@purevolume.com',4805056423),
('CS0908','Sigfried','Blees','sbleesfp@hibu.com',9857898611),
('CS0909','Mortie','Goodere','mgooderefq@nba.com',7261202975),
('CS0910','Rica','Huddles','rhuddlesfr@sbwire.com',2408462587),
('CS0911','Carlyle','Brightwell','cbrightwellfs@hubpages.com',6923054992),
('CS0912','Nissa','Cade','ncadeft@buzzfeed.com',3509050606),
('CS0913','Carlyle','Sallinger','csallingerfu@t-online.de',7456815572),
('CS0914','Clemence','Rennicks','crennicksfv@dot.gov',1989724916),
('CS0915','Chaddy','Kelshaw','ckelshawfw@ed.gov',8576992621),
('CS0916','Shelba','Soppit','ssoppitfx@nytimes.com',8903447650),
('CS0917','Elysha','Taffe','etaffefy@skyrock.com',5509763423),
('CS0918','Kathryn','Gregh','kgreghfz@feedburner.com',2071385776),
('CS0919','Paloma','Hayworth','phayworthg0@jalbum.net',3114239798),
('CS0920','Oliver','Baversor','obaversorg1@sitemeter.com',2026477817),
('CS0921','Vinnie','De Luna','vdelunag2@icio.us',2328778910),
('CS0922','Cassius','Yukhov','cyukhovg3@tripod.com',3835249589),
('CS0923','Chelsea','Patullo','cpatullog4@google.es',6407252155),
('CS0924','Rutherford','Berston','rberstong5@tiny.cc',6758731423),
('CS0925','Christal','Simonsson','csimonssong6@vinaora.com',8738839604),
('CS0926','Sisile','Vernalls','svernallsg7@scribd.com',7385938517),
('CS0927','Rafaelita','Kmietsch','rkmietschg8@ca.gov',3906758755),
('CS0928','Codie','Viste','cvisteg9@desdev.cn',7297343766),
('CS0929','Flora','Everwin','feverwinga@google.de',9964249794),
('CS0930','Sonya','Gabel','sgabelgb@cafepress.com',3769552066),
('CS0931','Rennie','Plumtree','rplumtreegc@pagesperso-orange.fr',6627515493),
('CS0932','Sascha','Collumbine','scollumbinegd@printfriendly.com',3324864796),
('CS0933','Darlene','Rottery','drotteryge@wordpress.com',9291968587),
('CS0934','Claudelle','Medlicott','cmedlicottgf@spiegel.de',2851124394),
('CS0935','Cassaundra','Masham','cmashamgg@ycombinator.com',4507104063),
('CS0936','Lilias','Jonah','ljonahgh@bravesites.com',1617206168),
('CS0937','Cleo','Giannasi','cgiannasigi@twitter.com',6831761078),
('CS0938','Kain','Behnecke','kbehneckegj@simplemachines.org',6589086679),
('CS0939','Orlando','Flitcroft','oflitcroftgk@opera.com',6056818669),
('CS0940','Emyle','Frears','efrearsgl@arizona.edu',2833339711),
('CS0941','Verna','Pikhno','vpikhnogm@yelp.com',5392438333),
('CS0942','Giselle','MacGeffen','gmacgeffengn@soup.io',2424847038),
('CS0943','Derwin','Chasle','dchaslego@scribd.com',3332656228),
('CS0944','Vilma','Massei','vmasseigp@parallels.com',2715700511),
('CS0945','Archer','Halvorsen','ahalvorsengq@comsenz.com',7263085950),
('CS0946','Yorke','Gobel','ygobelgr@google.es',5513586295),
('CS0947','Gweneth','Husset','ghussetgs@jimdo.com',9643104223),
('CS0948','Husein','Tunnacliffe','htunnacliffegt@berkeley.edu',6402717620),
('CS0949','Janek','Keyworth','jkeyworthgu@themeforest.net',3492437478),
('CS0950','Dunstan','Spaldin','dspaldingv@desdev.cn',3716621399),
('CS0951','Nichol','Zapater','nzapatergw@e-recht24.de',6463746914),
('CS0952','Xymenes','Realph','xrealphgx@digg.com',2963085901),
('CS0953','Almeria','Tummons','atummonsgy@sogou.com',8983304588),
('CS0954','Kandy','Casillis','kcasillisgz@unesco.org',3568025785),
('CS0955','Kayley','Martynikhin','kmartynikhinh0@aol.com',2508073676),
('CS0956','Stefan','Jeannard','sjeannardh1@dropbox.com',5783636646),
('CS0957','Katee','Toppes','ktoppesh2@gravatar.com',9198060844),
('CS0958','Winfield','O''Lenechan','wolenechanh3@europa.eu',3616354480),
('CS0959','Britni','Yekel','byekelh4@ft.com',7415234485),
('CS0960','Aileen','Niemiec','aniemiech5@wsj.com',4172070224),
('CS0961','Ulrikaumeko','Baynon','ubaynonh6@imageshack.us',5821107064),
('CS0962','Ring','Blackhall','rblackhallh7@gnu.org',2629186340),
('CS0963','Catharine','Fenn','cfennh8@bbc.co.uk',4217471376),
('CS0964','Llywellyn','Abelwhite','labelwhiteh9@businessweek.com',2836649239),
('CS0965','Marielle','Preene','mpreeneha@github.io',8575183333),
('CS0966','Rozele','Newbegin','rnewbeginhb@jugem.jp',1145382435),
('CS0967','Sabra','Works','sworkshc@bbb.org',6102609231),
('CS0968','Kimbell','McMurty','kmcmurtyhd@yandex.ru',2392420810),
('CS0969','Cindra','Aronowitz','caronowitzhe@godaddy.com',2365472501),
('CS0970','Rubina','Christaeas','rchristaeashf@narod.ru',5693343593),
('CS0971','Dominic','Hebner','dhebnerhg@answers.com',1182704475),
('CS0972','Caressa','de Zamora','cdezamorahh@facebook.com',1184131513),
('CS0973','Archie','Gollard','agollardhi@ovh.net',1889128791),
('CS0974','Micaela','Sivewright','msivewrighthj@soundcloud.com',8661813646),
('CS0975','Scarlett','Gobbett','sgobbetthk@symantec.com',1207622816),
('CS0976','Gisella','Stealfox','gstealfoxhl@hatena.ne.jp',7248995623),
('CS0977','Raul','Shorto','rshortohm@china.com.cn',4807208154),
('CS0978','Tresa','Henaughan','thenaughanhn@1und1.de',8552801196),
('CS0979','Eziechiele','Gunson','egunsonho@jigsy.com',7814250127),
('CS0980','Arleyne','Codman','acodmanhp@simplemachines.org',1743364054),
('CS0981','Carry','Lorenc','clorenchq@ft.com',9871603864),
('CS0982','Dee','Windley','dwindleyhr@bing.com',2201832647),
('CS0983','Eal','Canton','ecantonhs@github.io',7685029410),
('CS0984','Caspar','Devo','cdevoht@ustream.tv',5557018593),
('CS0985','Hailey','Newport','hnewporthu@yale.edu',1189450217),
('CS0986','Alastair','Whifen','awhifenhv@meetup.com',9499548733),
('CS0987','Lavinia','Booton','lbootonhw@amazon.de',7968025147),
('CS0988','Nate','Camerana','ncameranahx@upenn.edu',1682058707),
('CS0989','Elberta','Dandy','edandyhy@usa.gov',2109754296),
('CS0990','Violette','Ordidge','vordidgehz@baidu.com',4693706328),
('CS0991','Haywood','Mabone','hmabonei0@scribd.com',3347198536),
('CS0992','Patty','Brownbridge','pbrownbridgei1@seesaa.net',4247241909),
('CS0993','Rebecca','Admans','radmansi2@wp.com',3744736645),
('CS0994','Leon','Gates','lgatesi3@merriam-webster.com',6611271230),
('CS0995','Heddi','Smellie','hsmelliei4@newsvine.com',9078670857),
('CS0996','Fanchette','Morgue','fmorguei5@businessweek.com',5639911472),
('CS0997','Patrice','Skitral','pskitrali6@indiatimes.com',3611694677),
('CS0998','Jereme','Fosbraey','jfosbraeyi7@1688.com',5149415658),
('CS0999','Raeann','Oattes','roattesi8@usgs.gov',5677581584),
('CS1000','Tiff','Brixey','tbrixeyi9@google.cn',4531655089),
('CS1001','Franky','Strippling','fstripplingia@wikipedia.org',5487065853),
('CS1002','Dilly','Dunnett','ddunnettib@ca.gov',9062226252),
('CS1003','Korry','Dorre','kdorreic@about.com',9896714199),
('CS1004','Eldridge','Manlow','emanlowid@php.net',2281297518),
('CS1005','Meta','Pittock','mpittockie@examiner.com',7289081214),
('CS1006','Onfre','Bebbell','obebbellif@booking.com',6971937320),
('CS1007','Shannah','Helder','shelderig@shutterfly.com',7928474918),
('CS1008','Floris','Currey','fcurreyih@taobao.com',9969474436),
('CS1009','Minnie','Nitto','mnittoii@flickr.com',2599017272),
('CS1010','Larry','McCoid','lmccoidij@yellowbook.com',3582870993),
('CS1011','Donovan','Pitkaithly','dpitkaithlyik@addtoany.com',4821394846),
('CS1012','Hernando','Dobsons','hdobsonsil@privacy.gov.au',1211012105),
('CS1013','Corbie','Fosh','cfoshim@imgur.com',5783012217),
('CS1014','Michal','Klich','mklichin@bizjournals.com',6613509130),
('CS1015','Abigail','Beazer','abeazerio@imgur.com',9732999307),
('CS1016','Danny','Mougel','dmougelip@i2i.jp',8318148503),
('CS1017','Marcy','Simunek','msimunekiq@baidu.com',4489020850),
('CS1018','Annice','Inchboard','ainchboardir@si.edu',2984065087),
('CS1019','Muriel','Guillerman','mguillermanis@nationalgeographic.com',4939013486),
('CS1020','Nicolas','Gamlen','ngamlenit@telegraph.co.uk',2994659458),
('CS1021','Neila','Shoard','nshoardiu@fotki.com',4619875264),
('CS1022','Siegfried','Whittingham','swhittinghamiv@soundcloud.com',7002163743),
('CS1023','Clayborne','Claxson','cclaxsoniw@guardian.co.uk',8511103986),
('CS1024','Brande','Bowfin','bbowfinix@hubpages.com',6131098266),
('CS1025','Albertina','Eltone','aeltoneiy@unesco.org',8152319710),
('CS1026','Bertina','Manuele','bmanueleiz@google.pl',5374693953),
('CS1027','Willyt','Strathdee','wstrathdeej0@goodreads.com',7897378787),
('CS1028','Waiter','McGilleghole','wmcgillegholej1@vistaprint.com',3034498135),
('CS1029','Harriot','Bonass','hbonassj2@bloglines.com',7314385221),
('CS1030','Romeo','Glen','rglenj3@washingtonpost.com',9028286173),
('CS1031','Dee','Fantin','dfantinj4@ask.com',4445580656),
('CS1032','Cyrillus','Owttrim','cowttrimj5@utexas.edu',4035069034),
('CS1033','Morgana','Leason','mleasonj6@discuz.net',4322286082),
('CS1034','Orsa','Billam','obillamj7@fotki.com',1765017327),
('CS1035','Alessandro','Zoellner','azoellnerj8@mayoclinic.com',6119705573),
('CS1036','Thalia','Tinniswood','ttinniswoodj9@ca.gov',9406011695),
('CS1037','Emerson','Noke','enokeja@newyorker.com',3892362911),
('CS1038','Pip','Chrichton','pchrichtonjb@tinyurl.com',5753812224),
('CS1039','Conrad','Belison','cbelisonjc@kickstarter.com',3528487595),
('CS1040','Juliane','Pritchard','jpritchardjd@fastcompany.com',3457780916),
('CS1041','Ebeneser','Shirrell','eshirrellje@odnoklassniki.ru',7732381304),
('CS1042','Ignatius','Amiable','iamiablejf@google.com.br',5339530424),
('CS1043','Dulsea','Capstake','dcapstakejg@dot.gov',6817825289),
('CS1044','Wallache','Dows','wdowsjh@domainmarket.com',9929893706),
('CS1045','Elisabet','Maudling','emaudlingji@comsenz.com',6508574137),
('CS1046','Clarita','Sneller','csnellerjj@hugedomains.com',2446110908),
('CS1047','Charley','Hoxey','choxeyjk@yellowpages.com',1195449569),
('CS1048','Dorita','Truggian','dtruggianjl@ovh.net',1199859394),
('CS1049','Flemming','Di Giorgio','fdigiorgiojm@oaic.gov.au',7844988315),
('CS1050','Barth','Keling','bkelingjn@constantcontact.com',6067264816),
('CS1051','Sammy','Ateggart','sateggartjo@indiegogo.com',5092108681),
('CS1052','Flossy','Jeness','fjenessjp@blog.com',9199351094),
('CS1053','Alfie','Garrat','agarratjq@last.fm',9995355956),
('CS1054','Leda','Watchorn','lwatchornjr@theguardian.com',9815778647),
('CS1055','Durante','Punshon','dpunshonjs@fastcompany.com',1057706323),
('CS1056','Annabela','Gonzalez','agonzalezjt@trellian.com',9423666838),
('CS1057','Yehudit','Juliano','yjulianoju@so-net.ne.jp',6272957690),
('CS1058','Jareb','Kmicicki','jkmicickijv@yahoo.co.jp',4475580658),
('CS1059','Lin','Stanning','lstanningjw@vkontakte.ru',2087358687),
('CS1060','Lena','Nafzger','lnafzgerjx@rakuten.co.jp',1706302252),
('CS1061','Israel','Adriano','iadrianojy@yale.edu',4073917238),
('CS1062','Beverley','Pietesch','bpieteschjz@businessinsider.com',1705222620),
('CS1063','Lisette','Shoobridge','lshoobridgek0@biglobe.ne.jp',1187466687),
('CS1064','Mariel','Todhunter','mtodhunterk1@ox.ac.uk',7145732922),
('CS1065','Lev','Wesker','lweskerk2@virginia.edu',5075340342),
('CS1066','Flem','Klimke','fklimkek3@chicagotribune.com',3697156567),
('CS1067','Blakelee','Semeradova','bsemeradovak4@chron.com',2608508044),
('CS1068','Vivian','Garley','vgarleyk5@nhs.uk',7698304952),
('CS1069','Rebekah','Calleja','rcallejak6@home.pl',4682523585),
('CS1070','Durant','Yuryev','dyuryevk7@techcrunch.com',2749272902),
('CS1071','Zerk','O''Hallagan','zohallagank8@forbes.com',6116966816),
('CS1072','Maryellen','Fontel','mfontelk9@vinaora.com',4452456676),
('CS1073','Kathi','Denness','kdennesska@ftc.gov',2655045694),
('CS1074','Tedie','Corran','tcorrankb@bing.com',5126923108),
('CS1075','Emmeline','Giovannini','egiovanninikc@springer.com',7438573626),
('CS1076','Addia','Lorman','alormankd@ameblo.jp',8631680190),
('CS1077','Hieronymus','Joddins','hjoddinske@1688.com',2602813426),
('CS1078','Padraig','Connaughton','pconnaughtonkf@pbs.org',2619918058),
('CS1079','Lorraine','Passie','lpassiekg@washingtonpost.com',8809285160),
('CS1080','Tades','Gladdifh','tgladdifhkh@bizjournals.com',5736714139),
('CS1081','Archaimbaud','McKaile','amckaileki@pcworld.com',5928708238),
('CS1082','Beckie','Babidge','bbabidgekj@craigslist.org',8243758960),
('CS1083','Gabey','Kopps','gkoppskk@flickr.com',3592357239),
('CS1084','Giraldo','Solan','gsolankl@google.ru',4196349949),
('CS1085','Andy','Westphalen','awestphalenkm@tuttocitta.it',8966110475),
('CS1086','Arty','Blague','ablaguekn@example.com',9669853044),
('CS1087','Faunie','Goodbur','fgoodburko@wisc.edu',5455948347),
('CS1088','Wilfrid','Garmons','wgarmonskp@washingtonpost.com',1712077989),
('CS1089','Itch','Lufkin','ilufkinkq@ifeng.com',7285197510),
('CS1090','Pammy','Wrettum','pwrettumkr@reddit.com',2009518231),
('CS1091','Bradford','Deathridge','bdeathridgeks@columbia.edu',4263646937),
('CS1092','Ronica','Cawdron','rcawdronkt@1688.com',3187868414),
('CS1093','Aila','Stodhart','astodhartku@imdb.com',1609598219),
('CS1094','Linn','Nornasell','lnornasellkv@cmu.edu',7812031741),
('CS1095','Muire','Benda','mbendakw@360.cn',6703483350),
('CS1096','Bobbie','Weal','bwealkx@sphinn.com',6687516825),
('CS1097','Gino','Absolon','gabsolonky@flavors.me',6527015089),
('CS1098','Gigi','Eldredge','geldredgekz@printfriendly.com',2434921764),
('CS1099','Belinda','Cordelette','bcordelettel0@drupal.org',2397555081),
('CS1100','Joly','Doige','jdoigel1@aol.com',9924942069),
('CS1101','Kerwin','Littlejohns','klittlejohnsl2@prweb.com',4204125537),
('CS1102','Amalea','Itzhayek','aitzhayekl3@wikipedia.org',6153750150),
('CS1103','Leonhard','Duncklee','ldunckleel4@reuters.com',3358562362),
('CS1104','Elisha','Dipple','edipplel5@macromedia.com',3277082015),
('CS1105','Eirena','Tatton','etattonl6@google.pl',2271542995),
('CS1106','Derward','McGrotty','dmcgrottyl7@networkadvertising.org',9671380234),
('CS1107','Consalve','Henighan','chenighanl8@mac.com',5591660457),
('CS1108','Gusella','Beauvais','gbeauvaisl9@angelfire.com',7249161453),
('CS1109','Paxon','Vassall','pvassallla@sourceforge.net',1938023661),
('CS1110','Alexandro','Lifton','aliftonlb@ameblo.jp',1372242355),
('CS1111','Broddie','Wyper','bwyperlc@springer.com',8478350183),
('CS1112','Cathyleen','Fleischer','cfleischerld@vistaprint.com',5762677182),
('CS1113','Brannon','Wilkowski','bwilkowskile@newsvine.com',8716355708),
('CS1114','Antonie','Wones','awoneslf@discovery.com',4019917493),
('CS1115','Gordy','Oloshin','goloshinlg@weibo.com',8805338182),
('CS1116','Talia','Baudrey','tbaudreylh@msn.com',4091950271),
('CS1117','Engelbert','Beddall','ebeddallli@ehow.com',8271598653),
('CS1118','Datha','Feetham','dfeethamlj@alexa.com',9241883955),
('CS1119','Orella','Furmage','ofurmagelk@artisteer.com',6176378535),
('CS1120','Grenville','Laughton','glaughtonll@toplist.cz',9091879186),
('CS1121','Dani','Stenyng','dstenynglm@123-reg.co.uk',9469864255),
('CS1122','Carissa','Grioli','cgrioliln@amazon.co.uk',8501795127),
('CS1123','Roseline','Stuck','rstucklo@amazon.com',6774296804),
('CS1124','Hazel','Conan','hconanlp@fema.gov',3899614088),
('CS1125','Georg','Boater','gboaterlq@washington.edu',5719817404),
('CS1126','Con','Coale','ccoalelr@mlb.com',2361390959),
('CS1127','Yurik','Haveline','yhavelinels@cloudflare.com',6881580950),
('CS1128','Jabez','Upjohn','jupjohnlt@cnet.com',8265204258),
('CS1129','Reggie','Purbrick','rpurbricklu@creativecommons.org',9495883439),
('CS1130','Olin','Meachan','omeachanlv@geocities.com',9212664594),
('CS1131','Gayler','Chester','gchesterlw@google.com',8283963915),
('CS1132','Lea','Newberry','lnewberrylx@hibu.com',7025375427),
('CS1133','Aeriel','De Ath','adeathly@apple.com',2651504922),
('CS1134','Krispin','Wingeat','kwingeatlz@mozilla.com',5378966139),
('CS1135','Maddalena','Gruszka','mgruszkam0@blogspot.com',7955667627),
('CS1136','Craig','Phelipeau','cphelipeaum1@digg.com',8349177365),
('CS1137','Dennis','Milton-White','dmiltonwhitem2@psu.edu',2382762625),
('CS1138','Durward','O''Hartnett','dohartnettm3@i2i.jp',9375649803),
('CS1139','Ailyn','Sima','asimam4@surveymonkey.com',4787659615),
('CS1140','Franciskus','Barensen','fbarensenm5@google.de',9127329863),
('CS1141','Federico','Nolda','fnoldam6@loc.gov',4445790223),
('CS1142','Bondon','Roast','broastm7@fda.gov',4731494558),
('CS1143','Carine','MacCracken','cmaccrackenm8@examiner.com',8267410256),
('CS1144','Cortney','Layton','claytonm9@tripadvisor.com',8569004880),
('CS1145','Chadwick','De Freitas','cdefreitasma@webs.com',2826284494),
('CS1146','Tabbi','Crosthwaite','tcrosthwaitemb@wsj.com',5339451707),
('CS1147','Estrella','Fossord','efossordmc@tiny.cc',8421202218),
('CS1148','Perrine','Gallety','pgalletymd@rediff.com',4502834280),
('CS1149','Ronalda','Recher','rrecherme@shinystat.com',5172340605),
('CS1150','Wallis','Creane','wcreanemf@usa.gov',9484961784),
('CS1151','Jaquenetta','Ramirez','jramirezmg@bandcamp.com',9365939600),
('CS1152','Ryley','Adelman','radelmanmh@squidoo.com',6842216693),
('CS1153','Emmie','Grimsdell','egrimsdellmi@auda.org.au',6805200660),
('CS1154','Eleanore','Giblett','egiblettmj@psu.edu',2449846438),
('CS1155','Evie','Beyer','ebeyermk@dot.gov',6455656911),
('CS1156','Salvidor','Bagott','sbagottml@ihg.com',7832478842),
('CS1157','Cointon','Mattis','cmattismm@zdnet.com',1265935789),
('CS1158','Kellyann','Scarfe','kscarfemn@unc.edu',3971898560),
('CS1159','Jordana','Liles','jlilesmo@phoca.cz',1255218942),
('CS1160','Ruttger','Fairtlough','rfairtloughmp@bravesites.com',9214809735),
('CS1161','Tildi','Fibbings','tfibbingsmq@scientificamerican.com',3388769172),
('CS1162','Gene','Garrud','ggarrudmr@wordpress.com',3859677493),
('CS1163','Merv','Dowles','mdowlesms@alibaba.com',5461054483),
('CS1164','Dela','Blazey','dblazeymt@ted.com',3321423745),
('CS1165','Lisette','Croucher','lcrouchermu@com.com',5701881294),
('CS1166','Willetta','Della','wdellamv@pen.io',1041517736),
('CS1167','Burtie','Malenoir','bmalenoirmw@github.com',1143997682),
('CS1168','Norry','Fearon','nfearonmx@g.co',4503257841),
('CS1169','Niven','Ghiroldi','nghiroldimy@devhub.com',2763555691),
('CS1170','Kip','Cornilleau','kcornilleaumz@fema.gov',1693331078),
('CS1171','Clifford','Trickey','ctrickeyn0@yelp.com',3539212150),
('CS1172','Burt','Hans','bhansn1@over-blog.com',7604176673),
('CS1173','Carla','Campa','ccampan2@arizona.edu',7671005246),
('CS1174','Kirk','Sparrow','ksparrown3@ucoz.ru',8354635858),
('CS1175','Jerrome','Sworn','jswornn4@cdc.gov',4612759570),
('CS1176','Elly','Grishukhin','egrishukhinn5@netlog.com',5713039329),
('CS1177','Lexie','Tilford','ltilfordn6@europa.eu',3983006480),
('CS1178','Zach','Charteris','zcharterisn7@microsoft.com',9386867712),
('CS1179','Anton','Iwanowicz','aiwanowiczn8@pinterest.com',1697131150),
('CS1180','Wylma','Broune','wbrounen9@constantcontact.com',1584652424),
('CS1181','Pegeen','Lavalde','plavaldena@gravatar.com',9844606953),
('CS1182','Angelica','Seebert','aseebertnb@sphinn.com',7132808024),
('CS1183','Gerri','Dargavel','gdargavelnc@cnbc.com',6699659040),
('CS1184','Zsazsa','Attrey','zattreynd@gravatar.com',5818269572),
('CS1185','Angie','Debenham','adebenhamne@google.nl',4231718215),
('CS1186','Tan','Cavy','tcavynf@samsung.com',6874840911),
('CS1187','Christoforo','Dalmon','cdalmonng@bizjournals.com',3984906256),
('CS1188','De','Gobell','dgobellnh@is.gd',6215288219),
('CS1189','Jazmin','Gillbey','jgillbeyni@blogs.com',1702944783),
('CS1190','Carny','Cordel','ccordelnj@princeton.edu',6661554620),
('CS1191','Ermin','Najera','enajerank@tripadvisor.com',2916172725),
('CS1192','Roxanna','Wedlake','rwedlakenl@fda.gov',5955398662),
('CS1193','Orland','Woodes','owoodesnm@odnoklassniki.ru',8995484455),
('CS1194','Tom','McCurdy','tmccurdynn@desdev.cn',7574101535),
('CS1195','Alden','Iapico','aiapicono@time.com',8807769251),
('CS1196','Nelson','Ruprich','nruprichnp@google.com.hk',7855943053),
('CS1197','Brendis','Bembrick','bbembricknq@rediff.com',2136951397),
('CS1198','Chrotoem','Brownrigg','cbrownriggnr@indiatimes.com',3497226571),
('CS1199','Anita','Acutt','aacuttns@deviantart.com',7973534902),
('CS1200','Rachele','Isac','risacnt@google.cn',1908334797),
('CS1201','Turner','Tersay','ttersaynu@salon.com',2106325852),
('CS1202','Clim','Bithell','cbithellnv@abc.net.au',8614348296),
('CS1203','Erin','Joddens','ejoddensnw@loc.gov',7093333338),
('CS1204','Hanan','Surmeyer','hsurmeyernx@skype.com',3028554438),
('CS1205','Janel','Cleare','jcleareny@alexa.com',8324397613),
('CS1206','Jae','Habergham','jhaberghamnz@purevolume.com',1542435056),
('CS1207','Ephraim','McLauchlin','emclauchlino0@parallels.com',4473334338),
('CS1208','Berny','Andryushin','bandryushino1@jimdo.com',7491380680),
('CS1209','Gwendolin','Bodham','gbodhamo2@wufoo.com',5232127704),
('CS1210','Tiertza','Dunstall','tdunstallo3@gnu.org',7254683910),
('CS1211','Clari','Hacksby','chacksbyo4@hubpages.com',3101705324),
('CS1212','Briano','Frostdicke','bfrostdickeo5@disqus.com',6801215173),
('CS1213','Correna','Rediers','credierso6@fema.gov',9468859305),
('CS1214','Abeu','Orae','aoraeo7@pagesperso-orange.fr',1518086887),
('CS1215','Farlie','Gocke','fgockeo8@desdev.cn',1807390338),
('CS1216','Nanice','Huchot','nhuchoto9@youku.com',1357703448),
('CS1217','Clementine','Olennikov','colennikovoa@jiathis.com',2467354199),
('CS1218','Zita','de Broke','zdebrokeob@yellowpages.com',6139032415),
('CS1219','Justen','Allender','jallenderoc@cbsnews.com',1157751961),
('CS1220','Walt','Diament','wdiamentod@unicef.org',8004873256),
('CS1221','Kellby','Tantrum','ktantrumoe@princeton.edu',2243093483),
('CS1222','Saxe','Beresfore','sberesforeof@discovery.com',5091891817),
('CS1223','Darbee','Caras','dcarasog@domainmarket.com',1287903070),
('CS1224','Alasdair','Sennett','asennettoh@state.gov',2352332846),
('CS1225','Ted','Whelan','twhelanoi@yelp.com',5147578908),
('CS1226','Kev','Gother','kgotheroj@boston.com',8983041050),
('CS1227','Aggie','Ingham','ainghamok@latimes.com',8269213298),
('CS1228','Aguste','Lockie','alockieol@sourceforge.net',5869069189),
('CS1229','Hollis','Korejs','hkorejsom@bluehost.com',1937923537),
('CS1230','Alethea','Holah','aholahon@bing.com',5334565013),
('CS1231','Arel','Roos','aroosoo@tinypic.com',7188934220),
('CS1232','Toinette','Lutton','tluttonop@home.pl',2497104693),
('CS1233','Gilburt','Pauwel','gpauweloq@comcast.net',8674755203),
('CS1234','Carolin','Chave','cchaveor@msu.edu',8129688945),
('CS1235','Erena','Weagener','eweageneros@vkontakte.ru',1824070174),
('CS1236','Sunshine','Izkovitch','sizkovitchot@va.gov',1787194964),
('CS1237','Vittorio','Abthorpe','vabthorpeou@cnbc.com',7038306042),
('CS1238','Elisabeth','Ireland','eirelandov@businessinsider.com',7588218458),
('CS1239','Nevin','Bozworth','nbozworthow@yellowpages.com',2299186666),
('CS1240','Corbet','Le Noury','clenouryox@virginia.edu',5959952602),
('CS1241','Wheeler','Bear','wbearoy@scientificamerican.com',9264457180),
('CS1242','Concordia','Delong','cdelongoz@parallels.com',6346227511),
('CS1243','Fransisco','Shearmur','fshearmurp0@army.mil',7736902479),
('CS1244','Gibb','Goter','ggoterp1@buzzfeed.com',8319904667),
('CS1245','Marga','Laste','mlastep2@newyorker.com',9743799933),
('CS1246','Orin','Cudihy','ocudihyp3@tripod.com',8941208896),
('CS1247','Eveleen','d''Arcy','edarcyp4@ucla.edu',2378374411),
('CS1248','Borg','Eggleson','begglesonp5@google.com.br',8098744192),
('CS1249','Arluene','Pirt','apirtp6@pen.io',1726590750),
('CS1250','Clarinda','Craney','ccraneyp7@istockphoto.com',5425959335),
('CS1251','Celie','Doiley','cdoileyp8@hibu.com',7898418504),
('CS1252','Gabriella','Himsworth','ghimsworthp9@smugmug.com',3281713333),
('CS1253','Farah','Defont','fdefontpa@ft.com',2867104975),
('CS1254','Trudie','Morley','tmorleypb@stanford.edu',7355277192),
('CS1255','Paola','Moggie','pmoggiepc@eventbrite.com',9233156449),
('CS1256','Irwinn','Dogerty','idogertypd@meetup.com',4754041393),
('CS1257','Udale','Storrar','ustorrarpe@oaic.gov.au',8949495155),
('CS1258','Nerty','Albinson','nalbinsonpf@blog.com',2843355923),
('CS1259','Christal','Hubbucks','chubbuckspg@columbia.edu',7868084290),
('CS1260','Trefor','Youens','tyouensph@behance.net',1796584393),
('CS1261','Tuckie','Yukhin','tyukhinpi@addthis.com',1957480436),
('CS1262','Ely','Laurenz','elaurenzpj@infoseek.co.jp',3082846734),
('CS1263','Bennie','Addekin','baddekinpk@oaic.gov.au',6475809291),
('CS1264','Shina','Deeble','sdeeblepl@shutterfly.com',3232168471),
('CS1265','Caz','Latey','clateypm@symantec.com',9267470949),
('CS1266','Uta','Jamison','ujamisonpn@goodreads.com',4294324240),
('CS1267','Lewie','Siccombe','lsiccombepo@theguardian.com',9204571472),
('CS1268','Hayward','Udey','hudeypp@sohu.com',9718992757),
('CS1269','Lanie','Mawtus','lmawtuspq@bbc.co.uk',7025395217),
('CS1270','Eddi','Killick','ekillickpr@biblegateway.com',9991926749),
('CS1271','Christan','Dorie','cdorieps@hud.gov',9653870221),
('CS1272','Delcina','Ratnege','dratnegept@prnewswire.com',2782513102),
('CS1273','Sapphira','Paschke','spaschkepu@usgs.gov',4737294466),
('CS1274','Olenka','Getcliff','ogetcliffpv@mtv.com',8897053749),
('CS1275','Diane-marie','Heinssen','dheinssenpw@imageshack.us',6285799944),
('CS1276','Christin','Loton','clotonpx@timesonline.co.uk',8301725468),
('CS1277','Stephenie','Loncaster','sloncasterpy@paginegialle.it',2819535278),
('CS1278','Meris','Dawdry','mdawdrypz@nps.gov',4542346806),
('CS1279','Abie','Fieldhouse','afieldhouseq0@youtube.com',9077028890),
('CS1280','Morissa','Haselgrove','mhaselgroveq1@samsung.com',6501709081),
('CS1281','Emelia','Volage','evolageq2@over-blog.com',7772170430),
('CS1282','Katrina','Spinke','kspinkeq3@ihg.com',9472063667),
('CS1283','Hyacintha','Bowness','hbownessq4@bigcartel.com',1912702496),
('CS1284','Fitz','Gadman','fgadmanq5@marriott.com',3492436700),
('CS1285','Nappy','Sweet','nsweetq6@psu.edu',3368778579),
('CS1286','Scarlet','Foro','sforoq7@bing.com',9775523271),
('CS1287','Vanya','Millett','vmillettq8@people.com.cn',4287839681),
('CS1288','Harri','Ashlin','hashlinq9@alibaba.com',6841098584),
('CS1289','Ellery','Clynman','eclynmanqa@reuters.com',4489806996),
('CS1290','Gregoor','Dumberrill','gdumberrillqb@sina.com.cn',1089808896),
('CS1291','Theodore','Lithcow','tlithcowqc@sohu.com',8543167701),
('CS1292','Yasmeen','Dunlap','ydunlapqd@fc2.com',3905033971),
('CS1293','Elliott','Clementet','eclementetqe@soundcloud.com',9178694954),
('CS1294','Valentine','Pehrsson','vpehrssonqf@qq.com',4782651559),
('CS1295','Corbet','Bolstridge','cbolstridgeqg@ning.com',7192004536),
('CS1296','Derick','Askie','daskieqh@blog.com',4916245254),
('CS1297','Harwilll','Elvidge','helvidgeqi@geocities.jp',6085264794),
('CS1298','Dirk','Shallcrass','dshallcrassqj@marriott.com',3001600923),
('CS1299','Alaine','Chubb','achubbqk@nbcnews.com',8486509542),
('CS1300','Marge','Petrillo','mpetrilloql@myspace.com',3434393482),
('CS1301','Marshal','Allred','mallredqm@yolasite.com',7561922488),
('CS1302','Trueman','Brinkworth','tbrinkworthqn@chron.com',4628143346),
('CS1303','Frasco','Ambroix','fambroixqo@tmall.com',6296115935),
('CS1304','Becki','Franklyn','bfranklynqp@deviantart.com',9328392723),
('CS1305','Forest','Brasener','fbrasenerqq@miitbeian.gov.cn',8431783583),
('CS1306','Nealon','Roggers','nroggersqr@gmpg.org',5917488704),
('CS1307','Lynelle','Gianolo','lgianoloqs@indiatimes.com',5319984829),
('CS1308','Lucita','Boxall','lboxallqt@wordpress.com',6552325628),
('CS1309','Sanford','Dawidowitz','sdawidowitzqu@go.com',7703484847),
('CS1310','Rossie','Borne','rborneqv@economist.com',2347545125),
('CS1311','Brad','Temperton','btempertonqw@telegraph.co.uk',9961074591),
('CS1312','Karyl','Tortis','ktortisqx@home.pl',1744957608),
('CS1313','Lancelot','Schach','lschachqy@photobucket.com',7509295718),
('CS1314','Augy','Van Oord','avanoordqz@hud.gov',4657126494),
('CS1315','Morten','Gricewood','mgricewoodr0@e-recht24.de',8858766770),
('CS1316','Hally','Casiroli','hcasirolir1@slashdot.org',7416337448),
('CS1317','Sheree','Graddon','sgraddonr2@mlb.com',5352426736),
('CS1318','Guthry','Undy','gundyr3@princeton.edu',5312725854),
('CS1319','Annette','O''Spillane','aospillaner4@stanford.edu',7214399212),
('CS1320','Marika','MacTrustrie','mmactrustrier5@dropbox.com',7303046661),
('CS1321','Robbyn','Antrum','rantrumr6@angelfire.com',5741971245),
('CS1322','Dell','Matchell','dmatchellr7@admin.ch',4228111665),
('CS1323','Iain','Leavy','ileavyr8@example.com',2155969569),
('CS1324','Rosemonde','Fysh','rfyshr9@prweb.com',1897420320),
('CS1325','Emylee','Hancock','ehancockra@cbc.ca',4758575570),
('CS1326','Rosamond','Sket','rsketrb@hp.com',8252814985),
('CS1327','Morgun','Sillis','msillisrc@storify.com',8224996579),
('CS1328','Sinclair','Asel','saselrd@nyu.edu',7778314273),
('CS1329','Obie','MacCarroll','omaccarrollre@liveinternet.ru',3012638213),
('CS1330','Mechelle','Sysland','msyslandrf@imdb.com',9702418319),
('CS1331','Phil','Postgate','ppostgaterg@exblog.jp',4005537498),
('CS1332','Derry','Wildt','dwildtrh@qq.com',2816938764),
('CS1333','Catina','Mapledorum','cmapledorumri@squarespace.com',5209939516),
('CS1334','Welby','Bunton','wbuntonrj@list-manage.com',4298986162),
('CS1335','Alejandrina','Camoletto','acamolettork@go.com',9866194808),
('CS1336','Collette','Obern','cobernrl@bloglovin.com',1422404968),
('CS1337','Victoir','Aymer','vaymerrm@cnbc.com',6927797346),
('CS1338','Mavis','Pietruszka','mpietruszkarn@plala.or.jp',8755705914),
('CS1339','Amandie','Kaemena','akaemenaro@stumbleupon.com',9281319227),
('CS1340','Aloysius','Wayman','awaymanrp@sphinn.com',6098948753),
('CS1341','Doroteya','Rosier','drosierrq@facebook.com',7145306834),
('CS1342','Hugibert','Levett','hlevettrr@shop-pro.jp',5853720672);

INSERT INTO "order_history" VALUES
('B-25601',262,'PR000005','CS0016','ST0010',34),
('B-25602',732,'PR000383','CS0152','ST0011',43),
('B-25603',15,'PR000219','CS0132','ST0023',38),
('B-25604',958,'PR000220','CS0165','ST0057',37),
('B-25605',22,'PR000357','CS0006','ST0054',3),
('B-25606',49,'PR000201','CS0319','ST0010',10),
('B-25607',7,'PR000117','CS0343','ST0029',27),
('B-25608',907,'PR000075','CS0301','ST0022',20),
('B-25609',19,'PR000065','CS0214','ST0009',21),
('B-25610',115,'PR000120','CS0340','ST0007',38),
('B-25611',1706,'PR000373','CS0018','ST0031',26),
('B-25612',911,'PR000335','CS0154','ST0026',5),
('B-25613',16,'PR000116','CS0011','ST0037',8),
('B-25614',408,'PR000001','CS0010','ST0027',1),
('B-25615',69,'PR000358','CS0283','ST0019',8),
('B-25616',3,'PR000222','CS0312','ST0028',23),
('B-25617',666,'PR000082','CS0280','ST0013',40),
('B-25618',56,'PR000355','CS0007','ST0009',37),
('B-25619',9,'PR000359','CS0002','ST0055',14),
('B-25620',213,'PR000077','CS0163','ST0025',1),
('B-25621',23,'PR000384','CS0213','ST0018',22),
('B-25622',19,'PR000230','CS0314','ST0044',10),
('B-25623',60,'PR000371','CS0019','ST0036',14),
('B-25624',71,'PR000071','CS0285','ST0059',41),
('B-25625',1045,'PR000113','CS0202','ST0041',21),
('B-25626',12,'PR000093','CS0294','ST0011',10),
('B-25627',91,'PR000347','CS0317','ST0070',33),
('B-25628',3083,'PR000208','CS0169','ST0015',22),
('B-25629',10,'PR000356','CS0329','ST0007',3),
('B-25630',124,'PR000058','CS0311','ST0029',13),
('B-25631',3,'PR000089','CS0200','ST0065',13),
('B-25632',86,'PR000343','CS0156','ST0017',37),
('B-25633',7,'PR000119','CS0164','ST0073',45),
('B-25634',16,'PR000111','CS0335','ST0010',49),
('B-25635',29,'PR000100','CS0140','ST0060',36),
('B-25636',1098,'PR000099','CS0302','ST0008',33),
('B-25637',191,'PR000104','CS0316','ST0012',26),
('B-25638',113,'PR000348','CS0308','ST0043',7),
('B-25639',532,'PR000004','CS0307','ST0016',19),
('B-25640',212,'PR000063','CS0013','ST0056',16),
('B-25641',371,'PR000386','CS0020','ST0052',39),
('B-25642',147,'PR000379','CS0141','ST0067',7),
('B-25643',78,'PR000059','CS0143','ST0049',37),
('B-25644',96,'PR000112','CS0144','ST0059',4),
('B-25645',46,'PR000067','CS0322','ST0039',19),
('B-25646',17,'PR000210','CS0212','ST0007',20),
('B-25647',212,'PR000367','CS0134','ST0018',38),
('B-25648',45,'PR000390','CS0342','ST0047',42),
('B-25649',22,'PR000060','CS0293','ST0042',28),
('B-25650',38,'PR000346','CS0131','ST0030',3),
('B-25651',75,'PR000392','CS0205','ST0019',12),
('B-25652',6,'PR000351','CS0005','ST0058',36),
('B-25653',90,'PR000214','CS0146','ST0038',22),
('B-25654',15,'PR000228','CS0008','ST0047',15),
('B-25655',1030,'PR000105','CS0337','ST0041',22),
('B-25656',209,'PR000393','CS0287','ST0044',41),
('B-25657',32,'PR000106','CS0142','ST0054',21),
('B-25658',319,'PR000107','CS0327','ST0015',20),
('B-25659',15,'PR000224','CS0315','ST0014',13),
('B-25660',30,'PR000066','CS0159','ST0033',47),
('B-25661',48,'PR000064','CS0145','ST0045',49),
('B-25662',2,'PR000397','CS0168','ST0047',44),
('B-25663',14,'PR000114','CS0135','ST0044',35),
('B-25664',26,'PR000076','CS0149','ST0031',1),
('B-25665',147,'PR000350','CS0338','ST0065',2),
('B-25666',80,'PR000098','CS0001','ST0027',7),
('B-25667',213,'PR000094','CS0310','ST0011',20),
('B-25668',1113,'PR000340','CS0155','ST0014',32),
('B-25669',168,'PR000215','CS0130','ST0035',28),
('B-25670',76,'PR000339','CS0137','ST0057',2),
('B-25671',5,'PR000061','CS0296','ST0037',25),
('B-25672',19,'PR000225','CS0147','ST0034',43),
('B-25673',832,'PR000331','CS0161','ST0012',29),
('B-25674',97,'PR000385','CS0333','ST0073',10),
('B-25675',73,'PR000391','CS0304','ST0016',13),
('B-25676',1,'PR000223','CS0326','ST0040',47),
('B-25677',10,'PR000389','CS0341','ST0064',33),
('B-25678',27,'PR000229','CS0286','ST0014',16),
('B-25679',19,'PR000227','CS0318','ST0071',15),
('B-25680',208,'PR000226','CS0206','ST0069',18),
('B-25681',17,'PR000396','CS0325','ST0032',27),
('B-25682',15,'PR000378','CS0207','ST0056',1),
('B-25683',21,'PR000078','CS0166','ST0064',49),
('B-25684',201,'PR000369','CS0153','ST0038',35),
('B-25685',230,'PR000336','CS0282','ST0009',49),
('B-25686',302,'PR000118','CS0306','ST0063',47),
('B-25687',20,'PR000337','CS0339','ST0073',38),
('B-25688',6,'PR000372','CS0320','ST0061',5),
('B-25689',158,'PR000070','CS0295','ST0068',19),
('B-25690',20,'PR000095','CS0330','ST0037',3),
('B-25691',74,'PR000068','CS0309','ST0072',15),
('B-25692',6,'PR000352','CS0331','ST0070',35),
('B-25693',13,'PR000211','CS0009','ST0054',13),
('B-25694',53,'PR000353','CS0313','ST0049',11),
('B-25695',33,'PR000354','CS0004','ST0015',12),
('B-25696',6,'PR000007','CS0321','ST0021',9),
('B-25697',97,'PR000057','CS0211','ST0051',36),
('B-25698',51,'PR000366','CS0167','ST0013',26),
('B-25699',78,'PR000376','CS0012','ST0040',23),
('B-25700',65,'PR000382','CS0298','ST0053',22),
('B-25701',96,'PR000080','CS0203','ST0008',49),
('B-25702',2,'PR000368','CS0323','ST0017',31),
('B-25703',24,'PR000097','CS0284','ST0034',42),
('B-25704',239,'PR000374','CS0291','ST0010',6),
('B-25705',102,'PR000213','CS0138','ST0053',43),
('B-25706',37,'PR000084','CS0003','ST0066',11),
('B-25707',74,'PR000370','CS0162','ST0059',18),
('B-25708',28,'PR000381','CS0014','ST0007',17),
('B-25709',3,'PR000360','CS0209','ST0006',1),
('B-25710',340,'PR000212','CS0292','ST0022',41),
('B-25711',42,'PR000342','CS0305','ST0071',30),
('B-25712',76,'PR000002','CS0328','ST0050',48),
('B-25713',27,'PR000377','CS0136','ST0024',38),
('B-25714',40,'PR000394','CS0017','ST0027',40),
('B-25715',178,'PR000217','CS0208','ST0043',14),
('B-25716',16,'PR000341','CS0133','ST0036',21),
('B-25717',99,'PR000218','CS0289','ST0052',34),
('B-25718',136,'PR000102','CS0139','ST0046',25),
('B-25719',3992,'PR000072','CS0324','ST0023',7),
('B-25720',276,'PR000083','CS0148','ST0024',13),
('B-25721',360,'PR000079','CS0015','ST0035',38),
('B-25722',44,'PR000206','CS0336','ST0043',24),
('B-25723',7,'PR000380','CS0334','ST0025',40),
('B-25724',252,'PR000090','CS0210','ST0069',28),
('B-25725',100,'PR000338','CS0281','ST0060',8),
('B-25726',16,'PR000203','CS0300','ST0008',4),
('B-25727',291,'PR000091','CS0297','ST0008',20),
('B-25728',54,'PR000087','CS0150','ST0021',27),
('B-25729',787,'PR000069','CS0158','ST0034',34),
('B-25730',100,'PR000399','CS0204','ST0040',8),
('B-25731',38,'PR000365','CS0290','ST0020',46),
('B-25732',83,'PR000395','CS0303','ST0029',29),
('B-25733',21,'PR000204','CS0151','ST0030',28),
('B-25734',5,'PR000388','CS0201','ST0058',18),
('B-25735',5,'PR000096','CS0160','ST0051',48),
('B-25736',960,'PR000202','CS0299','ST0045',33),
('B-25737',14,'PR000332','CS0170','ST0063',48),
('B-25738',8,'PR000086','CS0332','ST0012',32),
('B-25739',698,'PR000344','CS0157','ST0014',18),
('B-25740',5,'PR000108','CS0288','ST0068',4),
('B-25741',18,'PR000062','CS0173','ST0028',46),
('B-25742',510,'PR000255','CS0233','ST0067',37),
('B-25743',31,'PR000254','CS0239','ST0061',33),
('B-25744',72,'PR000256','CS0266','ST0020',42),
('B-25745',89,'PR000064','CS0175','ST0067',17),
('B-25746',48,'PR000081','CS0238','ST0024',44),
('B-25747',8,'PR000264','CS0222','ST0006',26),
('B-25748',25,'PR000057','CS0259','ST0042',46),
('B-25749',13,'PR000269','CS0228','ST0016',10),
('B-25750',7,'PR000065','CS0249','ST0048',33),
('B-25751',25,'PR000074','CS0182','ST0035',26),
('B-25752',3,'PR000099','CS0256','ST0032',21),
('B-25753',49,'PR000257','CS0171','ST0066',36),
('B-25754',4355,'PR000068','CS0230','ST0032',8),
('B-25755',389,'PR000082','CS0172','ST0011',46),
('B-25756',8,'PR000078','CS0273','ST0049',14),
('B-25757',17,'PR000258','CS0241','ST0023',39),
('B-25758',34,'PR000077','CS0224','ST0013',16),
('B-25759',36,'PR000086','CS0254','ST0009',11),
('B-25760',648,'PR000080','CS0179','ST0017',41),
('B-25761',21,'PR000060','CS0240','ST0031',30),
('B-25762',21,'PR000058','CS0220','ST0021',12),
('B-25763',489,'PR000097','CS0183','ST0033',25),
('B-25764',6,'PR000088','CS0232','ST0062',3),
('B-25765',47,'PR000061','CS0267','ST0062',47),
('B-25766',212,'PR000096','CS0253','ST0006',42),
('B-25767',23,'PR000063','CS0272','ST0012',38),
('B-25768',7,'PR000092','CS0261','ST0060',45),
('B-25769',105,'PR000050','CS0270','ST0065',12),
('B-25770',1044,'PR000073','CS0226','ST0042',30),
('B-25771',26,'PR000069','CS0221','ST0052',32),
('B-25772',53,'PR000270','CS0264','ST0019',2),
('B-25773',8,'PR000072','CS0263','ST0072',46),
('B-25774',1024,'PR000084','CS0265','ST0050',22),
('B-25775',9,'PR000095','CS0262','ST0038',3),
('B-25776',479,'PR000252','CS0257','ST0030',1),
('B-25777',99,'PR000083','CS0176','ST0026',6),
('B-25778',1488,'PR000251','CS0278','ST0048',45),
('B-25779',9,'PR000085','CS0252','ST0046',30),
('B-25780',24,'PR000266','CS0234','ST0058',44),
('B-25781',12,'PR000055','CS0246','ST0039',35),
('B-25782',51,'PR000098','CS0271','ST0072',14),
('B-25783',50,'PR000056','CS0227','ST0068',11),
('B-25784',42,'PR000093','CS0248','ST0071',8),
('B-25785',375,'PR000259','CS0236','ST0069',24),
('B-25786',84,'PR000261','CS0251','ST0018',3),
('B-25787',482,'PR000075','CS0279','ST0061',32),
('B-25788',3,'PR000054','CS0268','ST0055',4),
('B-25789',3,'PR000089','CS0276','ST0066',14),
('B-25790',23,'PR000051','CS0231','ST0056',50),
('B-25791',40,'PR000094','CS0223','ST0070',14),
('B-25792',246,'PR000265','CS0247','ST0057',14),
('B-25793',1800,'PR000067','CS0235','ST0033',19),
('B-25794',12,'PR000260','CS0245','ST0055',18),
('B-25795',76,'PR000066','CS0181','ST0026',2),
('B-25796',50,'PR000091','CS0274','ST0006',8),
('B-25797',13,'PR000268','CS0177','ST0046',36),
('B-25798',70,'PR000053','CS0242','ST0051',13),
('B-25799',36,'PR000052','CS0174','ST0048',20),
('B-25800',2396,'PR000267','CS0269','ST0062',28),
('B-25801',131,'PR000071','CS0180','ST0045',50),
('B-25802',58,'PR000090','CS0250','ST0036',32),
('B-25803',10,'PR000262','CS0229','ST0062',2),
('B-25804',39,'PR000070','CS0260','ST0064',13),
('B-25805',36,'PR000250','CS0237','ST0041',23),
('B-25806',180,'PR000271','CS0258','ST0020',32),
('B-25807',1200,'PR000253','CS0244','ST0050',36),
('B-25808',27,'PR000263','CS0255','ST0053',6),
('B-25809',1004,'PR000076','CS0225','ST0013',19),
('B-25810',10,'PR000087','CS0277','ST0025',33),
('B-25811',28,'PR000272','CS0275','ST0022',1),
('B-25812',56,'PR000079','CS0243','ST0028',13),
('B-25813',1337,'PR000059','CS0178','ST0063',26);

INSERT INTO "review" VALUES
('RW0001','PR000005','CS0016',2),
('RW0002','PR000383','CS0152',4),
('RW0003','PR000219','CS0132',5),
('RW0004','PR000220','CS0165',2),
('RW0005','PR000357','CS0006',1),
('RW0006','PR000201','CS0319',5),
('RW0007','PR000117','CS0343',5),
('RW0008','PR000075','CS0301',5),
('RW0009','PR000065','CS0214',5),
('RW0010','PR000120','CS0340',5),
('RW0011','PR000373','CS0018',2),
('RW0012','PR000335','CS0154',3),
('RW0013','PR000116','CS0011',2),
('RW0014','PR000001','CS0010',2),
('RW0015','PR000358','CS0283',5),
('RW0016','PR000222','CS0312',2),
('RW0017','PR000082','CS0280',2),
('RW0018','PR000355','CS0007',5),
('RW0019','PR000359','CS0002',3),
('RW0020','PR000077','CS0163',5),
('RW0021','PR000384','CS0213',5),
('RW0022','PR000230','CS0314',2),
('RW0023','PR000371','CS0019',3),
('RW0024','PR000071','CS0285',5),
('RW0025','PR000113','CS0202',3),
('RW0026','PR000093','CS0294',2),
('RW0027','PR000347','CS0317',1),
('RW0028','PR000208','CS0169',1),
('RW0029','PR000356','CS0329',1),
('RW0030','PR000058','CS0311',1),
('RW0031','PR000089','CS0200',3),
('RW0032','PR000343','CS0156',5),
('RW0033','PR000119','CS0164',2),
('RW0034','PR000111','CS0335',3),
('RW0035','PR000100','CS0140',4),
('RW0036','PR000099','CS0302',4),
('RW0037','PR000104','CS0316',3),
('RW0038','PR000348','CS0308',3),
('RW0039','PR000004','CS0307',2),
('RW0040','PR000063','CS0013',3),
('RW0041','PR000386','CS0020',4),
('RW0042','PR000379','CS0141',4),
('RW0043','PR000059','CS0143',5),
('RW0044','PR000112','CS0144',1),
('RW0045','PR000067','CS0322',1),
('RW0046','PR000210','CS0212',2),
('RW0047','PR000367','CS0134',5),
('RW0048','PR000390','CS0342',1),
('RW0049','PR000060','CS0293',1),
('RW0050','PR000346','CS0131',5),
('RW0051','PR000392','CS0205',3),
('RW0052','PR000351','CS0005',1),
('RW0053','PR000214','CS0146',1),
('RW0054','PR000228','CS0008',5),
('RW0055','PR000105','CS0337',2),
('RW0056','PR000393','CS0287',1),
('RW0057','PR000106','CS0142',2),
('RW0058','PR000107','CS0327',4),
('RW0059','PR000224','CS0315',3),
('RW0060','PR000066','CS0159',5),
('RW0061','PR000064','CS0145',4),
('RW0062','PR000397','CS0168',1),
('RW0063','PR000114','CS0135',2),
('RW0064','PR000076','CS0149',4),
('RW0065','PR000350','CS0338',5),
('RW0066','PR000098','CS0001',1),
('RW0067','PR000094','CS0310',5),
('RW0068','PR000340','CS0155',4),
('RW0069','PR000215','CS0130',1),
('RW0070','PR000339','CS0137',2),
('RW0071','PR000061','CS0296',4),
('RW0072','PR000225','CS0147',4),
('RW0073','PR000331','CS0161',3),
('RW0074','PR000385','CS0333',1),
('RW0075','PR000391','CS0304',2),
('RW0076','PR000223','CS0326',2),
('RW0077','PR000389','CS0341',1),
('RW0078','PR000229','CS0286',3),
('RW0079','PR000227','CS0318',4),
('RW0080','PR000226','CS0206',4),
('RW0081','PR000396','CS0325',4),
('RW0082','PR000378','CS0207',2),
('RW0083','PR000078','CS0166',3),
('RW0084','PR000369','CS0153',4),
('RW0085','PR000336','CS0282',3),
('RW0086','PR000118','CS0306',1),
('RW0087','PR000337','CS0339',5),
('RW0088','PR000372','CS0320',4),
('RW0089','PR000070','CS0295',2),
('RW0090','PR000095','CS0330',1),
('RW0091','PR000068','CS0309',2),
('RW0092','PR000352','CS0331',4),
('RW0093','PR000211','CS0009',2),
('RW0094','PR000353','CS0313',3),
('RW0095','PR000354','CS0004',5),
('RW0096','PR000007','CS0321',3),
('RW0097','PR000057','CS0211',1),
('RW0098','PR000366','CS0167',3),
('RW0099','PR000376','CS0012',3),
('RW0100','PR000382','CS0298',2),
('RW0101','PR000080','CS0203',5),
('RW0102','PR000368','CS0323',5),
('RW0103','PR000097','CS0284',4),
('RW0104','PR000374','CS0291',5),
('RW0105','PR000213','CS0138',5),
('RW0106','PR000084','CS0003',1),
('RW0107','PR000370','CS0162',1),
('RW0108','PR000381','CS0014',3),
('RW0109','PR000360','CS0209',2),
('RW0110','PR000212','CS0292',4),
('RW0111','PR000342','CS0305',4),
('RW0112','PR000002','CS0328',1),
('RW0113','PR000377','CS0136',2),
('RW0114','PR000394','CS0017',3),
('RW0115','PR000217','CS0208',4),
('RW0116','PR000341','CS0133',2),
('RW0117','PR000218','CS0289',5),
('RW0118','PR000102','CS0139',4),
('RW0119','PR000072','CS0324',4),
('RW0120','PR000083','CS0148',2),
('RW0121','PR000079','CS0015',5),
('RW0122','PR000206','CS0336',4),
('RW0123','PR000380','CS0334',3),
('RW0124','PR000090','CS0210',3),
('RW0125','PR000338','CS0281',4),
('RW0126','PR000203','CS0300',1),
('RW0127','PR000091','CS0297',1),
('RW0128','PR000087','CS0150',1),
('RW0129','PR000069','CS0158',4),
('RW0130','PR000399','CS0204',5),
('RW0131','PR000365','CS0290',1),
('RW0132','PR000395','CS0303',1),
('RW0133','PR000204','CS0151',5),
('RW0134','PR000388','CS0201',2),
('RW0135','PR000096','CS0160',3),
('RW0136','PR000202','CS0299',4),
('RW0137','PR000332','CS0170',3),
('RW0138','PR000086','CS0332',1),
('RW0139','PR000344','CS0157',4),
('RW0140','PR000108','CS0288',5);

INSERT INTO "supplier_info" VALUES
('SP0001','Blythe','Kreisel','Blythe.Kreisel@schoo.edu','4847806466'),
('SP0002','Jani','Bittle','Jani.Bittle@schoo.edu','4847806465'),
('SP0003','Awilda','Betterton','Awilda.Betterton@schoo.edu','6697806427'),
('SP0004','Tomiko','Mccausland','Tomiko.Mccausland@schoo.edu','2857806439'),
('SP0005','Lucas','Jelks','Lucas.Jelks@schoo.edu','4847806469'),
('SP0006','Basil','Bates','Basil.Bates@schoo.edu','6697806425'),
('SP0007','Kristy','Webber','Kristy.Webber@schoo.edu','4847806451'),
('SP0008','Daisey','Staller','Daisey.Staller@schoo.edu','4847806452'),
('SP0009','Elane','Chamberlain','Elane.Chamberlain@schoo.edu','6697806428'),
('SP0010','Mira','Holen','Mira.Holen@schoo.edu','2857806441'),
('SP0011','Ernie','Hgehrke','Ernie.Hgehrke@schoo.edu','4847806461'),
('SP0012','Arron','Valente','Arron.Valente@schoo.edu','2857806437'),
('SP0013','Catherina','Newbill','Catherina.Newbill@schoo.edu','4847806447'),
('SP0014','Winnie','Wingert','Winnie.Wingert@schoo.edu','5757806432'),
('SP0015','Vena','Conforti','Vena.Conforti@schoo.edu','4847806444'),
('SP0016','Tyrone','Neuhaus','Tyrone.Neuhaus@schoo.edu','2857806438'),
('SP0017','Elinore','Kling','Elinore.Kling@schoo.edu','4847806463'),
('SP0018','Pansy','Bellinger','Pansy.Bellinger@schoo.edu','6697806421'),
('SP0019','Maude','Leisinger','Maude.Leisinger@schoo.edu','4847806456'),
('SP0020','Myrtie','Keplinger','Myrtie.Keplinger@schoo.edu','4847806462'),
('SP0021','Jerald','Woodman','Jerald.Woodman@schoo.edu','4847806445'),
('SP0022','Krysta','Mcmurty','Krysta.Mcmurty@schoo.edu','4847806460'),
('SP0023','Morgan','Tookers','Morgan.Tookers@schoo.edu','2857806436'),
('SP0024','Dewitt','Swanigan','Dewitt.Swanigan@schoo.edu','4847806464'),
('SP0025','Nan','Best','Nan.Best@schoo.edu','4847806443'),
('SP0026','Suzanna','Okelley','Suzanna.Okelley@schoo.edu','2857806435'),
('SP0027','Eartha','Baer','Eartha.Baer@schoo.edu','4847806446'),
('SP0028','Jonathon','Longoria','Jonathon.Longoria@schoo.edu','4847806459'),
('SP0029','Lona','Acklin','Lona.Acklin@schoo.edu','4847806448'),
('SP0030','Agueda','Lyman','Agueda.Lyman@schoo.edu','6697806426'),
('SP0031','Marylynn','Nyland','Marylynn.Nyland@schoo.edu','5757806430'),
('SP0032','Efren','Murakami','Efren.Murakami@schoo.edu','4847806467'),
('SP0033','Eric','Massingill','Eric.Massingill@schoo.edu','5757806429'),
('SP0034','Madison','Johansson','Madison.Johansson@schoo.edu','4847806454'),
('SP0035','Janette','Paredez','Janette.Paredez@schoo.edu','4847806450'),
('SP0036','Shawn','Baskerville','Shawn.Baskerville@schoo.edu','6697806423'),
('SP0037','Carola','Toone','Carola.Toone@schoo.edu','2857806434'),
('SP0038','Eldridge','Manso','Eldridge.Manso@schoo.edu','4847806442'),
('SP0039','Shawnna','Corker','Shawnna.Corker@schoo.edu','4847806457'),
('SP0040','Hiedi','Slape','Hiedi.Slape@schoo.edu','6697806424'),
('SP0041','Ellena','Crooms','Ellena.Crooms@schoo.edu','4847806449'),
('SP0042','Analisa','Mccusker','Analisa.Mccusker@schoo.edu','4847806455'),
('SP0043','Gregory','Mccrystal','Gregory.Mccrystal@schoo.edu','5757806431'),
('SP0044','Lajuana','Calixte','Lajuana.Calixte@schoo.edu','6697806422'),
('SP0045','Brook','Hallenbeck','Brook.Hallenbeck@schoo.edu','5757806433'),
('SP0046','Dorthy','Diederich','Dorthy.Diederich@schoo.edu','2857806440'),
('SP0047','Simona','Thrailkill','Simona.Thrailkill@schoo.edu','4847806458'),
('SP0048','Delta','Howse','Delta.Howse@schoo.edu','4847806468'),
('SP0049','Helaine','Sarles','Helaine.Sarles@schoo.edu','4847806453');

INSERT INTO "cart" VALUES
('CR0001','PR000081','CS0143',4),
('CR0002','PR000193','CS0083',20),
('CR0003','PR000196','CS0002',39),
('CR0004','PR000187','CS0006',24),
('CR0005','PR000087','CS0337',21),
('CR0006','PR000181','CS0081',16),
('CR0007','PR000200','CS0335',38),
('CR0008','PR000082','CS0342',39),
('CR0009','PR000090','CS0088',4),
('CR0010','PR000197','CS0336',12),
('CR0011','PR000205','CS0146',23),
('CR0012','PR000202','CS0090',5),
('CR0013','PR000180','CS0148',11),
('CR0014','PR000198','CS0001',4),
('CR0015','PR000084','CS0005',50),
('CR0016','PR000089','CS0084',24),
('CR0017','PR000186','CS0082',22),
('CR0018','PR000201','CS0092',13),
('CR0019','PR000188','CS0086',14),
('CR0020','PR000204','CS0003',11),
('CR0021','PR000203','CS0147',10),
('CR0022','PR000189','CS0339',15),
('CR0023','PR000191','CS0093',2),
('CR0024','PR000199','CS0150',8),
('CR0025','PR000195','CS0145',21),
('CR0026','PR000184','CS0085',18),
('CR0027','PR000190','CS0091',50),
('CR0028','PR000085','CS0340',40),
('CR0029','PR000086','CS0341',35),
('CR0030','PR000192','CS0338',10),
('CR0031','PR000182','CS0004',22),
('CR0032','PR000185','CS0087',25),
('CR0033','PR000194','CS0144',18),
('CR0034','PR000183','CS0343',32),
('CR0035','PR000088','CS0149',28),
('CR0036','PR000083','CS0089',22);

INSERT INTO "supplier_product" VALUES
('SP0035','PR000001'),
('SP0045','PR000002'),
('SP0007','PR000003'),
('SP0014','PR000004'),
('SP0001','PR000005'),
('SP0033','PR000006'),
('SP0027','PR000007'),
('SP0002','PR000008'),
('SP0007','PR000009'),
('SP0016','PR000010'),
('SP0030','PR000011'),
('SP0028','PR000012'),
('SP0027','PR000013'),
('SP0010','PR000014'),
('SP0048','PR000015'),
('SP0025','PR000016'),
('SP0003','PR000017'),
('SP0030','PR000018'),
('SP0020','PR000019'),
('SP0004','PR000020'),
('SP0002','PR000021'),
('SP0049','PR000022'),
('SP0011','PR000023'),
('SP0034','PR000024'),
('SP0016','PR000025'),
('SP0026','PR000026'),
('SP0014','PR000027'),
('SP0034','PR000028'),
('SP0044','PR000029'),
('SP0013','PR000030'),
('SP0032','PR000031'),
('SP0017','PR000032'),
('SP0047','PR000033'),
('SP0010','PR000034'),
('SP0045','PR000035'),
('SP0017','PR000036'),
('SP0046','PR000037'),
('SP0031','PR000038'),
('SP0026','PR000039'),
('SP0043','PR000040'),
('SP0019','PR000041'),
('SP0036','PR000042'),
('SP0005','PR000043'),
('SP0031','PR000044'),
('SP0006','PR000045'),
('SP0035','PR000046'),
('SP0032','PR000047'),
('SP0040','PR000048'),
('SP0025','PR000049'),
('SP0028','PR000050'),
('SP0004','PR000051'),
('SP0006','PR000052'),
('SP0009','PR000053'),
('SP0017','PR000054'),
('SP0042','PR000055'),
('SP0039','PR000056'),
('SP0002','PR000057'),
('SP0038','PR000058'),
('SP0021','PR000059'),
('SP0036','PR000060'),
('SP0006','PR000061'),
('SP0034','PR000062'),
('SP0020','PR000063'),
('SP0039','PR000064'),
('SP0037','PR000065'),
('SP0026','PR000066'),
('SP0001','PR000067'),
('SP0036','PR000068'),
('SP0042','PR000069'),
('SP0024','PR000070'),
('SP0043','PR000071'),
('SP0021','PR000072'),
('SP0006','PR000073'),
('SP0022','PR000074'),
('SP0034','PR000075'),
('SP0010','PR000076'),
('SP0044','PR000077'),
('SP0003','PR000078'),
('SP0020','PR000079'),
('SP0016','PR000080'),
('SP0018','PR000081'),
('SP0020','PR000082'),
('SP0009','PR000083'),
('SP0004','PR000084'),
('SP0023','PR000085'),
('SP0003','PR000086'),
('SP0006','PR000087'),
('SP0015','PR000088'),
('SP0025','PR000089'),
('SP0036','PR000090'),
('SP0022','PR000091'),
('SP0024','PR000092'),
('SP0021','PR000093'),
('SP0046','PR000094'),
('SP0029','PR000095'),
('SP0014','PR000096'),
('SP0037','PR000097'),
('SP0037','PR000098'),
('SP0031','PR000099'),
('SP0013','PR000100'),
('SP0023','PR000101'),
('SP0007','PR000102'),
('SP0007','PR000103'),
('SP0013','PR000104'),
('SP0026','PR000105'),
('SP0025','PR000106'),
('SP0046','PR000107'),
('SP0030','PR000108'),
('SP0034','PR000109'),
('SP0043','PR000110'),
('SP0038','PR000111'),
('SP0032','PR000112'),
('SP0016','PR000113'),
('SP0029','PR000114'),
('SP0044','PR000115'),
('SP0001','PR000116'),
('SP0031','PR000117'),
('SP0048','PR000118'),
('SP0019','PR000119'),
('SP0023','PR000120'),
('SP0004','PR000121'),
('SP0012','PR000122'),
('SP0013','PR000123'),
('SP0024','PR000124'),
('SP0013','PR000125'),
('SP0022','PR000126'),
('SP0002','PR000127'),
('SP0011','PR000128'),
('SP0026','PR000129'),
('SP0037','PR000130'),
('SP0020','PR000131'),
('SP0001','PR000132'),
('SP0045','PR000133'),
('SP0033','PR000134'),
('SP0043','PR000135'),
('SP0009','PR000136'),
('SP0025','PR000137'),
('SP0037','PR000138'),
('SP0027','PR000139'),
('SP0020','PR000140'),
('SP0046','PR000141'),
('SP0049','PR000142'),
('SP0015','PR000143'),
('SP0018','PR000144'),
('SP0038','PR000145'),
('SP0019','PR000146'),
('SP0029','PR000147'),
('SP0030','PR000148'),
('SP0025','PR000149'),
('SP0045','PR000150'),
('SP0003','PR000151'),
('SP0027','PR000152'),
('SP0048','PR000153'),
('SP0004','PR000154'),
('SP0005','PR000155'),
('SP0045','PR000156'),
('SP0032','PR000157'),
('SP0002','PR000158'),
('SP0047','PR000159'),
('SP0008','PR000160'),
('SP0001','PR000161'),
('SP0010','PR000162'),
('SP0023','PR000163'),
('SP0014','PR000164'),
('SP0001','PR000165'),
('SP0041','PR000166'),
('SP0011','PR000167'),
('SP0003','PR000168'),
('SP0020','PR000169'),
('SP0018','PR000170'),
('SP0039','PR000171'),
('SP0002','PR000172'),
('SP0047','PR000173'),
('SP0015','PR000174'),
('SP0048','PR000175'),
('SP0013','PR000176'),
('SP0010','PR000177'),
('SP0017','PR000178'),
('SP0036','PR000179'),
('SP0008','PR000180'),
('SP0041','PR000181'),
('SP0039','PR000182'),
('SP0038','PR000183'),
('SP0024','PR000184'),
('SP0038','PR000185'),
('SP0041','PR000186'),
('SP0004','PR000187'),
('SP0049','PR000188'),
('SP0048','PR000189'),
('SP0015','PR000190'),
('SP0010','PR000191'),
('SP0044','PR000192'),
('SP0008','PR000193'),
('SP0003','PR000194'),
('SP0003','PR000195'),
('SP0041','PR000196'),
('SP0031','PR000197'),
('SP0028','PR000198'),
('SP0008','PR000199'),
('SP0008','PR000200'),
('SP0030','PR000201'),
('SP0008','PR000202'),
('SP0003','PR000203'),
('SP0032','PR000204'),
('SP0033','PR000205'),
('SP0022','PR000206'),
('SP0029','PR000207'),
('SP0029','PR000208'),
('SP0014','PR000209'),
('SP0023','PR000210'),
('SP0019','PR000211'),
('SP0040','PR000212'),
('SP0043','PR000213'),
('SP0027','PR000214'),
('SP0018','PR000215'),
('SP0029','PR000216'),
('SP0015','PR000217'),
('SP0005','PR000218'),
('SP0009','PR000219'),
('SP0004','PR000220'),
('SP0007','PR000221'),
('SP0021','PR000222'),
('SP0049','PR000223'),
('SP0031','PR000224'),
('SP0016','PR000225'),
('SP0049','PR000226'),
('SP0023','PR000227'),
('SP0047','PR000228'),
('SP0041','PR000229'),
('SP0045','PR000230'),
('SP0033','PR000231'),
('SP0033','PR000232'),
('SP0022','PR000233'),
('SP0038','PR000234'),
('SP0001','PR000235'),
('SP0017','PR000236'),
('SP0039','PR000237'),
('SP0016','PR000238'),
('SP0029','PR000239'),
('SP0042','PR000240'),
('SP0014','PR000241'),
('SP0009','PR000242'),
('SP0027','PR000243'),
('SP0043','PR000244'),
('SP0038','PR000245'),
('SP0012','PR000246'),
('SP0035','PR000247'),
('SP0021','PR000248'),
('SP0017','PR000249'),
('SP0044','PR000250'),
('SP0023','PR000251'),
('SP0018','PR000252'),
('SP0012','PR000253'),
('SP0039','PR000254'),
('SP0034','PR000255'),
('SP0040','PR000256'),
('SP0010','PR000257'),
('SP0005','PR000258'),
('SP0014','PR000259'),
('SP0045','PR000260'),
('SP0028','PR000261'),
('SP0020','PR000262'),
('SP0025','PR000263'),
('SP0007','PR000264'),
('SP0030','PR000265'),
('SP0048','PR000266'),
('SP0005','PR000267'),
('SP0025','PR000268'),
('SP0005','PR000269'),
('SP0028','PR000270'),
('SP0031','PR000271'),
('SP0024','PR000272'),
('SP0033','PR000273'),
('SP0031','PR000274'),
('SP0014','PR000275'),
('SP0033','PR000276'),
('SP0037','PR000277'),
('SP0003','PR000278'),
('SP0035','PR000279'),
('SP0001','PR000280'),
('SP0048','PR000281'),
('SP0039','PR000282'),
('SP0035','PR000283'),
('SP0030','PR000284'),
('SP0012','PR000285'),
('SP0040','PR000286'),
('SP0017','PR000287'),
('SP0046','PR000288'),
('SP0005','PR000289'),
('SP0002','PR000290'),
('SP0040','PR000291'),
('SP0015','PR000292'),
('SP0005','PR000293'),
('SP0047','PR000294'),
('SP0030','PR000295'),
('SP0026','PR000296'),
('SP0040','PR000297'),
('SP0028','PR000298'),
('SP0036','PR000299'),
('SP0002','PR000300'),
('SP0046','PR000301'),
('SP0035','PR000302'),
('SP0026','PR000303'),
('SP0019','PR000304'),
('SP0015','PR000305'),
('SP0001','PR000306'),
('SP0007','PR000307'),
('SP0004','PR000308'),
('SP0035','PR000309'),
('SP0044','PR000310'),
('SP0011','PR000311'),
('SP0047','PR000312'),
('SP0007','PR000313'),
('SP0012','PR000314'),
('SP0045','PR000315'),
('SP0018','PR000316'),
('SP0033','PR000317'),
('SP0039','PR000318'),
('SP0042','PR000319'),
('SP0011','PR000320'),
('SP0041','PR000321'),
('SP0018','PR000322'),
('SP0047','PR000323'),
('SP0024','PR000324'),
('SP0021','PR000325'),
('SP0022','PR000326'),
('SP0043','PR000327'),
('SP0015','PR000328'),
('SP0011','PR000329'),
('SP0036','PR000330'),
('SP0047','PR000331'),
('SP0017','PR000332'),
('SP0009','PR000333'),
('SP0042','PR000334'),
('SP0012','PR000335'),
('SP0042','PR000336'),
('SP0049','PR000337'),
('SP0008','PR000338'),
('SP0034','PR000339'),
('SP0002','PR000340'),
('SP0044','PR000341'),
('SP0013','PR000342'),
('SP0022','PR000343'),
('SP0044','PR000344'),
('SP0007','PR000345'),
('SP0006','PR000346'),
('SP0006','PR000347'),
('SP0048','PR000348'),
('SP0022','PR000349'),
('SP0046','PR000350'),
('SP0040','PR000351'),
('SP0009','PR000352'),
('SP0032','PR000353'),
('SP0042','PR000354'),
('SP0018','PR000355'),
('SP0019','PR000356'),
('SP0006','PR000357'),
('SP0032','PR000358'),
('SP0006','PR000359'),
('SP0038','PR000360'),
('SP0011','PR000361'),
('SP0010','PR000362'),
('SP0011','PR000363'),
('SP0034','PR000364'),
('SP0008','PR000365'),
('SP0012','PR000366'),
('SP0024','PR000367'),
('SP0005','PR000368'),
('SP0040','PR000369'),
('SP0021','PR000370'),
('SP0037','PR000371'),
('SP0023','PR000372'),
('SP0009','PR000373'),
('SP0029','PR000374'),
('SP0016','PR000375'),
('SP0019','PR000376'),
('SP0019','PR000377'),
('SP0043','PR000378'),
('SP0032','PR000379'),
('SP0041','PR000380'),
('SP0049','PR000381'),
('SP0042','PR000382'),
('SP0036','PR000383'),
('SP0027','PR000384'),
('SP0035','PR000385'),
('SP0021','PR000386'),
('SP0041','PR000387'),
('SP0024','PR000388'),
('SP0027','PR000389'),
('SP0028','PR000390'),
('SP0046','PR000391'),
('SP0012','PR000392'),
('SP0028','PR000393'),
('SP0016','PR000394'),
('SP0037','PR000395'),
('SP0013','PR000396'),
('SP0004','PR000397'),
('SP0026','PR000398'),
('SP0049','PR000399');


